"compound","location_set","radius_km","spec","margin","estimate","std.error","p.value","nobs","detect_rate","mrl_ug_l","sig","supports"
"PFBA","airport",5,"cov","detect",0.110839986360904,0.0338356397174521,0.00107335342311903,1894,0.290918690601901,0.00505,"***",TRUE
"PFBA","airport",5,"cov","intensive",0.350209328889516,0.0961419157486407,0.00029937988339334,551,0.290918690601901,0.00505,"***",TRUE
"PFBA","airport",5,"cov","tobit",0.563011272754201,0.114105085486281,8.05017678638394e-07,1894,0.290918690601901,0.00505,"***",TRUE
"PFBA","airport",5,"raw","detect",0.218622556293515,0.0342262389967622,2.08373653120979e-10,2032,0.281496062992126,0.00505,"***",TRUE
"PFBA","airport",5,"raw","intensive",0.803078440594577,0.105909933077088,1.38245555456183e-13,572,0.281496062992126,0.00505,"***",TRUE
"PFBA","airport",5,"raw","tobit",1.15486580093611,0.135136993260394,1.27550103856183e-17,2032,0.281496062992126,0.00505,"***",TRUE
"PFBA","airport",10,"cov","detect",0.0978250762748061,0.0160009458688361,1.18885239063963e-09,1894,0.290918690601901,0.00505,"***",TRUE
"PFBA","airport",10,"cov","intensive",0.178851891649019,0.0458044001626696,0.000107920384153553,551,0.290918690601901,0.00505,"***",TRUE
"PFBA","airport",10,"cov","tobit",0.376341077179364,0.0542045750879022,3.83924002178064e-12,1894,0.290918690601901,0.00505,"***",TRUE
"PFBA","airport",10,"raw","detect",0.169995501619836,0.0156542759174085,9.63054444578204e-27,2032,0.281496062992126,0.00505,"***",TRUE
"PFBA","airport",10,"raw","intensive",0.366710427624927,0.0499628862995876,7.41983278024295e-13,572,0.281496062992126,0.00505,"***",TRUE
"PFBA","airport",10,"raw","tobit",0.766789323031426,0.0635499145333007,1.59831000952883e-33,2032,0.281496062992126,0.00505,"***",TRUE
"PFBA","airport",25,"cov","detect",0.0636338001977977,0.00715285506657299,1.36431459131405e-18,1894,0.290918690601901,0.00505,"***",TRUE
"PFBA","airport",25,"cov","intensive",0.0880154398822016,0.0226091053162244,0.000113123471747675,551,0.290918690601901,0.00505,"***",TRUE
"PFBA","airport",25,"cov","tobit",0.226699632350722,0.025563041311541,7.42993724107528e-19,1894,0.290918690601901,0.00505,"***",TRUE
"PFBA","airport",25,"raw","detect",0.0968161192180868,0.00659303133708221,1.79313523731029e-46,2032,0.281496062992126,0.00505,"***",TRUE
"PFBA","airport",25,"raw","intensive",0.169879109341072,0.0226299898612475,2.34649536257062e-13,572,0.281496062992126,0.00505,"***",TRUE
"PFBA","airport",25,"raw","tobit",0.428955026641327,0.0286828717899568,1.44279148791294e-50,2032,0.281496062992126,0.00505,"***",TRUE
"PFBA","airport+milbase",5,"cov","detect",0.0347544462895377,0.0285600809586211,0.223804687280163,1894,0.290918690601901,0.00505,"",FALSE
"PFBA","airport+milbase",5,"cov","intensive",0.299580432644974,0.0867568071817569,0.000603433613136709,551,0.290918690601901,0.00505,"***",TRUE
"PFBA","airport+milbase",5,"cov","tobit",0.288629196308674,0.102648582017594,0.004926227063483,1894,0.290918690601901,0.00505,"***",TRUE
"PFBA","airport+milbase",5,"raw","detect",0.107600323655922,0.0280361644584431,0.000127880258283051,2032,0.281496062992126,0.00505,"***",TRUE
"PFBA","airport+milbase",5,"raw","intensive",0.615488733906952,0.0949252932963684,1.93838291545539e-10,572,0.281496062992126,0.00505,"***",TRUE
"PFBA","airport+milbase",5,"raw","tobit",0.696301512925738,0.117128278350707,2.76833210453037e-09,2032,0.281496062992126,0.00505,"***",TRUE
"PFBA","airport+milbase",10,"cov","detect",0.0477981458539923,0.0136361313144974,0.000467243546801917,1894,0.290918690601901,0.00505,"***",TRUE
"PFBA","airport+milbase",10,"cov","intensive",0.147000649645329,0.0420536029987037,0.000517160257884796,551,0.290918690601901,0.00505,"***",TRUE
"PFBA","airport+milbase",10,"cov","tobit",0.219119076934307,0.0488375879572468,7.23384902737221e-06,1894,0.290918690601901,0.00505,"***",TRUE
"PFBA","airport+milbase",10,"raw","detect",0.0973634733779512,0.0130439671307866,1.23591104392074e-13,2032,0.281496062992126,0.00505,"***",TRUE
"PFBA","airport+milbase",10,"raw","intensive",0.281844622492704,0.0456085040772147,1.22383105949981e-09,572,0.281496062992126,0.00505,"***",TRUE
"PFBA","airport+milbase",10,"raw","tobit",0.498730862132372,0.0555910251422033,2.92695585173058e-19,2032,0.281496062992126,0.00505,"***",TRUE
"PFBA","airport+milbase",25,"cov","detect",0.0389916808307792,0.00688210465402147,1.6997786897121e-08,1894,0.290918690601901,0.00505,"***",TRUE
"PFBA","airport+milbase",25,"cov","intensive",0.0734564524160006,0.022509374515368,0.0011798078586528,551,0.290918690601901,0.00505,"***",TRUE
"PFBA","airport+milbase",25,"cov","tobit",0.151872353831196,0.0252906814055691,1.91247433660555e-09,1894,0.290918690601901,0.00505,"***",TRUE
"PFBA","airport+milbase",25,"raw","detect",0.0682458256093892,0.00633182791798765,2.22414642604253e-26,2032,0.281496062992126,0.00505,"***",TRUE
"PFBA","airport+milbase",25,"raw","intensive",0.141672492004997,0.022467223323492,5.7535710637106e-10,572,0.281496062992126,0.00505,"***",TRUE
"PFBA","airport+milbase",25,"raw","tobit",0.327686468104475,0.0280176307498772,1.34039629381266e-31,2032,0.281496062992126,0.00505,"***",TRUE
"PFBA","airport+milfire",5,"cov","detect",0.0109552675561194,0.0317795927264321,0.730339938834616,1894,0.290918690601901,0.00505,"",FALSE
"PFBA","airport+milfire",5,"cov","intensive",0.321206558196664,0.0923546206544053,0.000551397425714089,551,0.290918690601901,0.00505,"***",TRUE
"PFBA","airport+milfire",5,"cov","tobit",0.245397506968322,0.113832687853788,0.031101345355796,1894,0.290918690601901,0.00505,"**",TRUE
"PFBA","airport+milfire",5,"raw","detect",0.112211429264418,0.0312840813007922,0.000342610054872103,2032,0.281496062992126,0.00505,"***",TRUE
"PFBA","airport+milfire",5,"raw","intensive",0.710092573256966,0.103387713011566,1.70540306176521e-11,572,0.281496062992126,0.00505,"***",TRUE
"PFBA","airport+milfire",5,"raw","tobit",0.759388916806569,0.129190093596357,4.15067635198249e-09,2032,0.281496062992126,0.00505,"***",TRUE
"PFBA","airport+milfire",10,"cov","detect",0.0434163567541374,0.0151582190986775,0.00422853885532569,1894,0.290918690601901,0.00505,"***",TRUE
"PFBA","airport+milfire",10,"cov","intensive",0.15801095946614,0.0444652334305421,0.000417760161694186,551,0.290918690601901,0.00505,"***",TRUE
"PFBA","airport+milfire",10,"cov","tobit",0.214123022201169,0.0536471573414451,6.57062905639293e-05,1894,0.290918690601901,0.00505,"***",TRUE
"PFBA","airport+milfire",10,"raw","detect",0.107298588956822,0.0144107845761336,1.41717958988494e-13,2032,0.281496062992126,0.00505,"***",TRUE
"PFBA","airport+milfire",10,"raw","intensive",0.303268620691854,0.0492311198825859,1.37421481336173e-09,572,0.281496062992126,0.00505,"***",TRUE
"PFBA","airport+milfire",10,"raw","tobit",0.544338186185389,0.0608176688659871,3.5442226456211e-19,2032,0.281496062992126,0.00505,"***",TRUE
"PFBA","airport+milfire",25,"cov","detect",0.0406796045950453,0.00706748418388635,1.00974270396807e-08,1894,0.290918690601901,0.00505,"***",TRUE
"PFBA","airport+milfire",25,"cov","intensive",0.0776743525199376,0.0222908757414428,0.00053828466367509,551,0.290918690601901,0.00505,"***",TRUE
"PFBA","airport+milfire",25,"cov","tobit",0.155495344437613,0.0256928259636369,1.42976840743584e-09,1894,0.290918690601901,0.00505,"***",TRUE
"PFBA","airport+milfire",25,"raw","detect",0.0712101781714629,0.00640019869954941,5.90672062155258e-28,2032,0.281496062992126,0.00505,"***",TRUE
"PFBA","airport+milfire",25,"raw","intensive",0.142522440929057,0.0226225592863981,5.95585127992635e-10,572,0.281496062992126,0.00505,"***",TRUE
"PFBA","airport+milfire",25,"raw","tobit",0.337598407538313,0.028235347282465,5.99761742574333e-33,2032,0.281496062992126,0.00505,"***",TRUE
"PFBA","airport+milfire+milbase",5,"cov","detect",-0.0044683691886231,0.028035231219023,0.873384024218398,1894,0.290918690601901,0.00505,"",FALSE
"PFBA","airport+milfire+milbase",5,"cov","intensive",0.295425820444899,0.0856716539752257,0.000613895767558961,551,0.290918690601901,0.00505,"***",TRUE
"PFBA","airport+milfire+milbase",5,"cov","tobit",0.147340419504841,0.103363589422473,0.15402495301279,1894,0.290918690601901,0.00505,"",FALSE
"PFBA","airport+milfire+milbase",5,"raw","detect",0.0844573380062697,0.027020563738156,0.00179911640232813,2032,0.281496062992126,0.00505,"***",TRUE
"PFBA","airport+milfire+milbase",5,"raw","intensive",0.587050790124842,0.0937408065052771,7.46433229017719e-10,572,0.281496062992126,0.00505,"***",TRUE
"PFBA","airport+milfire+milbase",5,"raw","tobit",0.595560079938619,0.11427986101167,1.87403068392131e-07,2032,0.281496062992126,0.00505,"***",TRUE
"PFBA","airport+milfire+milbase",10,"cov","detect",0.0263025894096479,0.0134354665597046,0.0504184630514598,1894,0.290918690601901,0.00505,"*",FALSE
"PFBA","airport+milfire+milbase",10,"cov","intensive",0.141808712448698,0.0415433691463374,0.000695854323551371,551,0.290918690601901,0.00505,"***",TRUE
"PFBA","airport+milfire+milbase",10,"cov","tobit",0.146796564548039,0.0490053851938475,0.00273978193630165,1894,0.290918690601901,0.00505,"***",TRUE
"PFBA","airport+milfire+milbase",10,"raw","detect",0.080068228121958,0.0125530063843397,2.20964510175723e-10,2032,0.281496062992126,0.00505,"***",TRUE
"PFBA","airport+milfire+milbase",10,"raw","intensive",0.258456584160386,0.0447795835688182,1.28908676581984e-08,572,0.281496062992126,0.00505,"***",TRUE
"PFBA","airport+milfire+milbase",10,"raw","tobit",0.427290109987428,0.0540621188258549,2.70770662580879e-15,2032,0.281496062992126,0.00505,"***",TRUE
"PFBA","airport+milfire+milbase",25,"cov","detect",0.0295513726968046,0.00688278249494303,1.85146499040178e-05,1894,0.290918690601901,0.00505,"***",TRUE
"PFBA","airport+milfire+milbase",25,"cov","intensive",0.0710389797295631,0.0223895416517484,0.00160663745898827,551,0.290918690601901,0.00505,"***",TRUE
"PFBA","airport+milfire+milbase",25,"cov","tobit",0.119289857872237,0.0254565018104176,2.78559367941059e-06,1894,0.290918690601901,0.00505,"***",TRUE
"PFBA","airport+milfire+milbase",25,"raw","detect",0.0587145402278607,0.00622038151145362,9.93508373097027e-21,2032,0.281496062992126,0.00505,"***",TRUE
"PFBA","airport+milfire+milbase",25,"raw","intensive",0.132188766149742,0.0222254277764727,4.74774484676596e-09,572,0.281496062992126,0.00505,"***",TRUE
"PFBA","airport+milfire+milbase",25,"raw","tobit",0.290232480902383,0.0275881381945316,6.97321415849064e-26,2032,0.281496062992126,0.00505,"***",TRUE
"PFBA","airport+milfire+milsusp",5,"cov","detect",0.00688797860235203,0.0301321385674527,0.819211465095925,1894,0.290918690601901,0.00505,"",FALSE
"PFBA","airport+milfire+milsusp",5,"cov","intensive",0.302851373178765,0.0892208391909055,0.000745029706355928,551,0.290918690601901,0.00505,"***",TRUE
"PFBA","airport+milfire+milsusp",5,"cov","tobit",0.216654820075817,0.10969044603022,0.0482514015699061,1894,0.290918690601901,0.00505,"**",TRUE
"PFBA","airport+milfire+milsusp",5,"raw","detect",0.0958593336059017,0.0293346787823315,0.00110202547796752,2032,0.281496062992126,0.00505,"***",TRUE
"PFBA","airport+milfire+milsusp",5,"raw","intensive",0.624100132150166,0.098509208166793,4.80741950687482e-10,572,0.281496062992126,0.00505,"***",TRUE
"PFBA","airport+milfire+milsusp",5,"raw","tobit",0.663285123504743,0.122856892530102,6.70718859403942e-08,2032,0.281496062992126,0.00505,"***",TRUE
"PFBA","airport+milfire+milsusp",10,"cov","detect",0.03568526072053,0.0143332685247142,0.0128747075378608,1894,0.290918690601901,0.00505,"**",TRUE
"PFBA","airport+milfire+milsusp",10,"cov","intensive",0.14675721068114,0.0428749120821006,0.000672776438525737,551,0.290918690601901,0.00505,"***",TRUE
"PFBA","airport+milfire+milsusp",10,"cov","tobit",0.184698537138421,0.0515059916254125,0.000335837654098086,1894,0.290918690601901,0.00505,"***",TRUE
"PFBA","airport+milfire+milsusp",10,"raw","detect",0.0930442591197631,0.013549832673485,8.69514813232684e-12,2032,0.281496062992126,0.00505,"***",TRUE
"PFBA","airport+milfire+milsusp",10,"raw","intensive",0.265091961539729,0.0473895430571932,3.45009728851349e-08,572,0.281496062992126,0.00505,"***",TRUE
"PFBA","airport+milfire+milsusp",10,"raw","tobit",0.478372037567299,0.057942600478564,1.50680738611548e-16,2032,0.281496062992126,0.00505,"***",TRUE
"PFBA","airport+milfire+milsusp",25,"cov","detect",0.0363091309461959,0.00686419702301005,1.37395414806559e-07,1894,0.290918690601901,0.00505,"***",TRUE
"PFBA","airport+milfire+milsusp",25,"cov","intensive",0.0742179626148245,0.0216680168067972,0.00066720612905545,551,0.290918690601901,0.00505,"***",TRUE
"PFBA","airport+milfire+milsusp",25,"cov","tobit",0.140853352944276,0.0250564996236821,1.89383485385154e-08,1894,0.290918690601901,0.00505,"***",TRUE
"PFBA","airport+milfire+milsusp",25,"raw","detect",0.0658001511299724,0.00622432532654838,1.83068080741826e-25,2032,0.281496062992126,0.00505,"***",TRUE
"PFBA","airport+milfire+milsusp",25,"raw","intensive",0.130599733991199,0.022172520838713,6.59835164114807e-09,572,0.281496062992126,0.00505,"***",TRUE
"PFBA","airport+milfire+milsusp",25,"raw","tobit",0.313522562190752,0.0275544549200384,5.36415713082168e-30,2032,0.281496062992126,0.00505,"***",TRUE
"PFBA","airport+milfire+milsusp+milbase",5,"cov","detect",-0.00747363297391497,0.0269606440124027,0.781654050134796,1894,0.290918690601901,0.00505,"",FALSE
"PFBA","airport+milfire+milsusp+milbase",5,"cov","intensive",0.300845082930941,0.0833295219354843,0.000338138313032671,551,0.290918690601901,0.00505,"***",TRUE
"PFBA","airport+milfire+milsusp+milbase",5,"cov","tobit",0.134979399652504,0.100090446063105,0.177473751626775,1894,0.290918690601901,0.00505,"",FALSE
"PFBA","airport+milfire+milsusp+milbase",5,"raw","detect",0.0785569977348446,0.0256676926570379,0.00223831523997235,2032,0.281496062992126,0.00505,"***",TRUE
"PFBA","airport+milfire+milsusp+milbase",5,"raw","intensive",0.550822188911892,0.0891034338306772,1.20810656284843e-09,572,0.281496062992126,0.00505,"***",TRUE
"PFBA","airport+milfire+milsusp+milbase",5,"raw","tobit",0.558649802469886,0.108931183874916,2.92113642671584e-07,2032,0.281496062992126,0.00505,"***",TRUE
"PFBA","airport+milfire+milsusp+milbase",10,"cov","detect",0.0222456117224643,0.0130228033167753,0.0877693862168466,1894,0.290918690601901,0.00505,"*",FALSE
"PFBA","airport+milfire+milsusp+milbase",10,"cov","intensive",0.146777078652835,0.0406644744456274,0.00033920459784515,551,0.290918690601901,0.00505,"***",TRUE
"PFBA","airport+milfire+milsusp+milbase",10,"cov","tobit",0.135175461089719,0.0477599043242403,0.00465025380417933,1894,0.290918690601901,0.00505,"***",TRUE
"PFBA","airport+milfire+milsusp+milbase",10,"raw","detect",0.074456154822054,0.0120817588420282,8.60194866972386e-10,2032,0.281496062992126,0.00505,"***",TRUE
"PFBA","airport+milfire+milsusp+milbase",10,"raw","intensive",0.251950805657206,0.0435348076060553,1.18105182518592e-08,572,0.281496062992126,0.00505,"***",TRUE
"PFBA","airport+milfire+milsusp+milbase",10,"raw","tobit",0.403182418799936,0.0522150758535844,1.14904509887384e-14,2032,0.281496062992126,0.00505,"***",TRUE
"PFBA","airport+milfire+milsusp+milbase",25,"cov","detect",0.0273154160092267,0.00678359636764627,5.88977944857428e-05,1894,0.290918690601901,0.00505,"***",TRUE
"PFBA","airport+milfire+milsusp+milbase",25,"cov","intensive",0.0746409982990283,0.0220732919589368,0.000780022677733688,551,0.290918690601901,0.00505,"***",TRUE
"PFBA","airport+milfire+milsusp+milbase",25,"cov","tobit",0.113718278954602,0.0251064421573295,5.91384908401343e-06,1894,0.290918690601901,0.00505,"***",TRUE
"PFBA","airport+milfire+milsusp+milbase",25,"raw","detect",0.0564813056999399,0.00612428664936089,7.04752485238691e-20,2032,0.281496062992126,0.00505,"***",TRUE
"PFBA","airport+milfire+milsusp+milbase",25,"raw","intensive",0.131994453243405,0.022021182654677,3.63405187242677e-09,572,0.281496062992126,0.00505,"***",TRUE
"PFBA","airport+milfire+milsusp+milbase",25,"raw","tobit",0.282095885951707,0.0272162291788162,3.57803767245398e-25,2032,0.281496062992126,0.00505,"***",TRUE
"PFBA","airport+milsusp",5,"cov","detect",0.0919876187890143,0.0319689183648238,0.00405644254287565,1894,0.290918690601901,0.00505,"***",TRUE
"PFBA","airport+milsusp",5,"cov","intensive",0.326375713922174,0.092627645783251,0.000466771665166531,551,0.290918690601901,0.00505,"***",TRUE
"PFBA","airport+milsusp",5,"cov","tobit",0.491765134843502,0.110487430375457,8.55233007513197e-06,1894,0.290918690601901,0.00505,"***",TRUE
"PFBA","airport+milsusp",5,"raw","detect",0.179453541731297,0.0320212637393154,2.37746307555904e-08,2032,0.281496062992126,0.00505,"***",TRUE
"PFBA","airport+milsusp",5,"raw","intensive",0.702687696478726,0.100845864347584,8.91208114624841e-12,572,0.281496062992126,0.00505,"***",TRUE
"PFBA","airport+milsusp",5,"raw","tobit",0.990740575515587,0.128901500902323,1.5177302584607e-14,2032,0.281496062992126,0.00505,"***",TRUE
"PFBA","airport+milsusp",10,"cov","detect",0.0822337640895581,0.0152202456557663,7.42205776179799e-08,1894,0.290918690601901,0.00505,"***",TRUE
"PFBA","airport+milsusp",10,"cov","intensive",0.163579916970123,0.0442645802910785,0.000244843024636298,551,0.290918690601901,0.00505,"***",TRUE
"PFBA","airport+milsusp",10,"cov","tobit",0.325757886525598,0.052574856630624,5.78876295554057e-10,1894,0.290918690601901,0.00505,"***",TRUE
"PFBA","airport+milsusp",10,"raw","detect",0.146232626006869,0.0148554389438154,2.29072598035719e-22,2032,0.281496062992126,0.00505,"***",TRUE
"PFBA","airport+milsusp",10,"raw","intensive",0.323879062309345,0.0485592427880174,6.06966820906088e-11,572,0.281496062992126,0.00505,"***",TRUE
"PFBA","airport+milsusp",10,"raw","tobit",0.678453695128174,0.0613763898230316,2.09695164675535e-28,2032,0.281496062992126,0.00505,"***",TRUE
"PFBA","airport+milsusp",25,"cov","detect",0.056455614549048,0.00697459360303373,1.04284700982294e-15,1894,0.290918690601901,0.00505,"***",TRUE
"PFBA","airport+milsusp",25,"cov","intensive",0.0811925125759368,0.0219707269347191,0.000244859589193946,551,0.290918690601901,0.00505,"***",TRUE
"PFBA","airport+milsusp",25,"cov","tobit",0.202284863157431,0.0250926505498801,7.53525723700511e-16,1894,0.290918690601901,0.00505,"***",TRUE
"PFBA","airport+milsusp",25,"raw","detect",0.0883867542645223,0.00644024475117981,4.66669797353763e-41,2032,0.281496062992126,0.00505,"***",TRUE
"PFBA","airport+milsusp",25,"raw","intensive",0.153929295641915,0.0223150335972036,1.40615033299692e-11,572,0.281496062992126,0.00505,"***",TRUE
"PFBA","airport+milsusp",25,"raw","tobit",0.396555233752895,0.0282049331602159,6.70918228061564e-45,2032,0.281496062992126,0.00505,"***",TRUE
"PFBA","airport+milsusp+milbase",5,"cov","detect",0.0277854784061185,0.0273855130871641,0.310429387716901,1894,0.290918690601901,0.00505,"",FALSE
"PFBA","airport+milsusp+milbase",5,"cov","intensive",0.304140939610398,0.0841842913216472,0.000334988838939926,551,0.290918690601901,0.00505,"***",TRUE
"PFBA","airport+milsusp+milbase",5,"cov","tobit",0.264727912963689,0.0993440684464634,0.00770437155724033,1894,0.290918690601901,0.00505,"***",TRUE
"PFBA","airport+milsusp+milbase",5,"raw","detect",0.0986732447751254,0.0265470169090704,0.000207122988497049,2032,0.281496062992126,0.00505,"***",TRUE
"PFBA","airport+milsusp+milbase",5,"raw","intensive",0.574277532861861,0.0900251930536075,3.68796663083976e-10,572,0.281496062992126,0.00505,"***",TRUE
"PFBA","airport+milsusp+milbase",5,"raw","tobit",0.64651764342826,0.111357578602711,6.40669002912443e-09,2032,0.281496062992126,0.00505,"***",TRUE
"PFBA","airport+milsusp+milbase",10,"cov","detect",0.0415850685290992,0.0132067258347944,0.00166621764555677,1894,0.290918690601901,0.00505,"***",TRUE
"PFBA","airport+milsusp+milbase",10,"cov","intensive",0.151594934113401,0.041085167059593,0.00025026732047853,551,0.290918690601901,0.00505,"***",TRUE
"PFBA","airport+milsusp+milbase",10,"cov","tobit",0.201493624060124,0.0476195613463793,2.32323400751297e-05,1894,0.290918690601901,0.00505,"***",TRUE
"PFBA","airport+milsusp+milbase",10,"raw","detect",0.0895116560317745,0.0125282002393042,1.25095747744159e-12,2032,0.281496062992126,0.00505,"***",TRUE
"PFBA","airport+milsusp+milbase",10,"raw","intensive",0.273099036396139,0.0442359515483978,1.26789142486126e-09,572,0.281496062992126,0.00505,"***",TRUE
"PFBA","airport+milsusp+milbase",10,"raw","tobit",0.466244432185791,0.053578397060424,3.25805633647628e-18,2032,0.281496062992126,0.00505,"***",TRUE
"PFBA","airport+milsusp+milbase",25,"cov","detect",0.0361108276742047,0.00679713788008322,1.21355374221914e-07,1894,0.290918690601901,0.00505,"***",TRUE
"PFBA","airport+milsusp+milbase",25,"cov","intensive",0.076932329544623,0.0221689588337857,0.000567040048002225,551,0.290918690601901,0.00505,"***",TRUE
"PFBA","airport+milsusp+milbase",25,"cov","tobit",0.143983097957374,0.0249837375952834,8.25961582635906e-09,1894,0.290918690601901,0.00505,"***",TRUE
"PFBA","airport+milsusp+milbase",25,"raw","detect",0.065282689216717,0.0062416322165302,5.66142002257918e-25,2032,0.281496062992126,0.00505,"***",TRUE
"PFBA","airport+milsusp+milbase",25,"raw","intensive",0.141237118496208,0.0222390638381648,4.37852132631299e-10,572,0.281496062992126,0.00505,"***",TRUE
"PFBA","airport+milsusp+milbase",25,"raw","tobit",0.317060120561889,0.0276447047824384,1.88591976024276e-30,2032,0.281496062992126,0.00505,"***",TRUE
"PFBA","milbase",5,"cov","detect",-0.132375991063433,0.0521687152071313,0.0112490949636888,1894,0.290918690601901,0.00505,"**",FALSE
"PFBA","milbase",5,"cov","intensive",0.216170945320569,0.21279231677263,0.310201598500292,551,0.290918690601901,0.00505,"",FALSE
"PFBA","milbase",5,"cov","tobit",-0.496383275277019,0.21233894620428,0.019403177826712,1894,0.290918690601901,0.00505,"**",FALSE
"PFBA","milbase",5,"raw","detect",-0.0620737719191218,0.0474743532303798,0.191183475153269,2032,0.281496062992126,0.00505,"",FALSE
"PFBA","milbase",5,"raw","intensive",0.102954361108055,0.195786758902193,0.599197323802668,572,0.281496062992126,0.00505,"",FALSE
"PFBA","milbase",5,"raw","tobit",-0.234092430515604,0.22268247609429,0.293148985799039,2032,0.281496062992126,0.00505,"",FALSE
"PFBA","milbase",10,"cov","detect",-0.042470953489525,0.0253675985533724,0.0942595629601896,1894,0.290918690601901,0.00505,"*",FALSE
"PFBA","milbase",10,"cov","intensive",0.106123903119956,0.105160194270311,0.313406457168743,551,0.290918690601901,0.00505,"",FALSE
"PFBA","milbase",10,"cov","tobit",-0.1712764837419,0.10415851532431,0.100097130581805,1894,0.290918690601901,0.00505,"",FALSE
"PFBA","milbase",10,"raw","detect",0.00749034283200429,0.0222185905085865,0.736060898227356,2032,0.281496062992126,0.00505,"",FALSE
"PFBA","milbase",10,"raw","intensive",0.0992197203153792,0.0945458251746818,0.294422590280766,572,0.281496062992126,0.00505,"",FALSE
"PFBA","milbase",10,"raw","tobit",0.0694775989271057,0.102608079120247,0.498332192180844,2032,0.281496062992126,0.00505,"",FALSE
"PFBA","milbase",25,"cov","detect",-0.020362279877986,0.0115023753639017,0.0768504523401957,1894,0.290918690601901,0.00505,"*",FALSE
"PFBA","milbase",25,"cov","intensive",-0.0329637870620635,0.0474006140130986,0.487124095452401,551,0.290918690601901,0.00505,"",FALSE
"PFBA","milbase",25,"cov","tobit",-0.106023982692943,0.0475152322389054,0.025656743276422,1894,0.290918690601901,0.00505,"**",FALSE
"PFBA","milbase",25,"raw","detect",0.0168507027635276,0.00990117698308301,0.088929322224973,2032,0.281496062992126,0.00505,"*",FALSE
"PFBA","milbase",25,"raw","intensive",0.0351577006916624,0.0398472783902152,0.377980458963388,572,0.281496062992126,0.00505,"",FALSE
"PFBA","milbase",25,"raw","tobit",0.0860974069462509,0.0450435499041023,0.0559498736961375,2032,0.281496062992126,0.00505,"*",FALSE
"PFBA","milfire",5,"cov","detect",-0.546340607563956,0.0785374551602432,4.854284622754e-12,1894,0.290918690601901,0.00505,"***",FALSE
"PFBA","milfire",5,"cov","intensive",0.0139664360043135,0.363052412075844,0.969329429293509,551,0.290918690601901,0.00505,"",FALSE
"PFBA","milfire",5,"cov","tobit",-2.5720453453301,0.383458614738027,1.979986791242e-11,1894,0.290918690601901,0.00505,"***",FALSE
"PFBA","milfire",5,"raw","detect",-0.393188589522004,0.0719045967605112,5.10680590211133e-08,2032,0.281496062992126,0.00505,"***",FALSE
"PFBA","milfire",5,"raw","intensive",-0.544308697648228,0.356973304358797,0.127866548488293,572,0.281496062992126,0.00505,"",FALSE
"PFBA","milfire",5,"raw","tobit",-2.29111962470954,0.408362610836903,2.01739456268665e-08,2032,0.281496062992126,0.00505,"***",FALSE
"PFBA","milfire",10,"cov","detect",-0.343570397280475,0.0404793798184048,4.31772804633891e-17,1894,0.290918690601901,0.00505,"***",FALSE
"PFBA","milfire",10,"cov","intensive",-0.251966440520792,0.198070271845906,0.203953862585794,551,0.290918690601901,0.00505,"",FALSE
"PFBA","milfire",10,"cov","tobit",-1.70208029390362,0.198825117716052,1.12193532191855e-17,1894,0.290918690601901,0.00505,"***",FALSE
"PFBA","milfire",10,"raw","detect",-0.212891225986651,0.0345751784335087,8.89193921369734e-10,2032,0.281496062992126,0.00505,"***",FALSE
"PFBA","milfire",10,"raw","intensive",-0.537829205485081,0.156547140315191,0.000634343084305976,572,0.281496062992126,0.00505,"***",FALSE
"PFBA","milfire",10,"raw","tobit",-1.2528190247422,0.183319949197789,8.2546066999199e-12,2032,0.281496062992126,0.00505,"***",FALSE
"PFBA","milfire",25,"cov","detect",-0.161267349725983,0.0169509123180843,5.6148227982185e-21,1894,0.290918690601901,0.00505,"***",FALSE
"PFBA","milfire",25,"cov","intensive",-0.264322910516542,0.0752003497141826,0.000481767384560373,551,0.290918690601901,0.00505,"***",FALSE
"PFBA","milfire",25,"cov","tobit",-0.760582195957336,0.075756760192685,1.01887671179596e-23,1894,0.290918690601901,0.00505,"***",FALSE
"PFBA","milfire",25,"raw","detect",-0.0948378162823781,0.0139671055141541,1.46660650816864e-11,2032,0.281496062992126,0.00505,"***",FALSE
"PFBA","milfire",25,"raw","intensive",-0.277745252511183,0.0524755135178642,1.7208393312157e-07,572,0.281496062992126,0.00505,"***",FALSE
"PFBA","milfire",25,"raw","tobit",-0.543809200402442,0.0673363596051449,6.69196883688384e-16,2032,0.281496062992126,0.00505,"***",FALSE
"PFBA","milfire+milbase",5,"cov","detect",-0.224496602089277,0.0476455386301477,2.64208173876646e-06,1894,0.290918690601901,0.00505,"***",FALSE
"PFBA","milfire+milbase",5,"cov","intensive",0.208134615379541,0.200772668797119,0.300414716245255,551,0.290918690601901,0.00505,"",FALSE
"PFBA","milfire+milbase",5,"cov","tobit",-0.895365543324837,0.199916812808883,7.51023073756651e-06,1894,0.290918690601901,0.00505,"***",FALSE
"PFBA","milfire+milbase",5,"raw","detect",-0.0926196277748115,0.0427935589711422,0.030554845140508,2032,0.281496062992126,0.00505,"**",FALSE
"PFBA","milfire+milbase",5,"raw","intensive",0.0437613054233195,0.180931226594636,0.808970158072917,572,0.281496062992126,0.00505,"",FALSE
"PFBA","milfire+milbase",5,"raw","tobit",-0.403130167352311,0.20513091022784,0.0493872010091094,2032,0.281496062992126,0.00505,"**",FALSE
"PFBA","milfire+milbase",10,"cov","detect",-0.0973266710429171,0.0229942399984053,2.4248392784083e-05,1894,0.290918690601901,0.00505,"***",FALSE
"PFBA","milfire+milbase",10,"cov","intensive",0.0723237822050226,0.0973293423241165,0.457796460493376,551,0.290918690601901,0.00505,"",FALSE
"PFBA","milfire+milbase",10,"cov","tobit",-0.411753384365275,0.0975235276678084,2.42044406685966e-05,1894,0.290918690601901,0.00505,"***",FALSE
"PFBA","milfire+milbase",10,"raw","detect",-0.0188451536305501,0.0197679166482587,0.340541373766164,2032,0.281496062992126,0.00505,"",FALSE
"PFBA","milfire+milbase",10,"raw","intensive",0.0227314400468638,0.083202750358388,0.784794292735223,572,0.281496062992126,0.00505,"",FALSE
"PFBA","milfire+milbase",10,"raw","tobit",-0.0749522772221391,0.0924677447648276,0.417608318446656,2032,0.281496062992126,0.00505,"",FALSE
"PFBA","milfire+milbase",25,"cov","detect",-0.0424884425266243,0.0103771832181991,4.41831812240022e-05,1894,0.290918690601901,0.00505,"***",FALSE
"PFBA","milfire+milbase",25,"cov","intensive",-0.042451298400757,0.0431202647281437,0.325374638943097,551,0.290918690601901,0.00505,"",FALSE
"PFBA","milfire+milbase",25,"cov","tobit",-0.19968263157746,0.0437294874456564,4.96371775735394e-06,1894,0.290918690601901,0.00505,"***",FALSE
"PFBA","milfire+milbase",25,"raw","detect",-0.00215814479610359,0.00875706358848083,0.805361785383783,2032,0.281496062992126,0.00505,"",FALSE
"PFBA","milfire+milbase",25,"raw","intensive",0.000659828842169931,0.0346448859117634,0.984811480586531,572,0.281496062992126,0.00505,"",FALSE
"PFBA","milfire+milbase",25,"raw","tobit",-0.00900347305270659,0.0401701406024362,0.822653448660724,2032,0.281496062992126,0.00505,"",FALSE
"PFBA","milfire+milsusp",5,"cov","detect",-0.369875690902751,0.0638686991001391,8.21883175221381e-09,1894,0.290918690601901,0.00505,"***",FALSE
"PFBA","milfire+milsusp",5,"cov","intensive",0.0375127466325091,0.27494660982532,0.891533682049508,551,0.290918690601901,0.00505,"",FALSE
"PFBA","milfire+milsusp",5,"cov","tobit",-1.58285869835222,0.284783420343777,2.72705351747482e-08,1894,0.290918690601901,0.00505,"***",FALSE
"PFBA","milfire+milsusp",5,"raw","detect",-0.252876314543764,0.0563809663122037,7.6937493274581e-06,2032,0.281496062992126,0.00505,"***",FALSE
"PFBA","milfire+milsusp",5,"raw","intensive",-0.426086747204063,0.271118038045868,0.116600264141168,572,0.281496062992126,0.00505,"",FALSE
"PFBA","milfire+milsusp",5,"raw","tobit",-1.40420904376726,0.295509282031388,2.01586620963926e-06,2032,0.281496062992126,0.00505,"***",FALSE
"PFBA","milfire+milsusp",10,"cov","detect",-0.218044563118333,0.0313420731926694,4.83771673262161e-12,1894,0.290918690601901,0.00505,"***",FALSE
"PFBA","milfire+milsusp",10,"cov","intensive",-0.140849775019846,0.140745641072853,0.317458909072271,551,0.290918690601901,0.00505,"",FALSE
"PFBA","milfire+milsusp",10,"cov","tobit",-0.988694455194319,0.140860689150316,2.23538107909521e-12,1894,0.290918690601901,0.00505,"***",FALSE
"PFBA","milfire+milsusp",10,"raw","detect",-0.128077716234524,0.0264772136383085,1.41532618258923e-06,2032,0.281496062992126,0.00505,"***",FALSE
"PFBA","milfire+milsusp",10,"raw","intensive",-0.42130560051358,0.11753431873709,0.000366619848324215,572,0.281496062992126,0.00505,"***",FALSE
"PFBA","milfire+milsusp",10,"raw","tobit",-0.766215299963479,0.134078484552785,1.09912264436652e-08,2032,0.281496062992126,0.00505,"***",FALSE
"PFBA","milfire+milsusp",25,"cov","detect",-0.10776466891222,0.0133489394891909,1.23704212161006e-15,1894,0.290918690601901,0.00505,"***",FALSE
"PFBA","milfire+milsusp",25,"cov","intensive",-0.155709213499343,0.055008614491189,0.00484133223628661,551,0.290918690601901,0.00505,"***",FALSE
"PFBA","milfire+milsusp",25,"cov","tobit",-0.480586986499342,0.0564874778726301,1.77188272306226e-17,1894,0.290918690601901,0.00505,"***",FALSE
"PFBA","milfire+milsusp",25,"raw","detect",-0.0613146395770844,0.0111191490043307,3.94785720629989e-08,2032,0.281496062992126,0.00505,"***",FALSE
"PFBA","milfire+milsusp",25,"raw","intensive",-0.221007925567209,0.0406013890428648,7.77832546149495e-08,572,0.281496062992126,0.00505,"***",FALSE
"PFBA","milfire+milsusp",25,"raw","tobit",-0.368237583839254,0.0523155815007669,1.9393785765079e-12,2032,0.281496062992126,0.00505,"***",FALSE
"PFBA","milfire+milsusp+milbase",5,"cov","detect",-0.187621116722138,0.0426935161902807,1.17390906411294e-05,1894,0.290918690601901,0.00505,"***",FALSE
"PFBA","milfire+milsusp+milbase",5,"cov","intensive",0.251625334924244,0.176016387820491,0.153497638324839,551,0.290918690601901,0.00505,"",FALSE
"PFBA","milfire+milsusp+milbase",5,"cov","tobit",-0.711127280163725,0.176207434332196,5.4430612888659e-05,1894,0.290918690601901,0.00505,"***",FALSE
"PFBA","milfire+milsusp+milbase",5,"raw","detect",-0.0686915611792226,0.0379219487312915,0.0702277399535832,2032,0.281496062992126,0.00505,"*",FALSE
"PFBA","milfire+milsusp+milbase",5,"raw","intensive",0.0864627194529697,0.154103674319625,0.574971326257091,572,0.281496062992126,0.00505,"",FALSE
"PFBA","milfire+milsusp+milbase",5,"raw","tobit",-0.268754784412562,0.178558641045245,0.132289481323473,2032,0.281496062992126,0.00505,"",FALSE
"PFBA","milfire+milsusp+milbase",10,"cov","detect",-0.0867693387333046,0.0209432168972643,3.58430807423357e-05,1894,0.290918690601901,0.00505,"***",FALSE
"PFBA","milfire+milsusp+milbase",10,"cov","intensive",0.114380635797554,0.0887421607709111,0.19805288808619,551,0.290918690601901,0.00505,"",FALSE
"PFBA","milfire+milsusp+milbase",10,"cov","tobit",-0.344271986529629,0.087808968808777,8.82947838742659e-05,1894,0.290918690601901,0.00505,"***",FALSE
"PFBA","milfire+milsusp+milbase",10,"raw","detect",-0.0151696259301191,0.0180014466955303,0.399501524039737,2032,0.281496062992126,0.00505,"",FALSE
"PFBA","milfire+milsusp+milbase",10,"raw","intensive",0.0343347357012093,0.0765145933027078,0.653793755102181,572,0.281496062992126,0.00505,"",FALSE
"PFBA","milfire+milsusp+milbase",10,"raw","tobit",-0.0546174913984237,0.0842445376141497,0.516777442366244,2032,0.281496062992126,0.00505,"",FALSE
"PFBA","milfire+milsusp+milbase",25,"cov","detect",-0.0399431990873053,0.00985338597866355,5.2532104048421e-05,1894,0.290918690601901,0.00505,"***",FALSE
"PFBA","milfire+milsusp+milbase",25,"cov","intensive",-0.0113417989810624,0.0410965034498412,0.782682964747854,551,0.290918690601901,0.00505,"",FALSE
"PFBA","milfire+milsusp+milbase",25,"cov","tobit",-0.173918077794179,0.0410685514377341,2.2873101376205e-05,1894,0.290918690601901,0.00505,"***",FALSE
"PFBA","milfire+milsusp+milbase",25,"raw","detect",-0.00169086781776816,0.00836426367974894,0.839816733708363,2032,0.281496062992126,0.00505,"",FALSE
"PFBA","milfire+milsusp+milbase",25,"raw","intensive",-0.00133528035173377,0.0340120491888356,0.968697610115222,572,0.281496062992126,0.00505,"",FALSE
"PFBA","milfire+milsusp+milbase",25,"raw","tobit",-0.00788754604895631,0.0385838138294548,0.838020384790531,2032,0.281496062992126,0.00505,"",FALSE
"PFBA","milsusp",5,"cov","detect",-0.0747829081394368,0.110525531319981,0.498738337080017,1894,0.290918690601901,0.00505,"",FALSE
"PFBA","milsusp",5,"cov","intensive",0.038779769789234,0.428038221282534,0.927849298687254,551,0.290918690601901,0.00505,"",FALSE
"PFBA","milsusp",5,"cov","tobit",-0.398047373691972,0.441268646607892,0.367029114750601,1894,0.290918690601901,0.00505,"",FALSE
"PFBA","milsusp",5,"raw","detect",-0.112364789388479,0.0991873038291875,0.257409117027558,2032,0.281496062992126,0.00505,"",FALSE
"PFBA","milsusp",5,"raw","intensive",-0.281646263893442,0.424042140850832,0.506834707147284,572,0.281496062992126,0.00505,"",FALSE
"PFBA","milsusp",5,"raw","tobit",-0.619435186237436,0.475825092050185,0.192980393654084,2032,0.281496062992126,0.00505,"",FALSE
"PFBA","milsusp",10,"cov","detect",-0.0882359215158861,0.0603683883174854,0.144017213960528,1894,0.290918690601901,0.00505,"",FALSE
"PFBA","milsusp",10,"cov","intensive",-0.083681188849541,0.24325020328543,0.73098792271658,551,0.290918690601901,0.00505,"",FALSE
"PFBA","milsusp",10,"cov","tobit",-0.452675521419071,0.24487612302735,0.0645170559575543,1894,0.290918690601901,0.00505,"*",FALSE
"PFBA","milsusp",10,"raw","detect",-0.0682446934499158,0.0534810566080181,0.202082560037094,2032,0.281496062992126,0.00505,"",FALSE
"PFBA","milsusp",10,"raw","intensive",-0.482885427650958,0.236829897985624,0.0419153562711107,572,0.281496062992126,0.00505,"**",FALSE
"PFBA","milsusp",10,"raw","tobit",-0.491852934178065,0.260499026355707,0.0590100936215169,2032,0.281496062992126,0.00505,"*",FALSE
"PFBA","milsusp",25,"cov","detect",-0.100913794072707,0.0330123600263422,0.0022693995228734,1894,0.290918690601901,0.00505,"***",FALSE
"PFBA","milsusp",25,"cov","intensive",-0.157240026358862,0.129908983092776,0.22672894852649,551,0.290918690601901,0.00505,"",FALSE
"PFBA","milsusp",25,"cov","tobit",-0.473457444669973,0.132736218042132,0.00036122272328333,1894,0.290918690601901,0.00505,"***",FALSE
"PFBA","milsusp",25,"raw","detect",-0.0586577735171448,0.0293682099847838,0.0459234711803572,2032,0.281496062992126,0.00505,"**",FALSE
"PFBA","milsusp",25,"raw","intensive",-0.518617201849586,0.118716225646408,1.48613589607259e-05,572,0.281496062992126,0.00505,"***",FALSE
"PFBA","milsusp",25,"raw","tobit",-0.475932948426016,0.140322366060606,0.000694575949661042,2032,0.281496062992126,0.00505,"***",FALSE
"PFBA","milsusp+milbase",5,"cov","detect",-0.111834565123083,0.0456070671262834,0.0142948404703538,1894,0.290918690601901,0.00505,"**",FALSE
"PFBA","milsusp+milbase",5,"cov","intensive",0.258918318199195,0.182531046825994,0.156699635641913,551,0.290918690601901,0.00505,"",FALSE
"PFBA","milsusp+milbase",5,"cov","tobit",-0.383730865153089,0.18372889469519,0.0367463462738169,1894,0.290918690601901,0.00505,"**",FALSE
"PFBA","milsusp+milbase",5,"raw","detect",-0.0423807196747769,0.041023791680306,0.301691104440195,2032,0.281496062992126,0.00505,"",FALSE
"PFBA","milsusp+milbase",5,"raw","intensive",0.13192281436687,0.162388712361429,0.416907572020912,572,0.281496062992126,0.00505,"",FALSE
"PFBA","milsusp+milbase",5,"raw","tobit",-0.128133796243832,0.189703063076454,0.499393717061307,2032,0.281496062992126,0.00505,"",FALSE
"PFBA","milsusp+milbase",10,"cov","detect",-0.0431402874813828,0.0226619754868729,0.0571148625769983,1894,0.290918690601901,0.00505,"*",FALSE
"PFBA","milsusp+milbase",10,"cov","intensive",0.1466196870573,0.0940729712447066,0.119759051279547,551,0.290918690601901,0.00505,"",FALSE
"PFBA","milsusp+milbase",10,"cov","tobit",-0.15274394200954,0.0924157269267742,0.0983732735804873,1894,0.290918690601901,0.00505,"*",FALSE
"PFBA","milsusp+milbase",10,"raw","detect",0.00504743775168959,0.0197921212327123,0.79873149516664,2032,0.281496062992126,0.00505,"",FALSE
"PFBA","milsusp+milbase",10,"raw","intensive",0.0980846551475499,0.0846319950025079,0.246959912338657,572,0.281496062992126,0.00505,"",FALSE
"PFBA","milsusp+milbase",10,"raw","tobit",0.0580797094089988,0.0914999786872778,0.525590779771143,2032,0.281496062992126,0.00505,"",FALSE
"PFBA","milsusp+milbase",25,"cov","detect",-0.0217644078441733,0.0107883509356081,0.0438008404560161,1894,0.290918690601901,0.00505,"**",FALSE
"PFBA","milsusp+milbase",25,"cov","intensive",0.00207963752398409,0.0445995006454117,0.962828260638811,551,0.290918690601901,0.00505,"",FALSE
"PFBA","milsusp+milbase",25,"cov","tobit",-0.0968705516128628,0.0441875716843623,0.0283608922447322,1894,0.290918690601901,0.00505,"**",FALSE
"PFBA","milsusp+milbase",25,"raw","detect",0.0136154883481441,0.00932918705062021,0.144595827308402,2032,0.281496062992126,0.00505,"",FALSE
"PFBA","milsusp+milbase",25,"raw","intensive",0.0303328528874053,0.0387388867719968,0.433947689185346,572,0.281496062992126,0.00505,"",FALSE
"PFBA","milsusp+milbase",25,"raw","tobit",0.0706316130972645,0.0427776090114615,0.0987109850482218,2032,0.281496062992126,0.00505,"*",FALSE
"PFBS","airport",5,"cov","detect",-0.0671067972381949,0.0405880875372534,0.0984301690719424,1894,0.444033790918691,0.003,"*",FALSE
"PFBS","airport",5,"cov","intensive",0.0625283264476323,0.0821105454556477,0.446584831518205,841,0.444033790918691,0.003,"",FALSE
"PFBS","airport",5,"cov","tobit",-0.152650667149599,0.100901165391043,0.130311875180864,1894,0.444033790918691,0.003,"",FALSE
"PFBS","airport",5,"raw","detect",-0.0783344412719219,0.0382064371442033,0.0404638974016631,2032,0.450787401574803,0.003,"**",FALSE
"PFBS","airport",5,"raw","intensive",-0.108835275744829,0.0744409587064397,0.144075389628189,916,0.450787401574803,0.003,"",FALSE
"PFBS","airport",5,"raw","tobit",-0.242055938078111,0.0965874725283553,0.0122077977746288,2032,0.450787401574803,0.003,"**",FALSE
"PFBS","airport",10,"cov","detect",-0.0245624647007032,0.0193397158044038,0.204228535168492,1894,0.444033790918691,0.003,"",FALSE
"PFBS","airport",10,"cov","intensive",0.0263075787465733,0.0401009443486306,0.511999574693249,841,0.444033790918691,0.003,"",FALSE
"PFBS","airport",10,"cov","tobit",-0.0733726163031094,0.0475908544762764,0.123137337590281,1894,0.444033790918691,0.003,"",FALSE
"PFBS","airport",10,"raw","detect",-0.0531738218442997,0.0177764479021542,0.00281181751818764,2032,0.450787401574803,0.003,"***",FALSE
"PFBS","airport",10,"raw","intensive",-0.0688049755018892,0.0351675694842283,0.0507117182718513,916,0.450787401574803,0.003,"*",FALSE
"PFBS","airport",10,"raw","tobit",-0.159789069847564,0.0448432440895321,0.000366248563989123,2032,0.450787401574803,0.003,"***",FALSE
"PFBS","airport",25,"cov","detect",-0.00815526762177819,0.00874408652767733,0.351119126754516,1894,0.444033790918691,0.003,"",FALSE
"PFBS","airport",25,"cov","intensive",0.00731578932504731,0.0194444832196797,0.706842915704967,841,0.444033790918691,0.003,"",FALSE
"PFBS","airport",25,"cov","tobit",-0.035480124300787,0.0216526274908704,0.101295351786624,1894,0.444033790918691,0.003,"",FALSE
"PFBS","airport",25,"raw","detect",-0.0265764854607052,0.00764935770783751,0.000522853161505954,2032,0.450787401574803,0.003,"***",FALSE
"PFBS","airport",25,"raw","intensive",-0.0434878055656347,0.0162321201692116,0.00751421657452316,916,0.450787401574803,0.003,"***",FALSE
"PFBS","airport",25,"raw","tobit",-0.0842693367367229,0.0195051956858235,1.55779582991547e-05,2032,0.450787401574803,0.003,"***",FALSE
"PFBS","airport+milbase",5,"cov","detect",-0.0980240377938036,0.0341210401745757,0.00411537864016784,1894,0.444033790918691,0.003,"***",FALSE
"PFBS","airport+milbase",5,"cov","intensive",0.0373868961042925,0.0734660131032142,0.610968657685207,841,0.444033790918691,0.003,"",FALSE
"PFBS","airport+milbase",5,"cov","tobit",-0.235192520539208,0.0857599405984298,0.00609823621424107,1894,0.444033790918691,0.003,"***",FALSE
"PFBS","airport+milbase",5,"raw","detect",-0.133419940646954,0.0309899015409129,1.74721917669818e-05,2032,0.450787401574803,0.003,"***",FALSE
"PFBS","airport+milbase",5,"raw","intensive",-0.140571396493481,0.0644253960112388,0.0293691116691874,916,0.450787401574803,0.003,"**",FALSE
"PFBS","airport+milbase",5,"raw","tobit",-0.385467936635543,0.0803062433425754,1.58685672439484e-06,2032,0.450787401574803,0.003,"***",FALSE
"PFBS","airport+milbase",10,"cov","detect",-0.0379563960084086,0.0163524751986357,0.0203895297346175,1894,0.444033790918691,0.003,"**",FALSE
"PFBS","airport+milbase",10,"cov","intensive",0.0207283135952738,0.0363774425328803,0.568972311379214,841,0.444033790918691,0.003,"",FALSE
"PFBS","airport+milbase",10,"cov","tobit",-0.101450542240868,0.0408056988661316,0.0129120593341727,1894,0.444033790918691,0.003,"**",FALSE
"PFBS","airport+milbase",10,"raw","detect",-0.0729827128240666,0.0145383620521138,5.61766877084588e-07,2032,0.450787401574803,0.003,"***",FALSE
"PFBS","airport+milbase",10,"raw","intensive",-0.0776653890954007,0.0305560423548545,0.0111944980421911,916,0.450787401574803,0.003,"**",FALSE
"PFBS","airport+milbase",10,"raw","tobit",-0.209056700570997,0.0374048701218237,2.28349966924541e-08,2032,0.450787401574803,0.003,"***",FALSE
"PFBS","airport+milbase",25,"cov","detect",-0.0133670771354647,0.00830403654800994,0.107635433885043,1894,0.444033790918691,0.003,"",FALSE
"PFBS","airport+milbase",25,"cov","intensive",0.00684206286936235,0.0192613904306646,0.722521462184041,841,0.444033790918691,0.003,"",FALSE
"PFBS","airport+milbase",25,"cov","tobit",-0.044155845183505,0.0207001988795215,0.0329155295137715,1894,0.444033790918691,0.003,"**",FALSE
"PFBS","airport+milbase",25,"raw","detect",-0.0357359199536929,0.00715928355293818,6.50047599984451e-07,2032,0.450787401574803,0.003,"***",FALSE
"PFBS","airport+milbase",25,"raw","intensive",-0.0512265647219772,0.0155052437877046,0.000990816540398985,916,0.450787401574803,0.003,"***",FALSE
"PFBS","airport+milbase",25,"raw","tobit",-0.108707266613728,0.0183475917596145,3.12526853968034e-09,2032,0.450787401574803,0.003,"***",FALSE
"PFBS","airport+milfire",5,"cov","detect",-0.121774894408599,0.0379318370904923,0.00134886033053648,1894,0.444033790918691,0.003,"***",FALSE
"PFBS","airport+milfire",5,"cov","intensive",0.0427740393203495,0.0810224767885208,0.597702357874644,841,0.444033790918691,0.003,"",FALSE
"PFBS","airport+milfire",5,"cov","tobit",-0.293352302283432,0.0961099101713618,0.00227126316867253,1894,0.444033790918691,0.003,"***",FALSE
"PFBS","airport+milfire",5,"raw","detect",-0.162379002740657,0.0345341291469675,2.74970226108182e-06,2032,0.450787401574803,0.003,"***",FALSE
"PFBS","airport+milfire",5,"raw","intensive",-0.159518814268971,0.0710529367693717,0.0250020440096037,916,0.450787401574803,0.003,"**",FALSE
"PFBS","airport+milfire",5,"raw","tobit",-0.465119018026078,0.0899627019034978,2.33929060323348e-07,2032,0.450787401574803,0.003,"***",FALSE
"PFBS","airport+milfire",10,"cov","detect",-0.0552317199180547,0.0181381019785369,0.00235974779590079,1894,0.444033790918691,0.003,"***",FALSE
"PFBS","airport+milfire",10,"cov","intensive",0.00482700197177655,0.0395539061768117,0.902902527366604,841,0.444033790918691,0.003,"",FALSE
"PFBS","airport+milfire",10,"cov","tobit",-0.153891964729583,0.0453214837479592,0.00068487547388,1894,0.444033790918691,0.003,"***",FALSE
"PFBS","airport+milfire",10,"raw","detect",-0.09312878353344,0.0160273525847978,7.21000563648714e-09,2032,0.450787401574803,0.003,"***",FALSE
"PFBS","airport+milfire",10,"raw","intensive",-0.0973179954830005,0.0333410689140994,0.00359929573929232,916,0.450787401574803,0.003,"***",FALSE
"PFBS","airport+milfire",10,"raw","tobit",-0.265985308443056,0.0412772214629016,1.16460029121799e-10,2032,0.450787401574803,0.003,"***",FALSE
"PFBS","airport+milfire",25,"cov","detect",-0.0234462859749092,0.00851842355726592,0.00597452004069542,1894,0.444033790918691,0.003,"***",FALSE
"PFBS","airport+milfire",25,"cov","intensive",-0.00642392289467367,0.01953908110242,0.742417228941856,841,0.444033790918691,0.003,"",FALSE
"PFBS","airport+milfire",25,"cov","tobit",-0.0758741549286356,0.0212453487710782,0.000355172826683224,1894,0.444033790918691,0.003,"***",FALSE
"PFBS","airport+milfire",25,"raw","detect",-0.0432560748053767,0.00723032181140531,2.58898271498736e-09,2032,0.450787401574803,0.003,"***",FALSE
"PFBS","airport+milfire",25,"raw","intensive",-0.0595628370240769,0.0157079876038825,0.000159326428835258,916,0.450787401574803,0.003,"***",FALSE
"PFBS","airport+milfire",25,"raw","tobit",-0.130250606949809,0.018597171970931,2.49137114108536e-12,2032,0.450787401574803,0.003,"***",FALSE
"PFBS","airport+milfire+milbase",5,"cov","detect",-0.128955703208103,0.033419811828669,0.000117996481485696,1894,0.444033790918691,0.003,"***",FALSE
"PFBS","airport+milfire+milbase",5,"cov","intensive",0.0293519902842742,0.0738786026484495,0.691256856789673,841,0.444033790918691,0.003,"",FALSE
"PFBS","airport+milfire+milbase",5,"cov","tobit",-0.317733902364267,0.0851259050944274,0.000189575769996872,1894,0.444033790918691,0.003,"***",FALSE
"PFBS","airport+milfire+milbase",5,"raw","detect",-0.166384726777121,0.0297385263265541,2.50611458642101e-08,2032,0.450787401574803,0.003,"***",FALSE
"PFBS","airport+milfire+milbase",5,"raw","intensive",-0.15584782730155,0.0636075497648901,0.0144663831007129,916,0.450787401574803,0.003,"**",FALSE
"PFBS","airport+milfire+milbase",5,"raw","tobit",-0.472143902788357,0.0782403199651746,1.5942166246193e-09,2032,0.450787401574803,0.003,"***",FALSE
"PFBS","airport+milfire+milbase",10,"cov","detect",-0.0548341706139097,0.0160468268141165,0.000646804285753976,1894,0.444033790918691,0.003,"***",FALSE
"PFBS","airport+milfire+milbase",10,"cov","intensive",0.00854585640674405,0.0364315091416309,0.814602764868816,841,0.444033790918691,0.003,"",FALSE
"PFBS","airport+milfire+milbase",10,"cov","tobit",-0.147369954980304,0.0403725821325429,0.000261986783159469,1894,0.444033790918691,0.003,"***",FALSE
"PFBS","airport+milfire+milbase",10,"raw","detect",-0.087159344935666,0.0138928757688409,4.29778686602874e-10,2032,0.450787401574803,0.003,"***",FALSE
"PFBS","airport+milfire+milbase",10,"raw","intensive",-0.0886555582751484,0.0299063290293122,0.00311107381659154,916,0.450787401574803,0.003,"***",FALSE
"PFBS","airport+milfire+milbase",10,"raw","tobit",-0.2476169098364,0.0361030264829975,6.95293132616377e-12,2032,0.450787401574803,0.003,"***",FALSE
"PFBS","airport+milfire+milbase",25,"cov","detect",-0.0219417124528012,0.00826394716650202,0.00799751071421899,1894,0.444033790918691,0.003,"***",FALSE
"PFBS","airport+milfire+milbase",25,"cov","intensive",-0.0020993553384153,0.0193473040730325,0.91362044788687,841,0.444033790918691,0.003,"",FALSE
"PFBS","airport+milfire+milbase",25,"cov","tobit",-0.0674618746640064,0.020647141849758,0.00108551284484984,1894,0.444033790918691,0.003,"***",FALSE
"PFBS","airport+milfire+milbase",25,"raw","detect",-0.0420363867513362,0.00696935504931363,1.92395092181269e-09,2032,0.450787401574803,0.003,"***",FALSE
"PFBS","airport+milfire+milbase",25,"raw","intensive",-0.0583193183110823,0.0152572423502483,0.000141108273691354,916,0.450787401574803,0.003,"***",FALSE
"PFBS","airport+milfire+milbase",25,"raw","tobit",-0.126531527730253,0.0179289847410571,1.69680066754777e-12,2032,0.450787401574803,0.003,"***",FALSE
"PFBS","airport+milfire+milsusp",5,"cov","detect",-0.131954779462879,0.0359335173381788,0.000247441001363311,1894,0.444033790918691,0.003,"***",FALSE
"PFBS","airport+milfire+milsusp",5,"cov","intensive",0.031477597125435,0.0786269605132193,0.689017133068884,841,0.444033790918691,0.003,"",FALSE
"PFBS","airport+milfire+milsusp",5,"cov","tobit",-0.321656313018512,0.0913100812151209,0.000427204783181969,1894,0.444033790918691,0.003,"***",FALSE
"PFBS","airport+milfire+milsusp",5,"raw","detect",-0.154764300445338,0.0323588283310058,1.85349575862693e-06,2032,0.450787401574803,0.003,"***",FALSE
"PFBS","airport+milfire+milsusp",5,"raw","intensive",-0.15562934223148,0.0676360555514686,0.0216169408353223,916,0.450787401574803,0.003,"**",FALSE
"PFBS","airport+milfire+milsusp",5,"raw","tobit",-0.444179238171986,0.0843195747113072,1.38063215729086e-07,2032,0.450787401574803,0.003,"***",FALSE
"PFBS","airport+milfire+milsusp",10,"cov","detect",-0.055374177746467,0.0171360508490774,0.00125373050524365,1894,0.444033790918691,0.003,"***",FALSE
"PFBS","airport+milfire+milsusp",10,"cov","intensive",0.00262653310256538,0.0379709199108939,0.944870606001609,841,0.444033790918691,0.003,"",FALSE
"PFBS","airport+milfire+milsusp",10,"cov","tobit",-0.152707024020223,0.0428962790541017,0.000370977591722644,1894,0.444033790918691,0.003,"***",FALSE
"PFBS","airport+milfire+milsusp",10,"raw","detect",-0.0864141556830988,0.0150426347955423,1.06043217323558e-08,2032,0.450787401574803,0.003,"***",FALSE
"PFBS","airport+milfire+milsusp",10,"raw","intensive",-0.0902186598901813,0.0314586860653293,0.00422782104208039,916,0.450787401574803,0.003,"***",FALSE
"PFBS","airport+milfire+milsusp",10,"raw","tobit",-0.246353736024558,0.0387123474480598,1.9695162193557e-10,2032,0.450787401574803,0.003,"***",FALSE
"PFBS","airport+milfire+milsusp",25,"cov","detect",-0.0230240247629606,0.00826143364462097,0.00537641709968205,1894,0.444033790918691,0.003,"***",FALSE
"PFBS","airport+milfire+milsusp",25,"cov","intensive",-0.00422517974343186,0.0189747563061795,0.823848887231239,841,0.444033790918691,0.003,"",FALSE
"PFBS","airport+milfire+milsusp",25,"cov","tobit",-0.0723429510912587,0.0206015788733471,0.000445544218855144,1894,0.444033790918691,0.003,"***",FALSE
"PFBS","airport+milfire+milsusp",25,"raw","detect",-0.0416394988674984,0.00701287017843312,3.39384578444335e-09,2032,0.450787401574803,0.003,"***",FALSE
"PFBS","airport+milfire+milsusp",25,"raw","intensive",-0.0538789348021025,0.0151456503945935,0.000393812260329857,916,0.450787401574803,0.003,"***",FALSE
"PFBS","airport+milfire+milsusp",25,"raw","tobit",-0.12344398185305,0.0180025387367884,7.03059511654148e-12,2032,0.450787401574803,0.003,"***",FALSE
"PFBS","airport+milfire+milsusp+milbase",5,"cov","detect",-0.127393511591863,0.032132007491638,7.63417018988136e-05,1894,0.444033790918691,0.003,"***",FALSE
"PFBS","airport+milfire+milsusp+milbase",5,"cov","intensive",0.0335454094920439,0.0709317703482917,0.63640157008585,841,0.444033790918691,0.003,"",FALSE
"PFBS","airport+milfire+milsusp+milbase",5,"cov","tobit",-0.308016809037353,0.0815311555297282,0.000158154358394571,1894,0.444033790918691,0.003,"***",FALSE
"PFBS","airport+milfire+milsusp+milbase",5,"raw","detect",-0.154399754996811,0.0282566933374241,5.22201318569034e-08,2032,0.450787401574803,0.003,"***",FALSE
"PFBS","airport+milfire+milsusp+milbase",5,"raw","intensive",-0.140182796526142,0.0603978673526923,0.0205066386003298,916,0.450787401574803,0.003,"**",FALSE
"PFBS","airport+milfire+milsusp+milbase",5,"raw","tobit",-0.434217432348695,0.0740821598094654,4.59269748027373e-09,2032,0.450787401574803,0.003,"***",FALSE
"PFBS","airport+milfire+milsusp+milbase",10,"cov","detect",-0.0531411612395223,0.0155500372110958,0.00064610819531165,1894,0.444033790918691,0.003,"***",FALSE
"PFBS","airport+milfire+milsusp+milbase",10,"cov","intensive",0.0130850863560971,0.035079627874394,0.709243601563614,841,0.444033790918691,0.003,"",FALSE
"PFBS","airport+milfire+milsusp+milbase",10,"cov","tobit",-0.138849516530862,0.0390022962114132,0.000370806204142955,1894,0.444033790918691,0.003,"***",FALSE
"PFBS","airport+milfire+milsusp+milbase",10,"raw","detect",-0.0814576160386207,0.0133698246714487,1.32512303267409e-09,2032,0.450787401574803,0.003,"***",FALSE
"PFBS","airport+milfire+milsusp+milbase",10,"raw","intensive",-0.0792936905768641,0.0285904836933422,0.00565982733658553,916,0.450787401574803,0.003,"***",FALSE
"PFBS","airport+milfire+milsusp+milbase",10,"raw","tobit",-0.228974537825934,0.0346175723495252,3.73056839957692e-11,2032,0.450787401574803,0.003,"***",FALSE
"PFBS","airport+milfire+milsusp+milbase",25,"cov","detect",-0.0212167464258551,0.00814049807547214,0.00922696770077424,1894,0.444033790918691,0.003,"***",FALSE
"PFBS","airport+milfire+milsusp+milbase",25,"cov","intensive",0.00237463440958318,0.0188965605372609,0.900030203387188,841,0.444033790918691,0.003,"",FALSE
"PFBS","airport+milfire+milsusp+milbase",25,"cov","tobit",-0.0626248057833826,0.0202985510766681,0.0020342488782928,1894,0.444033790918691,0.003,"***",FALSE
"PFBS","airport+milfire+milsusp+milbase",25,"raw","detect",-0.0404712746203671,0.0068577194893015,4.20904145220453e-09,2032,0.450787401574803,0.003,"***",FALSE
"PFBS","airport+milfire+milsusp+milbase",25,"raw","intensive",-0.0523735493454662,0.0149082088986394,0.000464668265343411,916,0.450787401574803,0.003,"***",FALSE
"PFBS","airport+milfire+milsusp+milbase",25,"raw","tobit",-0.119725036718993,0.0175962106136632,1.01736683574048e-11,2032,0.450787401574803,0.003,"***",FALSE
"PFBS","airport+milsusp",5,"cov","detect",-0.0902339458095882,0.0382933942681113,0.0185595904840308,1894,0.444033790918691,0.003,"**",FALSE
"PFBS","airport+milsusp",5,"cov","intensive",0.0492275934043278,0.0795984359024415,0.536463327250263,841,0.444033790918691,0.003,"",FALSE
"PFBS","airport+milsusp",5,"cov","tobit",-0.209360757531805,0.0958185257619842,0.028890928989983,1894,0.444033790918691,0.003,"**",FALSE
"PFBS","airport+milsusp",5,"raw","detect",-0.0923791318144055,0.0356418557582234,0.00961397623116749,2032,0.450787401574803,0.003,"***",FALSE
"PFBS","airport+milsusp",5,"raw","intensive",-0.11395921141449,0.0713166333079164,0.110403487537742,916,0.450787401574803,0.003,"",FALSE
"PFBS","airport+milsusp",5,"raw","tobit",-0.276083694716631,0.090867061870668,0.00237896982399822,2032,0.450787401574803,0.003,"***",FALSE
"PFBS","airport+milsusp",10,"cov","detect",-0.0319255558285692,0.0183482799219281,0.0820328362812317,1894,0.444033790918691,0.003,"*",FALSE
"PFBS","airport+milsusp",10,"cov","intensive",0.0217414302227356,0.0386551365605701,0.573976899290212,841,0.444033790918691,0.003,"",FALSE
"PFBS","airport+milsusp",10,"cov","tobit",-0.088858293343133,0.0452834243909762,0.0497310884127911,1894,0.444033790918691,0.003,"**",FALSE
"PFBS","airport+milsusp",10,"raw","detect",-0.0584685188459173,0.0167733718464456,0.000501102645022355,2032,0.450787401574803,0.003,"***",FALSE
"PFBS","airport+milsusp",10,"raw","intensive",-0.068257122138798,0.0335233811628386,0.0420277008464464,916,0.450787401574803,0.003,"**",FALSE
"PFBS","airport+milsusp",10,"raw","tobit",-0.170841782256489,0.0424243584278498,5.64993118842026e-05,2032,0.450787401574803,0.003,"***",FALSE
"PFBS","airport+milsusp",25,"cov","detect",-0.0106794649035426,0.00849378904133802,0.208797241044764,1894,0.444033790918691,0.003,"",FALSE
"PFBS","airport+milsusp",25,"cov","intensive",0.00775655112593011,0.0189076453394079,0.681749468328546,841,0.444033790918691,0.003,"",FALSE
"PFBS","airport+milsusp",25,"cov","tobit",-0.0389735448671304,0.0210342079818559,0.0639017306152002,1894,0.444033790918691,0.003,"*",FALSE
"PFBS","airport+milsusp",25,"raw","detect",-0.029321507351164,0.0074201209659905,8.02781848075165e-05,2032,0.450787401574803,0.003,"***",FALSE
"PFBS","airport+milsusp",25,"raw","intensive",-0.0406845738262375,0.0157033602717452,0.00972731580688612,916,0.450787401574803,0.003,"***",FALSE
"PFBS","airport+milsusp",25,"raw","tobit",-0.0887471965021195,0.0189064816897658,2.67902149184707e-06,2032,0.450787401574803,0.003,"***",FALSE
"PFBS","airport+milsusp+milbase",5,"cov","detect",-0.0994642449662564,0.0327047722589511,0.00238950183571211,1894,0.444033790918691,0.003,"***",FALSE
"PFBS","airport+milsusp+milbase",5,"cov","intensive",0.0413713132008983,0.0704692490477024,0.557321039149276,841,0.444033790918691,0.003,"",FALSE
"PFBS","airport+milsusp+milbase",5,"cov","tobit",-0.233142170962644,0.0819882656364222,0.00446064306975043,1894,0.444033790918691,0.003,"***",FALSE
"PFBS","airport+milsusp+milbase",5,"raw","detect",-0.124218426460589,0.029341694628094,2.40331730987103e-05,2032,0.450787401574803,0.003,"***",FALSE
"PFBS","airport+milsusp+milbase",5,"raw","intensive",-0.125726745203496,0.0611271956586987,0.0399883035095406,916,0.450787401574803,0.003,"**",FALSE
"PFBS","airport+milsusp+milbase",5,"raw","tobit",-0.355021133045977,0.0758901032799677,2.8955201972171e-06,2032,0.450787401574803,0.003,"***",FALSE
"PFBS","airport+milsusp+milbase",10,"cov","detect",-0.037690282368669,0.015826013936686,0.0173429760486779,1894,0.444033790918691,0.003,"**",FALSE
"PFBS","airport+milsusp+milbase",10,"cov","intensive",0.0244787060829609,0.0350199950674941,0.484769310335388,841,0.444033790918691,0.003,"",FALSE
"PFBS","airport+milsusp+milbase",10,"cov","tobit",-0.0965305498443546,0.0393882751742927,0.0142561597445206,1894,0.444033790918691,0.003,"**",FALSE
"PFBS","airport+milsusp+milbase",10,"raw","detect",-0.0682767733307713,0.0139521284793403,1.06784958371027e-06,2032,0.450787401574803,0.003,"***",FALSE
"PFBS","airport+milsusp+milbase",10,"raw","intensive",-0.0690225502743583,0.0291817926465104,0.0182253448071499,916,0.450787401574803,0.003,"**",FALSE
"PFBS","airport+milsusp+milbase",10,"raw","tobit",-0.193171981522068,0.0357997992724399,6.81825627776541e-08,2032,0.450787401574803,0.003,"***",FALSE
"PFBS","airport+milsusp+milbase",25,"cov","detect",-0.0133037398502154,0.00819280316162101,0.104585210811543,1894,0.444033790918691,0.003,"",FALSE
"PFBS","airport+milsusp+milbase",25,"cov","intensive",0.0106412930934027,0.0188262539154372,0.572078376507548,841,0.444033790918691,0.003,"",FALSE
"PFBS","airport+milsusp+milbase",25,"cov","tobit",-0.0409694428572951,0.0203765783701961,0.0443661968537454,1894,0.444033790918691,0.003,"**",FALSE
"PFBS","airport+milsusp+milbase",25,"raw","detect",-0.03469873949843,0.00704730773787688,9.17860392643641e-07,2032,0.450787401574803,0.003,"***",FALSE
"PFBS","airport+milsusp+milbase",25,"raw","intensive",-0.0457717043508813,0.0151504625079154,0.00258834916146487,916,0.450787401574803,0.003,"***",FALSE
"PFBS","airport+milsusp+milbase",25,"raw","tobit",-0.103338089085509,0.0180172855006153,9.72267448817806e-09,2032,0.450787401574803,0.003,"***",FALSE
"PFBS","milbase",5,"cov","detect",-0.222408838324192,0.0623350439793713,0.000369114079203308,1894,0.444033790918691,0.003,"***",FALSE
"PFBS","milbase",5,"cov","intensive",-0.132038845615381,0.16778840087507,0.431562656922567,841,0.444033790918691,0.003,"",FALSE
"PFBS","milbase",5,"cov","tobit",-0.624219661346238,0.165751936546996,0.000165892331397069,1894,0.444033790918691,0.003,"***",FALSE
"PFBS","milbase",5,"raw","detect",-0.286142502931989,0.0521617179277494,4.63325326795044e-08,2032,0.450787401574803,0.003,"***",FALSE
"PFBS","milbase",5,"raw","intensive",-0.307395567837666,0.132247659964375,0.0203227732124408,916,0.450787401574803,0.003,"**",FALSE
"PFBS","milbase",5,"raw","tobit",-0.859333221767069,0.146176270199016,4.13385127578631e-09,2032,0.450787401574803,0.003,"***",FALSE
"PFBS","milbase",10,"cov","detect",-0.110495546754545,0.030275937848001,0.000270060490570663,1894,0.444033790918691,0.003,"***",FALSE
"PFBS","milbase",10,"cov","intensive",-0.0711610685466541,0.0816836324076135,0.383929707015642,841,0.444033790918691,0.003,"",FALSE
"PFBS","milbase",10,"cov","tobit",-0.314944366778697,0.079625643658078,7.64344216273211e-05,1894,0.444033790918691,0.003,"***",FALSE
"PFBS","milbase",10,"raw","detect",-0.151544609268798,0.0243517637786953,5.90268289691518e-10,2032,0.450787401574803,0.003,"***",FALSE
"PFBS","milbase",10,"raw","intensive",-0.159985755973182,0.0595210757685372,0.00732136549282479,916,0.450787401574803,0.003,"***",FALSE
"PFBS","milbase",10,"raw","tobit",-0.448093085582271,0.0670762802592762,2.38370880603941e-11,2032,0.450787401574803,0.003,"***",FALSE
"PFBS","milbase",25,"cov","detect",-0.0505110295276761,0.0137283850827152,0.000240683486559147,1894,0.444033790918691,0.003,"***",FALSE
"PFBS","milbase",25,"cov","intensive",-0.0558707035863595,0.0355042210763897,0.11598519074523,841,0.444033790918691,0.003,"",FALSE
"PFBS","milbase",25,"cov","tobit",-0.150958878444288,0.0355330664431555,2.15297334392502e-05,1894,0.444033790918691,0.003,"***",FALSE
"PFBS","milbase",25,"raw","detect",-0.074418737558269,0.0108371558335651,8.68448790718525e-12,2032,0.450787401574803,0.003,"***",FALSE
"PFBS","milbase",25,"raw","intensive",-0.0920412913874899,0.0248234791356749,0.000221630491183973,916,0.450787401574803,0.003,"***",FALSE
"PFBS","milbase",25,"raw","tobit",-0.222440917737802,0.0289053703628909,1.40955657487307e-14,2032,0.450787401574803,0.003,"***",FALSE
"PFBS","milfire",5,"cov","detect",-0.428382192173126,0.0947169992347455,6.49889032773874e-06,1894,0.444033790918691,0.003,"***",FALSE
"PFBS","milfire",5,"cov","intensive",-0.332955118719896,0.32381885914482,0.304174111513718,841,0.444033790918691,0.003,"",FALSE
"PFBS","milfire",5,"cov","tobit",-1.31643158351761,0.281510328652776,2.92072758247508e-06,1894,0.444033790918691,0.003,"***",FALSE
"PFBS","milfire",5,"raw","detect",-0.544439729632129,0.0792214883726483,8.3705109722881e-12,2032,0.450787401574803,0.003,"***",FALSE
"PFBS","milfire",5,"raw","intensive",-0.688575554926151,0.240388100289344,0.00427323321764276,916,0.450787401574803,0.003,"***",FALSE
"PFBS","milfire",5,"raw","tobit",-1.80005423487063,0.249722156590863,5.66846733979313e-13,2032,0.450787401574803,0.003,"***",FALSE
"PFBS","milfire",10,"cov","detect",-0.260528593282688,0.0490234515410627,1.20235668321134e-07,1894,0.444033790918691,0.003,"***",FALSE
"PFBS","milfire",10,"cov","intensive",-0.377391402190161,0.155174967723345,0.0152425668270692,841,0.444033790918691,0.003,"**",FALSE
"PFBS","milfire",10,"cov","tobit",-0.825276892773411,0.138850125012455,2.78740186269749e-09,1894,0.444033790918691,0.003,"***",FALSE
"PFBS","milfire",10,"raw","detect",-0.293095926769823,0.0380569664813424,2.08648581442081e-14,2032,0.450787401574803,0.003,"***",FALSE
"PFBS","milfire",10,"raw","intensive",-0.413483129798156,0.109666808050282,0.000173483994470766,916,0.450787401574803,0.003,"***",FALSE
"PFBS","milfire",10,"raw","tobit",-0.938527476725013,0.112811570180066,8.8390541033083e-17,2032,0.450787401574803,0.003,"***",FALSE
"PFBS","milfire",25,"cov","detect",-0.110077891454195,0.0206277068209893,1.06702795319208e-07,1894,0.444033790918691,0.003,"***",FALSE
"PFBS","milfire",25,"cov","intensive",-0.214000673008071,0.0562235892698187,0.000152373098202997,841,0.444033790918691,0.003,"***",FALSE
"PFBS","milfire",25,"cov","tobit",-0.352433075045272,0.0544011481003265,9.26926906005096e-11,1894,0.444033790918691,0.003,"***",FALSE
"PFBS","milfire",25,"raw","detect",-0.108338556510485,0.015441363123562,3.09624295614792e-12,2032,0.450787401574803,0.003,"***",FALSE
"PFBS","milfire",25,"raw","intensive",-0.203885870186215,0.0401649518882035,4.66514446783593e-07,916,0.450787401574803,0.003,"***",FALSE
"PFBS","milfire",25,"raw","tobit",-0.357016408181151,0.0428817067955543,8.38949064201237e-17,2032,0.450787401574803,0.003,"***",FALSE
"PFBS","milfire+milbase",5,"cov","detect",-0.282891394893252,0.0569908528654392,7.55988255912945e-07,1894,0.444033790918691,0.003,"***",FALSE
"PFBS","milfire+milbase",5,"cov","intensive",-0.15409916468285,0.166845894027416,0.355984905262617,841,0.444033790918691,0.003,"",FALSE
"PFBS","milfire+milbase",5,"cov","tobit",-0.83167032369511,0.159318666600849,1.78760177947622e-07,1894,0.444033790918691,0.003,"***",FALSE
"PFBS","milfire+milbase",5,"raw","detect",-0.335288230914212,0.0468128534125223,1.10463796223309e-12,2032,0.450787401574803,0.003,"***",FALSE
"PFBS","milfire+milbase",5,"raw","intensive",-0.331665981174911,0.125964417055613,0.00860597284403336,916,0.450787401574803,0.003,"***",FALSE
"PFBS","milfire+milbase",5,"raw","tobit",-1.02043895006957,0.137142407842464,1.00134164813115e-13,2032,0.450787401574803,0.003,"***",FALSE
"PFBS","milfire+milbase",10,"cov","detect",-0.142973787024014,0.02745377531168,2.12806707421877e-07,1894,0.444033790918691,0.003,"***",FALSE
"PFBS","milfire+milbase",10,"cov","intensive",-0.0987009908847877,0.0771505279754678,0.201168734253111,841,0.444033790918691,0.003,"",FALSE
"PFBS","milfire+milbase",10,"cov","tobit",-0.414550468762281,0.0739473594057118,2.07030546377073e-08,1894,0.444033790918691,0.003,"***",FALSE
"PFBS","milfire+milbase",10,"raw","detect",-0.168540330821253,0.0215535749152806,8.44592062343573e-15,2032,0.450787401574803,0.003,"***",FALSE
"PFBS","milfire+milbase",10,"raw","intensive",-0.168774309815371,0.0546720376317241,0.00208262967841285,916,0.450787401574803,0.003,"***",FALSE
"PFBS","milfire+milbase",10,"raw","tobit",-0.496855287592025,0.0605284078527658,2.23727013621681e-16,2032,0.450787401574803,0.003,"***",FALSE
"PFBS","milfire+milbase",25,"cov","detect",-0.0617685223160805,0.0123935350166337,6.82350907370669e-07,1894,0.444033790918691,0.003,"***",FALSE
"PFBS","milfire+milbase",25,"cov","intensive",-0.0630706979890316,0.0321803639485449,0.0503686867063077,841,0.444033790918691,0.003,"*",FALSE
"PFBS","milfire+milbase",25,"cov","tobit",-0.17977978633264,0.0322355728893496,2.44614803742976e-08,1894,0.444033790918691,0.003,"***",FALSE
"PFBS","milfire+milbase",25,"raw","detect",-0.0748068382912623,0.0095454878024365,7.3912848363825e-15,2032,0.450787401574803,0.003,"***",FALSE
"PFBS","milfire+milbase",25,"raw","intensive",-0.0890244673383366,0.0223209793919747,7.18423852592386e-05,916,0.450787401574803,0.003,"***",FALSE
"PFBS","milfire+milbase",25,"raw","tobit",-0.221655520523288,0.0256701222241063,5.8846934065693e-18,2032,0.450787401574803,0.003,"***",FALSE
"PFBS","milfire+milsusp",5,"cov","detect",-0.371626174853466,0.0766550789697728,1.35317722284233e-06,1894,0.444033790918691,0.003,"***",FALSE
"PFBS","milfire+milsusp",5,"cov","intensive",-0.240483268928368,0.232751378655137,0.301827695334837,841,0.444033790918691,0.003,"",FALSE
"PFBS","milfire+milsusp",5,"cov","tobit",-1.06661991572486,0.213290266029655,5.70957562493418e-07,1894,0.444033790918691,0.003,"***",FALSE
"PFBS","milfire+milsusp",5,"raw","detect",-0.369006989832795,0.0621499251743562,3.39821784591586e-09,2032,0.450787401574803,0.003,"***",FALSE
"PFBS","milfire+milsusp",5,"raw","intensive",-0.40048405790476,0.16455083609903,0.015131856034928,916,0.450787401574803,0.003,"**",FALSE
"PFBS","milfire+milsusp",5,"raw","tobit",-1.11507508682579,0.176591400297456,2.71148587768151e-10,2032,0.450787401574803,0.003,"***",FALSE
"PFBS","milfire+milsusp",10,"cov","detect",-0.175674517621833,0.0377870172715159,3.57488803190685e-06,1894,0.444033790918691,0.003,"***",FALSE
"PFBS","milfire+milsusp",10,"cov","intensive",-0.196389073095192,0.108112748692765,0.0696817310155974,841,0.444033790918691,0.003,"*",FALSE
"PFBS","milfire+milsusp",10,"cov","tobit",-0.526180058303216,0.101475695264242,2.15688681081631e-07,1894,0.444033790918691,0.003,"***",FALSE
"PFBS","milfire+milsusp",10,"raw","detect",-0.18392700170771,0.0291780971570222,3.55746341963522e-10,2032,0.450787401574803,0.003,"***",FALSE
"PFBS","milfire+milsusp",10,"raw","intensive",-0.23077038983968,0.0748465792094796,0.00210903037434841,916,0.450787401574803,0.003,"***",FALSE
"PFBS","milfire+milsusp",10,"raw","tobit",-0.558546549642481,0.0808007767166698,4.75721582567227e-12,2032,0.450787401574803,0.003,"***",FALSE
"PFBS","milfire+milsusp",25,"cov","detect",-0.0652047598611469,0.0161899721532504,5.8701649081835e-05,1894,0.444033790918691,0.003,"***",FALSE
"PFBS","milfire+milsusp",25,"cov","intensive",-0.120663747262514,0.0433160577167149,0.00547407922147654,841,0.444033790918691,0.003,"***",FALSE
"PFBS","milfire+milsusp",25,"cov","tobit",-0.209299360904171,0.042189746094186,7.01651734689412e-07,1894,0.444033790918691,0.003,"***",FALSE
"PFBS","milfire+milsusp",25,"raw","detect",-0.0700271490613364,0.0122959889405988,1.41247151243325e-08,2032,0.450787401574803,0.003,"***",FALSE
"PFBS","milfire+milsusp",25,"raw","intensive",-0.129700940037796,0.0305592655665042,2.41716916940887e-05,916,0.450787401574803,0.003,"***",FALSE
"PFBS","milfire+milsusp",25,"raw","tobit",-0.228772833034419,0.0332549680163629,6.0122859179833e-12,2032,0.450787401574803,0.003,"***",FALSE
"PFBS","milfire+milsusp+milbase",5,"cov","detect",-0.241190698641466,0.0510596557196879,2.49382703220643e-06,1894,0.444033790918691,0.003,"***",FALSE
"PFBS","milfire+milsusp+milbase",5,"cov","intensive",-0.0809524403401582,0.140487424373272,0.564632237365383,841,0.444033790918691,0.003,"",FALSE
"PFBS","milfire+milsusp+milbase",5,"cov","tobit",-0.670266352674288,0.138267352296392,1.24957051360475e-06,1894,0.444033790918691,0.003,"***",FALSE
"PFBS","milfire+milsusp+milbase",5,"raw","detect",-0.267620185999934,0.0415678485245886,1.50507503606091e-10,2032,0.450787401574803,0.003,"***",FALSE
"PFBS","milfire+milsusp+milbase",5,"raw","intensive",-0.241416601915937,0.106467489346662,0.0235915553019926,916,0.450787401574803,0.003,"**",FALSE
"PFBS","milfire+milsusp+milbase",5,"raw","tobit",-0.787337722564155,0.11788413508775,2.40723230803123e-11,2032,0.450787401574803,0.003,"***",FALSE
"PFBS","milfire+milsusp+milbase",10,"cov","detect",-0.11756093849618,0.0250343221006927,2.85234898543063e-06,1894,0.444033790918691,0.003,"***",FALSE
"PFBS","milfire+milsusp+milbase",10,"cov","intensive",-0.0537392940465256,0.0671154830347463,0.423554568556402,841,0.444033790918691,0.003,"",FALSE
"PFBS","milfire+milsusp+milbase",10,"cov","tobit",-0.32743402830132,0.0660846869074532,7.24181273553684e-07,1894,0.444033790918691,0.003,"***",FALSE
"PFBS","milfire+milsusp+milbase",10,"raw","detect",-0.137711026767643,0.0196840874194573,3.5614176365543e-12,2032,0.450787401574803,0.003,"***",FALSE
"PFBS","milfire+milsusp+milbase",10,"raw","intensive",-0.131941596717242,0.0480730650127668,0.00617714231241438,916,0.450787401574803,0.003,"***",FALSE
"PFBS","milfire+milsusp+milbase",10,"raw","tobit",-0.398773673555524,0.0541154353642499,1.7198343137554e-13,2032,0.450787401574803,0.003,"***",FALSE
"PFBS","milfire+milsusp+milbase",25,"cov","detect",-0.0502801166832811,0.0117882097157879,2.0991733907635e-05,1894,0.444033790918691,0.003,"***",FALSE
"PFBS","milfire+milsusp+milbase",25,"cov","intensive",-0.0400364981750373,0.0300665657292361,0.183389832186144,841,0.444033790918691,0.003,"",FALSE
"PFBS","milfire+milsusp+milbase",25,"cov","tobit",-0.142055456609053,0.0303451724151892,2.85033876276205e-06,1894,0.444033790918691,0.003,"***",FALSE
"PFBS","milfire+milsusp+milbase",25,"raw","detect",-0.06418581193615,0.00914386117799097,3.02302587875746e-12,2032,0.450787401574803,0.003,"***",FALSE
"PFBS","milfire+milsusp+milbase",25,"raw","intensive",-0.0758252650467387,0.0210106353067339,0.000324193764098857,916,0.450787401574803,0.003,"***",FALSE
"PFBS","milfire+milsusp+milbase",25,"raw","tobit",-0.188922414676826,0.0242740106835852,7.08756516361661e-15,2032,0.450787401574803,0.003,"***",FALSE
"PFBS","milsusp",5,"cov","detect",-0.324377521338379,0.132089400444273,0.0141525415993033,1894,0.444033790918691,0.003,"**",FALSE
"PFBS","milsusp",5,"cov","intensive",-0.133346631043903,0.315448278663824,0.672617579837842,841,0.444033790918691,0.003,"",FALSE
"PFBS","milsusp",5,"cov","tobit",-0.809211142279745,0.336870760030009,0.0162994141857095,1894,0.444033790918691,0.003,"**",FALSE
"PFBS","milsusp",5,"raw","detect",-0.197766927066283,0.109686011554358,0.0715320894321584,2032,0.450787401574803,0.003,"*",FALSE
"PFBS","milsusp",5,"raw","intensive",-0.210442622028158,0.255210056030297,0.409821847166842,916,0.450787401574803,0.003,"",FALSE
"PFBS","milsusp",5,"raw","tobit",-0.573547324035715,0.289689569571906,0.047718279434924,2032,0.450787401574803,0.003,"**",FALSE
"PFBS","milsusp",10,"cov","detect",-0.11184299794563,0.0722519282955083,0.121806587327787,1894,0.444033790918691,0.003,"",FALSE
"PFBS","milsusp",10,"cov","intensive",-0.0461742780059847,0.168658381192088,0.784332213786658,841,0.444033790918691,0.003,"",FALSE
"PFBS","milsusp",10,"cov","tobit",-0.287165168293015,0.181500450529927,0.113610011920548,1894,0.444033790918691,0.003,"",FALSE
"PFBS","milsusp",10,"raw","detect",-0.107295400606408,0.0591463224977362,0.069814961515013,2032,0.450787401574803,0.003,"*",FALSE
"PFBS","milsusp",10,"raw","intensive",-0.146543788350305,0.134412299777579,0.27588782661771,916,0.450787401574803,0.003,"",FALSE
"PFBS","milsusp",10,"raw","tobit",-0.326396156708994,0.154752026292462,0.0349311229311057,2032,0.450787401574803,0.003,"**",FALSE
"PFBS","milsusp",25,"cov","detect",-0.0216358814677658,0.0396120101799291,0.584999040133372,1894,0.444033790918691,0.003,"",FALSE
"PFBS","milsusp",25,"cov","intensive",-0.0271434194249018,0.0931071586047172,0.770725941291229,841,0.444033790918691,0.003,"",FALSE
"PFBS","milsusp",25,"cov","tobit",-0.0654736111263422,0.0993800203122061,0.510010935242667,1894,0.444033790918691,0.003,"",FALSE
"PFBS","milsusp",25,"raw","detect",-0.0579770108788366,0.0324989264134871,0.0745783641099875,2032,0.450787401574803,0.003,"*",FALSE
"PFBS","milsusp",25,"raw","intensive",-0.115662273941152,0.0733395106440035,0.115123147039952,916,0.450787401574803,0.003,"",FALSE
"PFBS","milsusp",25,"raw","tobit",-0.194106350587587,0.0842622045680305,0.0212451504352754,2032,0.450787401574803,0.003,"**",FALSE
"PFBS","milsusp+milbase",5,"cov","detect",-0.188921534708497,0.0544989717363069,0.000539529997553762,1894,0.444033790918691,0.003,"***",FALSE
"PFBS","milsusp+milbase",5,"cov","intensive",-0.0620955023966134,0.140581959324896,0.658828813978007,841,0.444033790918691,0.003,"",FALSE
"PFBS","milsusp+milbase",5,"cov","tobit",-0.502883892507254,0.142350232031028,0.000411303683249729,1894,0.444033790918691,0.003,"***",FALSE
"PFBS","milsusp+milbase",5,"raw","detect",-0.218985373147528,0.0451390298186669,1.31956630421633e-06,2032,0.450787401574803,0.003,"***",FALSE
"PFBS","milsusp+milbase",5,"raw","intensive",-0.217091022890593,0.110281610034009,0.0493106377746788,916,0.450787401574803,0.003,"**",FALSE
"PFBS","milsusp+milbase",5,"raw","tobit",-0.641617171283986,0.123916378913048,2.24489142503825e-07,2032,0.450787401574803,0.003,"***",FALSE
"PFBS","milsusp+milbase",10,"cov","detect",-0.0882381736839944,0.0270728873012405,0.00113760244906934,1894,0.444033790918691,0.003,"***",FALSE
"PFBS","milsusp+milbase",10,"cov","intensive",-0.0292142904025711,0.0701341955506865,0.677125567950039,841,0.444033790918691,0.003,"",FALSE
"PFBS","milsusp+milbase",10,"cov","tobit",-0.239444696076177,0.0700886991263997,0.000634760338815203,1894,0.444033790918691,0.003,"***",FALSE
"PFBS","milsusp+milbase",10,"raw","detect",-0.11826764985618,0.0217401165760469,5.96902784048932e-08,2032,0.450787401574803,0.003,"***",FALSE
"PFBS","milsusp+milbase",10,"raw","intensive",-0.121591631656881,0.0514815995404846,0.0183930068731425,916,0.450787401574803,0.003,"**",FALSE
"PFBS","milsusp+milbase",10,"raw","tobit",-0.344906823235857,0.0588119270684615,4.50290714401004e-09,2032,0.450787401574803,0.003,"***",FALSE
"PFBS","milsusp+milbase",25,"cov","detect",-0.039244356095136,0.0128945731592187,0.00237217039518811,1894,0.444033790918691,0.003,"***",FALSE
"PFBS","milsusp+milbase",25,"cov","intensive",-0.0305788009627658,0.0325928168530251,0.348434277147404,841,0.444033790918691,0.003,"",FALSE
"PFBS","milsusp+milbase",25,"cov","tobit",-0.112124744728396,0.0329861013270769,0.000675953456152518,1894,0.444033790918691,0.003,"***",FALSE
"PFBS","milsusp+milbase",25,"raw","detect",-0.0618839806992606,0.0102353191869047,1.76123059258069e-09,2032,0.450787401574803,0.003,"***",FALSE
"PFBS","milsusp+milbase",25,"raw","intensive",-0.0767781467426654,0.0230249388717244,0.000888696345814552,916,0.450787401574803,0.003,"***",FALSE
"PFBS","milsusp+milbase",25,"raw","tobit",-0.184185448692172,0.0269568203945581,8.33832473100799e-12,2032,0.450787401574803,0.003,"***",FALSE
"PFHpA","airport",5,"cov","detect",0.0288187380658053,0.0269898797835122,0.285770381086861,1894,0.117740232312566,0.003,"",FALSE
"PFHpA","airport",5,"cov","intensive",-0.0672350586717431,0.108209825357208,0.535260376358826,223,0.117740232312566,0.003,"",FALSE
"PFHpA","airport",5,"cov","tobit",0.0594853501415471,0.12504826437401,0.634288743279566,1894,0.117740232312566,0.003,"",FALSE
"PFHpA","airport",5,"raw","detect",0.0389508039258117,0.0247922909064341,0.116318676511788,2032,0.118110236220472,0.003,"",FALSE
"PFHpA","airport",5,"raw","intensive",-0.0667701991235234,0.0641773634770962,0.299209339901812,240,0.118110236220472,0.003,"",FALSE
"PFHpA","airport",5,"raw","tobit",0.1160685574263,0.113450763870566,0.306272731352893,2032,0.118110236220472,0.003,"",FALSE
"PFHpA","airport",10,"cov","detect",0.0276474265837049,0.0128440285115871,0.0314854446384222,1894,0.117740232312566,0.003,"**",TRUE
"PFHpA","airport",10,"cov","intensive",-0.0312080532510628,0.0548003980204293,0.56982510068957,223,0.117740232312566,0.003,"",FALSE
"PFHpA","airport",10,"cov","tobit",0.0803639071429197,0.061461422530011,0.191025852206825,1894,0.117740232312566,0.003,"",FALSE
"PFHpA","airport",10,"raw","detect",0.0217636704768375,0.0115455605284515,0.0595691800156893,2032,0.118110236220472,0.003,"*",FALSE
"PFHpA","airport",10,"raw","intensive",-0.0421311331061581,0.0339686594903055,0.216087932995015,240,0.118110236220472,0.003,"",FALSE
"PFHpA","airport",10,"raw","tobit",0.0738929444713027,0.0554247744420347,0.182462419506687,2032,0.118110236220472,0.003,"",FALSE
"PFHpA","airport",25,"cov","detect",0.0147050109213151,0.00580314676033823,0.0113612591711562,1894,0.117740232312566,0.003,"**",TRUE
"PFHpA","airport",25,"cov","intensive",-0.0140259169906797,0.0293306711082069,0.633160837269008,223,0.117740232312566,0.003,"",FALSE
"PFHpA","airport",25,"cov","tobit",0.0562029239893882,0.0299115697292775,0.0602486726600676,1894,0.117740232312566,0.003,"*",FALSE
"PFHpA","airport",25,"raw","detect",0.00724748827938688,0.00497370651130239,0.145226766351285,2032,0.118110236220472,0.003,"",FALSE
"PFHpA","airport",25,"raw","intensive",-0.0221906749466604,0.01762982395831,0.209371648579489,240,0.118110236220472,0.003,"",FALSE
"PFHpA","airport",25,"raw","tobit",0.0270921526398317,0.0254782107335324,0.287625086460798,2032,0.118110236220472,0.003,"",FALSE
"PFHpA","airport+milbase",5,"cov","detect",0.0268812330649361,0.0227222835124259,0.236950625985405,1894,0.117740232312566,0.003,"",FALSE
"PFHpA","airport+milbase",5,"cov","intensive",-0.0540512227922738,0.0944534549612263,0.56795412285313,223,0.117740232312566,0.003,"",FALSE
"PFHpA","airport+milbase",5,"cov","tobit",0.0765953713445163,0.106929240503551,0.473794832042831,1894,0.117740232312566,0.003,"",FALSE
"PFHpA","airport+milbase",5,"raw","detect",0.0447523323646192,0.0201679908682337,0.0265984063398174,2032,0.118110236220472,0.003,"**",TRUE
"PFHpA","airport+milbase",5,"raw","intensive",-0.044329263470407,0.0569697096120737,0.437271202898058,240,0.118110236220472,0.003,"",FALSE
"PFHpA","airport+milbase",5,"raw","tobit",0.163806772831768,0.0950120851150379,0.0846965611906896,2032,0.118110236220472,0.003,"*",FALSE
"PFHpA","airport+milbase",10,"cov","detect",0.0217806084525568,0.0108732535514305,0.0453111125033136,1894,0.117740232312566,0.003,"**",TRUE
"PFHpA","airport+milbase",10,"cov","intensive",-0.0209521988879022,0.0487061421803981,0.667646679904609,223,0.117740232312566,0.003,"",FALSE
"PFHpA","airport+milbase",10,"cov","tobit",0.0730431979835947,0.0531880090997422,0.169658488644288,1894,0.117740232312566,0.003,"",FALSE
"PFHpA","airport+milbase",10,"raw","detect",0.022974183938237,0.00947460924458104,0.0154029042012386,2032,0.118110236220472,0.003,"**",TRUE
"PFHpA","airport+milbase",10,"raw","intensive",-0.0319355080449158,0.030627295361505,0.298138783921089,240,0.118110236220472,0.003,"",FALSE
"PFHpA","airport+milbase",10,"raw","tobit",0.0910868832271927,0.0468618107375244,0.0519275661985948,2032,0.118110236220472,0.003,"*",FALSE
"PFHpA","airport+milbase",25,"cov","detect",0.0125619222301458,0.00551558076929993,0.0228702147670028,1894,0.117740232312566,0.003,"**",TRUE
"PFHpA","airport+milbase",25,"cov","intensive",-0.00519755447333892,0.028781563387287,0.856920886523709,223,0.117740232312566,0.003,"",FALSE
"PFHpA","airport+milbase",25,"cov","tobit",0.0520727633245626,0.0287382703076449,0.0699914790630783,1894,0.117740232312566,0.003,"*",FALSE
"PFHpA","airport+milbase",25,"raw","detect",0.00961970984331844,0.00466723183157693,0.0394190006199834,2032,0.118110236220472,0.003,"**",TRUE
"PFHpA","airport+milbase",25,"raw","intensive",-0.0201604682518061,0.0174657106306986,0.249539649034503,240,0.118110236220472,0.003,"",FALSE
"PFHpA","airport+milbase",25,"raw","tobit",0.0410088000135519,0.0242789199543504,0.0912059791663487,2032,0.118110236220472,0.003,"*",FALSE
"PFHpA","airport+milfire",5,"cov","detect",0.0285144143303827,0.0252751157282077,0.259400792812793,1894,0.117740232312566,0.003,"",FALSE
"PFHpA","airport+milfire",5,"cov","intensive",-0.0780987864349189,0.104707301977056,0.456836029946942,223,0.117740232312566,0.003,"",FALSE
"PFHpA","airport+milfire",5,"cov","tobit",0.0663970050745613,0.118402980388938,0.574953385952022,1894,0.117740232312566,0.003,"",FALSE
"PFHpA","airport+milfire",5,"raw","detect",0.0485192492051511,0.0224956432530314,0.0311360820902441,2032,0.118110236220472,0.003,"**",TRUE
"PFHpA","airport+milfire",5,"raw","intensive",-0.0630318615820164,0.0612002261260073,0.304089053650457,240,0.118110236220472,0.003,"",FALSE
"PFHpA","airport+milfire",5,"raw","tobit",0.163609460329864,0.104495425882449,0.117416687583677,2032,0.118110236220472,0.003,"",FALSE
"PFHpA","airport+milfire",10,"cov","detect",0.0195491783771241,0.0120780573320187,0.105713610475251,1894,0.117740232312566,0.003,"",FALSE
"PFHpA","airport+milfire",10,"cov","intensive",-0.0400926528074623,0.0536241461105927,0.455762440543263,223,0.117740232312566,0.003,"",FALSE
"PFHpA","airport+milfire",10,"cov","tobit",0.0513819983072739,0.0586697637811219,0.381147859930932,1894,0.117740232312566,0.003,"",FALSE
"PFHpA","airport+milfire",10,"raw","detect",0.0201212221017594,0.010472345575961,0.0548253000131185,2032,0.118110236220472,0.003,"*",FALSE
"PFHpA","airport+milfire",10,"raw","intensive",-0.0458712086948428,0.0325560034931324,0.160142151610015,240,0.118110236220472,0.003,"",FALSE
"PFHpA","airport+milfire",10,"raw","tobit",0.0700508415830968,0.051390662486279,0.172849589255747,2032,0.118110236220472,0.003,"",FALSE
"PFHpA","airport+milfire",25,"cov","detect",0.0101398943249602,0.0056688267727402,0.0738280512615733,1894,0.117740232312566,0.003,"*",FALSE
"PFHpA","airport+milfire",25,"cov","intensive",-0.0184205686512901,0.0296131559662805,0.534800935904395,223,0.117740232312566,0.003,"",FALSE
"PFHpA","airport+milfire",25,"cov","tobit",0.0353257408933717,0.0293658901929422,0.228995099430029,1894,0.117740232312566,0.003,"",FALSE
"PFHpA","airport+milfire",25,"raw","detect",0.0057943820763111,0.00472919378003121,0.220628165977845,2032,0.118110236220472,0.003,"",FALSE
"PFHpA","airport+milfire",25,"raw","intensive",-0.0253368786529786,0.0171773966685568,0.141530743456677,240,0.118110236220472,0.003,"",FALSE
"PFHpA","airport+milfire",25,"raw","tobit",0.0197172099709185,0.0244509939549985,0.420013933779724,2032,0.118110236220472,0.003,"",FALSE
"PFHpA","airport+milfire+milbase",5,"cov","detect",0.0291696937089019,0.0222938608413433,0.190897158433233,1894,0.117740232312566,0.003,"",FALSE
"PFHpA","airport+milfire+milbase",5,"cov","intensive",-0.0506153819192054,0.0942305034097534,0.591914110795105,223,0.117740232312566,0.003,"",FALSE
"PFHpA","airport+milfire+milbase",5,"cov","tobit",0.0853118839387904,0.105349530977814,0.418056039726144,1894,0.117740232312566,0.003,"",FALSE
"PFHpA","airport+milfire+milbase",5,"raw","detect",0.0474096849782352,0.0194088512075991,0.014663245229832,2032,0.118110236220472,0.003,"**",TRUE
"PFHpA","airport+milfire+milbase",5,"raw","intensive",-0.0557910934541302,0.0554324482154261,0.315211719152038,240,0.118110236220472,0.003,"",FALSE
"PFHpA","airport+milfire+milbase",5,"raw","tobit",0.171043175457024,0.0918490941611272,0.0625721549717483,2032,0.118110236220472,0.003,"*",FALSE
"PFHpA","airport+milfire+milbase",10,"cov","detect",0.0191259982771378,0.0106908207653839,0.0737797140438182,1894,0.117740232312566,0.003,"*",FALSE
"PFHpA","airport+milfire+milbase",10,"cov","intensive",-0.0221680580922239,0.0490847185889492,0.652148221002699,223,0.117740232312566,0.003,"",FALSE
"PFHpA","airport+milfire+milbase",10,"cov","tobit",0.0607529951244844,0.0525734169301876,0.247851389158256,1894,0.117740232312566,0.003,"",FALSE
"PFHpA","airport+milfire+milbase",10,"raw","detect",0.0212042007870634,0.00908604834763909,0.0197080695821455,2032,0.118110236220472,0.003,"**",TRUE
"PFHpA","airport+milfire+milbase",10,"raw","intensive",-0.0401667205222532,0.029741574263566,0.178130574892086,240,0.118110236220472,0.003,"",FALSE
"PFHpA","airport+milfire+milbase",10,"raw","tobit",0.0811461394096666,0.0452641275549435,0.0730168846070936,2032,0.118110236220472,0.003,"*",FALSE
"PFHpA","airport+milfire+milbase",25,"cov","detect",0.0106051895694772,0.00549789608452873,0.0538923091333678,1894,0.117740232312566,0.003,"*",FALSE
"PFHpA","airport+milfire+milbase",25,"cov","intensive",-0.00612572612729146,0.0293526538334892,0.834952479230157,223,0.117740232312566,0.003,"",FALSE
"PFHpA","airport+milfire+milbase",25,"cov","tobit",0.041247401808769,0.0286491421965171,0.149940124177601,1894,0.117740232312566,0.003,"",FALSE
"PFHpA","airport+milfire+milbase",25,"raw","detect",0.00823564091002089,0.00455717189282329,0.0708818331222722,2032,0.118110236220472,0.003,"*",FALSE
"PFHpA","airport+milfire+milbase",25,"raw","intensive",-0.0239616494746656,0.0170550537825467,0.161337353842375,240,0.118110236220472,0.003,"",FALSE
"PFHpA","airport+milfire+milbase",25,"raw","tobit",0.0330413259834454,0.023744423199746,0.164061594320616,2032,0.118110236220472,0.003,"",FALSE
"PFHpA","airport+milfire+milsusp",5,"cov","detect",0.03855977980381,0.0239557228347033,0.107653194611834,1894,0.117740232312566,0.003,"",FALSE
"PFHpA","airport+milfire+milsusp",5,"cov","intensive",-0.0031719935490476,0.0991137935912957,0.974509105066737,223,0.117740232312566,0.003,"",FALSE
"PFHpA","airport+milfire+milsusp",5,"cov","tobit",0.143897885681493,0.111550719948905,0.1970585735327,1894,0.117740232312566,0.003,"",FALSE
"PFHpA","airport+milfire+milsusp",5,"raw","detect",0.0583083583648563,0.0210670094923328,0.00569558602608263,2032,0.118110236220472,0.003,"***",TRUE
"PFHpA","airport+milfire+milsusp",5,"raw","intensive",-0.0202772099792839,0.0586891982097278,0.730022510748553,240,0.118110236220472,0.003,"",FALSE
"PFHpA","airport+milfire+milsusp",5,"raw","tobit",0.226373823930212,0.0980263790219024,0.0209260872641059,2032,0.118110236220472,0.003,"**",TRUE
"PFHpA","airport+milfire+milsusp",10,"cov","detect",0.0234997752140689,0.0114093638718423,0.0395703181510533,1894,0.117740232312566,0.003,"**",TRUE
"PFHpA","airport+milfire+milsusp",10,"cov","intensive",-0.00815832302571433,0.0503627251176658,0.871517097133616,223,0.117740232312566,0.003,"",FALSE
"PFHpA","airport+milfire+milsusp",10,"cov","tobit",0.0834326048252592,0.0553414845342568,0.13165793812078,1894,0.117740232312566,0.003,"",FALSE
"PFHpA","airport+milfire+milsusp",10,"raw","detect",0.0240476158736291,0.0098215500347368,0.0144311537756754,2032,0.118110236220472,0.003,"**",TRUE
"PFHpA","airport+milfire+milsusp",10,"raw","intensive",-0.0261832233373737,0.031085872201122,0.400472971441823,240,0.118110236220472,0.003,"",FALSE
"PFHpA","airport+milfire+milsusp",10,"raw","tobit",0.0965394834956262,0.0482567857209574,0.04544231284196,2032,0.118110236220472,0.003,"**",TRUE
"PFHpA","airport+milfire+milsusp",25,"cov","detect",0.0116780034602979,0.00549610639475099,0.0337399766486378,1894,0.117740232312566,0.003,"**",TRUE
"PFHpA","airport+milfire+milsusp",25,"cov","intensive",-0.00480100051845696,0.0284884507535513,0.866383557632566,223,0.117740232312566,0.003,"",FALSE
"PFHpA","airport+milfire+milsusp",25,"cov","tobit",0.047709140501282,0.0285080370547084,0.0942224176353275,1894,0.117740232312566,0.003,"*",FALSE
"PFHpA","airport+milfire+milsusp",25,"raw","detect",0.00739813423759222,0.00458512409090208,0.106789618943207,2032,0.118110236220472,0.003,"",FALSE
"PFHpA","airport+milfire+milsusp",25,"raw","intensive",-0.0180724142334114,0.0166979888712977,0.280209778522911,240,0.118110236220472,0.003,"",FALSE
"PFHpA","airport+milfire+milsusp",25,"raw","tobit",0.0300414315825351,0.0236868125370452,0.204699167656492,2032,0.118110236220472,0.003,"",FALSE
"PFHpA","airport+milfire+milsusp+milbase",5,"cov","detect",0.0363689038875,0.0214327580450608,0.089890053197576,1894,0.117740232312566,0.003,"*",FALSE
"PFHpA","airport+milfire+milsusp+milbase",5,"cov","intensive",0.00849687529778721,0.0902976705927176,0.925148647140096,223,0.117740232312566,0.003,"",FALSE
"PFHpA","airport+milfire+milsusp+milbase",5,"cov","tobit",0.141300709815796,0.100621318609085,0.160234882454587,1894,0.117740232312566,0.003,"",FALSE
"PFHpA","airport+milfire+milsusp+milbase",5,"raw","detect",0.0528295873112893,0.0184250652993078,0.00418304199596559,2032,0.118110236220472,0.003,"***",TRUE
"PFHpA","airport+milfire+milsusp+milbase",5,"raw","intensive",-0.0176971028150416,0.052757918114957,0.737588876807592,240,0.118110236220472,0.003,"",FALSE
"PFHpA","airport+milfire+milsusp+milbase",5,"raw","tobit",0.210201926061923,0.0867776038753137,0.0154223503320751,2032,0.118110236220472,0.003,"**",TRUE
"PFHpA","airport+milfire+milsusp+milbase",10,"cov","detect",0.0223485731882752,0.0103557042589419,0.0310513892161414,1894,0.117740232312566,0.003,"**",TRUE
"PFHpA","airport+milfire+milsusp+milbase",10,"cov","intensive",0.0036218794716194,0.0468802035171841,0.938514681543312,223,0.117740232312566,0.003,"",FALSE
"PFHpA","airport+milfire+milsusp+milbase",10,"cov","tobit",0.0847268158335388,0.050632233190606,0.094253097469519,1894,0.117740232312566,0.003,"*",FALSE
"PFHpA","airport+milfire+milsusp+milbase",10,"raw","detect",0.0238260905011405,0.00873496055444034,0.00643326101698971,2032,0.118110236220472,0.003,"***",TRUE
"PFHpA","airport+milfire+milsusp+milbase",10,"raw","intensive",-0.0214575076743421,0.028373115608609,0.450240065245506,240,0.118110236220472,0.003,"",FALSE
"PFHpA","airport+milfire+milsusp+milbase",10,"raw","tobit",0.0992815045683201,0.0432782125804011,0.0217887934248913,2032,0.118110236220472,0.003,"**",TRUE
"PFHpA","airport+milfire+milsusp+milbase",25,"cov","detect",0.0120227565657319,0.0054135829884912,0.0264841398211924,1894,0.117740232312566,0.003,"**",TRUE
"PFHpA","airport+milfire+milsusp+milbase",25,"cov","intensive",0.00520705746123863,0.0284767107540313,0.855144702559196,223,0.117740232312566,0.003,"",FALSE
"PFHpA","airport+milfire+milsusp+milbase",25,"cov","tobit",0.0514552024369247,0.0281665689556736,0.067727099738853,1894,0.117740232312566,0.003,"*",FALSE
"PFHpA","airport+milfire+milsusp+milbase",25,"raw","detect",0.00941618050252938,0.00448122441018208,0.0357418679835283,2032,0.118110236220472,0.003,"**",TRUE
"PFHpA","airport+milfire+milsusp+milbase",25,"raw","intensive",-0.0165343765850882,0.0166110146627921,0.320559336276722,240,0.118110236220472,0.003,"",FALSE
"PFHpA","airport+milfire+milsusp+milbase",25,"raw","tobit",0.0409454650805878,0.0232926431241471,0.0787694376705032,2032,0.118110236220472,0.003,"*",FALSE
"PFHpA","airport+milsusp",5,"cov","detect",0.0376491066114541,0.02547639365488,0.139633851477468,1894,0.117740232312566,0.003,"",FALSE
"PFHpA","airport+milsusp",5,"cov","intensive",0.0108676748695919,0.102233537441001,0.915475556118199,223,0.117740232312566,0.003,"",FALSE
"PFHpA","airport+milsusp",5,"cov","tobit",0.135179940231024,0.11739213975748,0.249516468710364,1894,0.117740232312566,0.003,"",FALSE
"PFHpA","airport+milsusp",5,"raw","detect",0.0506498867096415,0.0231291748737584,0.0286471078610623,2032,0.118110236220472,0.003,"**",TRUE
"PFHpA","airport+milsusp",5,"raw","intensive",-0.0203835549681482,0.0616044163458469,0.741027648321168,240,0.118110236220472,0.003,"",FALSE
"PFHpA","airport+milsusp",5,"raw","tobit",0.188977874064981,0.105876274429093,0.074278593141581,2032,0.118110236220472,0.003,"*",FALSE
"PFHpA","airport+milsusp",10,"cov","detect",0.0312948872448105,0.0121837585116213,0.010291110627051,1894,0.117740232312566,0.003,"**",TRUE
"PFHpA","airport+milsusp",10,"cov","intensive",0.000794340782434793,0.0516189294484333,0.987741365390657,223,0.117740232312566,0.003,"",FALSE
"PFHpA","airport+milsusp",10,"cov","tobit",0.111551626241689,0.0582903493683769,0.0556554621826555,1894,0.117740232312566,0.003,"*",FALSE
"PFHpA","airport+milsusp",10,"raw","detect",0.0266868752964242,0.0108960809149906,0.014400687708082,2032,0.118110236220472,0.003,"**",TRUE
"PFHpA","airport+milsusp",10,"raw","intensive",-0.0227321451217468,0.0327807510831491,0.488697020929755,240,0.118110236220472,0.003,"",FALSE
"PFHpA","airport+milsusp",10,"raw","tobit",0.104847149868074,0.0524131931874544,0.0454575037826002,2032,0.118110236220472,0.003,"**",TRUE
"PFHpA","airport+milsusp",25,"cov","detect",0.0163159083266645,0.00563510174534371,0.00383196678372602,1894,0.117740232312566,0.003,"***",TRUE
"PFHpA","airport+milsusp",25,"cov","intensive",-0.000717705976256474,0.0282404092905802,0.979756294239193,223,0.117740232312566,0.003,"",FALSE
"PFHpA","airport+milsusp",25,"cov","tobit",0.0689337835304742,0.029143720975043,0.0180152366819673,1894,0.117740232312566,0.003,"**",TRUE
"PFHpA","airport+milsusp",25,"raw","detect",0.00905611799160732,0.00482718088363792,0.0607893734242652,2032,0.118110236220472,0.003,"*",FALSE
"PFHpA","airport+milsusp",25,"raw","intensive",-0.0158594978135914,0.017273289500374,0.359469040375351,240,0.118110236220472,0.003,"",FALSE
"PFHpA","airport+milsusp",25,"raw","tobit",0.0382209278670551,0.0247564537205189,0.122618051080342,2032,0.118110236220472,0.003,"",FALSE
"PFHpA","airport+milsusp+milbase",5,"cov","detect",0.0340016582626352,0.0217788737580172,0.118645699132937,1894,0.117740232312566,0.003,"",FALSE
"PFHpA","airport+milsusp+milbase",5,"cov","intensive",0.00557597163949314,0.090542789600096,0.950971116058987,223,0.117740232312566,0.003,"",FALSE
"PFHpA","airport+milsusp+milbase",5,"cov","tobit",0.132338536447223,0.101671723389848,0.193044341958064,1894,0.117740232312566,0.003,"",FALSE
"PFHpA","airport+milsusp+milbase",5,"raw","detect",0.0505287361310689,0.0190827094738808,0.00816250735688176,2032,0.118110236220472,0.003,"***",TRUE
"PFHpA","airport+milsusp+milbase",5,"raw","intensive",-0.00546454655645331,0.053947026831574,0.919401826423332,240,0.118110236220472,0.003,"",FALSE
"PFHpA","airport+milsusp+milbase",5,"raw","tobit",0.204758306426688,0.089374207900404,0.0219621219417624,2032,0.118110236220472,0.003,"**",TRUE
"PFHpA","airport+milsusp+milbase",10,"cov","detect",0.0245494006004561,0.0105198709442413,0.019724212641435,1894,0.117740232312566,0.003,"**",TRUE
"PFHpA","airport+milsusp+milbase",10,"cov","intensive",0.00438266281795532,0.0465157990734372,0.925053236674781,223,0.117740232312566,0.003,"",FALSE
"PFHpA","airport+milsusp+milbase",10,"cov","tobit",0.0945815481972527,0.051110322762284,0.0642361767069897,1894,0.117740232312566,0.003,"*",FALSE
"PFHpA","airport+milsusp+milbase",10,"raw","detect",0.0253715917000314,0.00908551107813219,0.00527872986269821,2032,0.118110236220472,0.003,"***",TRUE
"PFHpA","airport+milsusp+milbase",10,"raw","intensive",-0.0129859720544042,0.0290926251604206,0.655738408084415,240,0.118110236220472,0.003,"",FALSE
"PFHpA","airport+milsusp+milbase",10,"raw","tobit",0.108156840430023,0.0446622649186388,0.0154497790763313,2032,0.118110236220472,0.003,"**",TRUE
"PFHpA","airport+milsusp+milbase",25,"cov","detect",0.0138220549335658,0.00543987157385699,0.0111400667846482,1894,0.117740232312566,0.003,"**",TRUE
"PFHpA","airport+milsusp+milbase",25,"cov","intensive",0.00578360303538097,0.0279348647550597,0.836242753259592,223,0.117740232312566,0.003,"",FALSE
"PFHpA","airport+milsusp+milbase",25,"cov","tobit",0.0611123421385088,0.028265252570654,0.0306103611952192,1894,0.117740232312566,0.003,"**",TRUE
"PFHpA","airport+milsusp+milbase",25,"raw","detect",0.0106909666672552,0.00459215862848386,0.0200050262954145,2032,0.118110236220472,0.003,"**",TRUE
"PFHpA","airport+milsusp+milbase",25,"raw","intensive",-0.0125376222653092,0.0169811515504844,0.461043906926431,240,0.118110236220472,0.003,"",FALSE
"PFHpA","airport+milsusp+milbase",25,"raw","tobit",0.0483267624722448,0.0238165657552197,0.042445673509176,2032,0.118110236220472,0.003,"**",TRUE
"PFHpA","milbase",5,"cov","detect",0.0215786548887946,0.0415747556532608,0.603801263866123,1894,0.117740232312566,0.003,"",FALSE
"PFHpA","milbase",5,"cov","intensive",0.12922607940826,0.259225209537228,0.618809988556186,223,0.117740232312566,0.003,"",FALSE
"PFHpA","milbase",5,"cov","tobit",0.172509276500468,0.210768330275593,0.41308420418626,1894,0.117740232312566,0.003,"",FALSE
"PFHpA","milbase",5,"raw","detect",0.056333754507269,0.0340603902045261,0.0982948309194642,2032,0.118110236220472,0.003,"*",FALSE
"PFHpA","milbase",5,"raw","intensive",0.113592872256749,0.127778152143926,0.374908713472803,240,0.118110236220472,0.003,"",FALSE
"PFHpA","milbase",5,"raw","tobit",0.304160133258922,0.169864020199518,0.0733559767719544,2032,0.118110236220472,0.003,"*",FALSE
"PFHpA","milbase",10,"cov","detect",0.00883126674878182,0.0201964204775878,0.661968362028808,1894,0.117740232312566,0.003,"",FALSE
"PFHpA","milbase",10,"cov","intensive",0.049743062674935,0.118022289651488,0.673976305727846,223,0.117740232312566,0.003,"",FALSE
"PFHpA","milbase",10,"cov","tobit",0.0660227816280492,0.104771672649346,0.52859075370316,1894,0.117740232312566,0.003,"",FALSE
"PFHpA","milbase",10,"raw","detect",0.021715998428328,0.0159378723345712,0.173178474335195,2032,0.118110236220472,0.003,"",FALSE
"PFHpA","milbase",10,"raw","intensive",0.0103643646949863,0.0598577686697261,0.862680795361273,240,0.118110236220472,0.003,"",FALSE
"PFHpA","milbase",10,"raw","tobit",0.109034826278796,0.0810893157862141,0.178745947252363,2032,0.118110236220472,0.003,"",FALSE
"PFHpA","milbase",25,"cov","detect",0.000160472895671284,0.00915893417419623,0.986022974386602,1894,0.117740232312566,0.003,"",FALSE
"PFHpA","milbase",25,"cov","intensive",0.0226349875419226,0.0568659099378015,0.691130254929197,223,0.117740232312566,0.003,"",FALSE
"PFHpA","milbase",25,"cov","tobit",0.0168323909698195,0.0487560231271743,0.729916084316996,1894,0.117740232312566,0.003,"",FALSE
"PFHpA","milbase",25,"raw","detect",0.00441861817677965,0.00710976587609536,0.53434985002753,2032,0.118110236220472,0.003,"",FALSE
"PFHpA","milbase",25,"raw","intensive",-0.0150924912420589,0.0277670098310871,0.587266540246561,240,0.118110236220472,0.003,"",FALSE
"PFHpA","milbase",25,"raw","tobit",0.0176893175086787,0.0372175109376903,0.634576327041957,2032,0.118110236220472,0.003,"",FALSE
"PFHpA","milfire",5,"cov","detect",-0.0030832931872623,0.0633101238996982,0.961162599363292,1894,0.117740232312566,0.003,"",FALSE
"PFHpA","milfire",5,"cov","intensive",-0.1806369707405,0.34731725928244,0.603718231231213,223,0.117740232312566,0.003,"",FALSE
"PFHpA","milfire",5,"cov","tobit",-0.0433860709260082,0.324892398738111,0.893766478157625,1894,0.117740232312566,0.003,"",FALSE
"PFHpA","milfire",5,"raw","detect",0.0675799557354055,0.05195784420363,0.193519416545471,2032,0.118110236220472,0.003,"",FALSE
"PFHpA","milfire",5,"raw","intensive",-0.0233963203490813,0.171478123057691,0.891589506718031,240,0.118110236220472,0.003,"",FALSE
"PFHpA","milfire",5,"raw","tobit",0.297104844616564,0.254211740436769,0.242512498829413,2032,0.118110236220472,0.003,"",FALSE
"PFHpA","milfire",10,"cov","detect",-0.0502483308070591,0.032816208307432,0.125893088546942,1894,0.117740232312566,0.003,"",FALSE
"PFHpA","milfire",10,"cov","intensive",-0.155557642053336,0.193105893498661,0.421694363971004,223,0.117740232312566,0.003,"",FALSE
"PFHpA","milfire",10,"cov","tobit",-0.291279908841545,0.180393891887136,0.106378209854288,1894,0.117740232312566,0.003,"",FALSE
"PFHpA","milfire",10,"raw","detect",0.00265598920862325,0.0250427205468147,0.915546548578464,2032,0.118110236220472,0.003,"",FALSE
"PFHpA","milfire",10,"raw","intensive",-0.0751576819160029,0.0931566334189818,0.420593942113248,240,0.118110236220472,0.003,"",FALSE
"PFHpA","milfire",10,"raw","tobit",-0.0121019964023476,0.130726560622427,0.926241296388715,2032,0.118110236220472,0.003,"",FALSE
"PFHpA","milfire",25,"cov","detect",-0.0297629337161081,0.0138002728840371,0.0311606557369098,1894,0.117740232312566,0.003,"**",FALSE
"PFHpA","milfire",25,"cov","intensive",-0.0696157796449342,0.0979005591245718,0.478065888900203,223,0.117740232312566,0.003,"",FALSE
"PFHpA","milfire",25,"cov","tobit",-0.151225335210945,0.0773717234114834,0.0506386001050479,1894,0.117740232312566,0.003,"*",FALSE
"PFHpA","milfire",25,"raw","detect",-0.00585293887762778,0.0101355563054817,0.563688758088543,2032,0.118110236220472,0.003,"",FALSE
"PFHpA","milfire",25,"raw","intensive",-0.0593519716340842,0.0442074423901495,0.18068754678133,240,0.118110236220472,0.003,"",FALSE
"PFHpA","milfire",25,"raw","tobit",-0.0473448254053065,0.0553856333482698,0.392650021485944,2032,0.118110236220472,0.003,"",FALSE
"PFHpA","milfire+milbase",5,"cov","detect",0.026568644987526,0.0381317758066471,0.486043066774556,1894,0.117740232312566,0.003,"",FALSE
"PFHpA","milfire+milbase",5,"cov","intensive",0.108022326909754,0.220882257513669,0.625476466564588,223,0.117740232312566,0.003,"",FALSE
"PFHpA","milfire+milbase",5,"cov","tobit",0.172121880071129,0.192880648597796,0.372191935130193,1894,0.117740232312566,0.003,"",FALSE
"PFHpA","milfire+milbase",5,"raw","detect",0.0587030371870857,0.0307177059991028,0.0561390101787451,2032,0.118110236220472,0.003,"*",FALSE
"PFHpA","milfire+milbase",5,"raw","intensive",0.0343485149986778,0.108867343272134,0.752652476541212,240,0.118110236220472,0.003,"",FALSE
"PFHpA","milfire+milbase",5,"raw","tobit",0.284207826860476,0.151556563824823,0.0607570858847863,2032,0.118110236220472,0.003,"*",FALSE
"PFHpA","milfire+milbase",10,"cov","detect",0.00106174422286931,0.0183837615827545,0.953950570670469,1894,0.117740232312566,0.003,"",FALSE
"PFHpA","milfire+milbase",10,"cov","intensive",0.0357832789093256,0.107967218025939,0.740755475193822,223,0.117740232312566,0.003,"",FALSE
"PFHpA","milfire+milbase",10,"cov","tobit",0.0149753894241614,0.0961455210539085,0.876224143647065,1894,0.117740232312566,0.003,"",FALSE
"PFHpA","milfire+milbase",10,"raw","detect",0.016282582218521,0.0141846090458417,0.251143081109677,2032,0.118110236220472,0.003,"",FALSE
"PFHpA","milfire+milbase",10,"raw","intensive",-0.0202645744183367,0.0527355018451008,0.701122808626061,240,0.118110236220472,0.003,"",FALSE
"PFHpA","milfire+milbase",10,"raw","tobit",0.0729660310300956,0.0726664502389172,0.315319482979809,2032,0.118110236220472,0.003,"",FALSE
"PFHpA","milfire+milbase",25,"cov","detect",-0.00498263730234677,0.00829307505441397,0.54803554759212,1894,0.117740232312566,0.003,"",FALSE
"PFHpA","milfire+milbase",25,"cov","intensive",0.0185706011362593,0.0536761785920048,0.729816213519609,223,0.117740232312566,0.003,"",FALSE
"PFHpA","milfire+milbase",25,"cov","tobit",-0.016349170532647,0.0445971608164019,0.713919894408006,1894,0.117740232312566,0.003,"",FALSE
"PFHpA","milfire+milbase",25,"raw","detect",0.00148456070293442,0.00628433332006618,0.813276472565306,2032,0.118110236220472,0.003,"",FALSE
"PFHpA","milfire+milbase",25,"raw","intensive",-0.0219076988790423,0.024939436273156,0.380593111190313,240,0.118110236220472,0.003,"",FALSE
"PFHpA","milfire+milbase",25,"raw","tobit",0.000950863767995598,0.033199167019102,0.97715075785398,2032,0.118110236220472,0.003,"",FALSE
"PFHpA","milfire+milsusp",5,"cov","detect",0.061615379377889,0.0512594523587465,0.229508862436876,1894,0.117740232312566,0.003,"",FALSE
"PFHpA","milfire+milsusp",5,"cov","intensive",0.368626337279917,0.263588130161725,0.16390014385741,223,0.117740232312566,0.003,"",FALSE
"PFHpA","milfire+milsusp",5,"cov","tobit",0.418617252454768,0.25055969338145,0.0947752917917211,1894,0.117740232312566,0.003,"*",FALSE
"PFHpA","milfire+milsusp",5,"raw","detect",0.103080593895998,0.0405961982739314,0.0111856906832852,2032,0.118110236220472,0.003,"**",TRUE
"PFHpA","milfire+milsusp",5,"raw","intensive",0.177654626671989,0.136147026228485,0.193196218847619,240,0.118110236220472,0.003,"",FALSE
"PFHpA","milfire+milsusp",5,"raw","tobit",0.524310451898142,0.195553326878489,0.00733666493529213,2032,0.118110236220472,0.003,"***",TRUE
"PFHpA","milfire+milsusp",10,"cov","detect",0.0069947564657967,0.0252648064079839,0.781920890866735,1894,0.117740232312566,0.003,"",FALSE
"PFHpA","milfire+milsusp",10,"cov","intensive",0.123962797494598,0.141098589437021,0.380960335235649,223,0.117740232312566,0.003,"",FALSE
"PFHpA","milfire+milsusp",10,"cov","tobit",0.0783278102105187,0.130917888223216,0.549641622881807,1894,0.117740232312566,0.003,"",FALSE
"PFHpA","milfire+milsusp",10,"raw","detect",0.0304494140761458,0.0190980663434746,0.111008504673162,2032,0.118110236220472,0.003,"",FALSE
"PFHpA","milfire+milsusp",10,"raw","intensive",0.0239357776198769,0.0710639934671393,0.736549374590356,240,0.118110236220472,0.003,"",FALSE
"PFHpA","milfire+milsusp",10,"raw","tobit",0.155207686673223,0.096939428839249,0.109359416192441,2032,0.118110236220472,0.003,"",FALSE
"PFHpA","milfire+milsusp",25,"cov","detect",-0.00312620825009938,0.0108088634040812,0.77244119078732,1894,0.117740232312566,0.003,"",FALSE
"PFHpA","milfire+milsusp",25,"cov","intensive",0.0336452177500389,0.0751062027841734,0.654781857913442,223,0.117740232312566,0.003,"",FALSE
"PFHpA","milfire+milsusp",25,"cov","tobit",0.0088199261547665,0.0585315058187654,0.880222775031276,1894,0.117740232312566,0.003,"",FALSE
"PFHpA","milfire+milsusp",25,"raw","detect",0.00672332114947791,0.00803758303788071,0.402980320136052,2032,0.118110236220472,0.003,"",FALSE
"PFHpA","milfire+milsusp",25,"raw","intensive",-0.023039021595002,0.0346139314321928,0.506311558623833,240,0.118110236220472,0.003,"",FALSE
"PFHpA","milfire+milsusp",25,"raw","tobit",0.0291614029917315,0.0427490188515845,0.4951417439338,2032,0.118110236220472,0.003,"",FALSE
"PFHpA","milfire+milsusp+milbase",5,"cov","detect",0.0472844970002314,0.0341282143035399,0.166071151652309,1894,0.117740232312566,0.003,"",FALSE
"PFHpA","milfire+milsusp+milbase",5,"cov","intensive",0.296131996350402,0.180717379160703,0.103251730809473,223,0.117740232312566,0.003,"",FALSE
"PFHpA","milfire+milsusp+milbase",5,"cov","tobit",0.314342812483318,0.16748677848034,0.0605425416883043,1894,0.117740232312566,0.003,"*",FALSE
"PFHpA","milfire+milsusp+milbase",5,"raw","detect",0.0697347700977606,0.0271918740033813,0.0104024745482842,2032,0.118110236220472,0.003,"**",TRUE
"PFHpA","milfire+milsusp+milbase",5,"raw","intensive",0.118707112580861,0.0912612461893705,0.194605616254746,240,0.118110236220472,0.003,"",FALSE
"PFHpA","milfire+milsusp+milbase",5,"raw","tobit",0.353676911261896,0.130846809180781,0.00687199284569958,2032,0.118110236220472,0.003,"***",TRUE
"PFHpA","milfire+milsusp+milbase",10,"cov","detect",0.0160627555047784,0.0167363221733025,0.337306770177957,1894,0.117740232312566,0.003,"",FALSE
"PFHpA","milfire+milsusp+milbase",10,"cov","intensive",0.115718185627162,0.0909897316080184,0.205299618469337,223,0.117740232312566,0.003,"",FALSE
"PFHpA","milfire+milsusp+milbase",10,"cov","tobit",0.107803347988271,0.0848912250199008,0.204120331506513,1894,0.117740232312566,0.003,"",FALSE
"PFHpA","milfire+milsusp+milbase",10,"raw","detect",0.0255055936174594,0.0129082183943443,0.0482991677619722,2032,0.118110236220472,0.003,"**",TRUE
"PFHpA","milfire+milsusp+milbase",10,"raw","intensive",0.0204671209752646,0.0459415730749109,0.65636105989268,240,0.118110236220472,0.003,"",FALSE
"PFHpA","milfire+milsusp+milbase",10,"raw","tobit",0.127353567264357,0.0646288149106273,0.0487766883936263,2032,0.118110236220472,0.003,"**",TRUE
"PFHpA","milfire+milsusp+milbase",25,"cov","detect",0.00296833210723902,0.00787423759804978,0.706241783301184,1894,0.117740232312566,0.003,"",FALSE
"PFHpA","milfire+milsusp+milbase",25,"cov","intensive",0.0495871474321596,0.0490197458428048,0.313268631958663,223,0.117740232312566,0.003,"",FALSE
"PFHpA","milfire+milsusp+milbase",25,"cov","tobit",0.0309429746743378,0.0415145702380667,0.456058855395226,1894,0.117740232312566,0.003,"",FALSE
"PFHpA","milfire+milsusp+milbase",25,"raw","detect",0.00669553761490625,0.00600066153452228,0.264639854374437,2032,0.118110236220472,0.003,"",FALSE
"PFHpA","milfire+milsusp+milbase",25,"raw","intensive",-0.00817473281921887,0.0233711662526066,0.726814209010771,240,0.118110236220472,0.003,"",FALSE
"PFHpA","milfire+milsusp+milbase",25,"raw","tobit",0.0311640282525139,0.0312891979789651,0.319250346035497,2032,0.118110236220472,0.003,"",FALSE
"PFHpA","milsusp",5,"cov","detect",0.156009236636916,0.0878665076870493,0.0759786690748056,1894,0.117740232312566,0.003,"*",FALSE
"PFHpA","milsusp",5,"cov","intensive",1.15496535872602,0.404123439601591,0.00483140729452673,223,0.117740232312566,0.003,"***",TRUE
"PFHpA","milsusp",5,"cov","tobit",1.08361190740277,0.413692561882024,0.00880935770092136,1894,0.117740232312566,0.003,"***",TRUE
"PFHpA","milsusp",5,"raw","detect",0.169087984324389,0.0711032437954953,0.0174959336404596,2032,0.118110236220472,0.003,"**",TRUE
"PFHpA","milsusp",5,"raw","intensive",0.588233097065954,0.236811384478141,0.0136818186534448,240,0.118110236220472,0.003,"**",TRUE
"PFHpA","milsusp",5,"raw","tobit",0.934593003818595,0.33040222993696,0.0046744464231882,2032,0.118110236220472,0.003,"***",TRUE
"PFHpA","milsusp",10,"cov","detect",0.12843877459886,0.0479613658992628,0.0074739233982462,1894,0.117740232312566,0.003,"***",TRUE
"PFHpA","milsusp",10,"cov","intensive",0.558182869755155,0.227411738112417,0.0151793026834725,223,0.117740232312566,0.003,"**",TRUE
"PFHpA","milsusp",10,"cov","tobit",0.743839865871127,0.232153639157364,0.00135492725968968,1894,0.117740232312566,0.003,"***",TRUE
"PFHpA","milsusp",10,"raw","detect",0.113122849670408,0.0383127845556161,0.00318713350981771,2032,0.118110236220472,0.003,"***",TRUE
"PFHpA","milsusp",10,"raw","intensive",0.238619668368831,0.134355866156155,0.0770060699420989,240,0.118110236220472,0.003,"*",FALSE
"PFHpA","milsusp",10,"raw","tobit",0.577921618648738,0.181558001593626,0.00145695242435643,2032,0.118110236220472,0.003,"***",TRUE
"PFHpA","milsusp",25,"cov","detect",0.090801024924026,0.0262450327789804,0.000553194170206931,1894,0.117740232312566,0.003,"***",TRUE
"PFHpA","milsusp",25,"cov","intensive",0.303337874748842,0.144274906374245,0.0370749543327227,223,0.117740232312566,0.003,"**",TRUE
"PFHpA","milsusp",25,"cov","tobit",0.53222843609759,0.133945773737297,7.08354766479568e-05,1894,0.117740232312566,0.003,"***",TRUE
"PFHpA","milsusp",25,"raw","detect",0.0717088043891083,0.0210360650812739,0.000665117453535127,2032,0.118110236220472,0.003,"***",TRUE
"PFHpA","milsusp",25,"raw","intensive",0.0665203928629162,0.0813230573012934,0.414188469034577,240,0.118110236220472,0.003,"",FALSE
"PFHpA","milsusp",25,"raw","tobit",0.358939087113478,0.105152338643771,0.000641306239554097,2032,0.118110236220472,0.003,"***",TRUE
"PFHpA","milsusp+milbase",5,"cov","detect",0.0448246723086323,0.0363288047373163,0.217414687913951,1894,0.117740232312566,0.003,"",FALSE
"PFHpA","milsusp+milbase",5,"cov","intensive",0.353923487743139,0.200682546719976,0.0797082710339393,223,0.117740232312566,0.003,"*",FALSE
"PFHpA","milsusp+milbase",5,"cov","tobit",0.322852296932038,0.176651878937303,0.0676067806339447,1894,0.117740232312566,0.003,"*",FALSE
"PFHpA","milsusp+milbase",5,"raw","detect",0.0688861184161668,0.0294078966582633,0.0192544665805255,2032,0.118110236220472,0.003,"**",TRUE
"PFHpA","milsusp+milbase",5,"raw","intensive",0.187398025124536,0.100713296896586,0.0640187058647359,240,0.118110236220472,0.003,"*",FALSE
"PFHpA","milsusp+milbase",5,"raw","tobit",0.375417758545006,0.141678579727783,0.00805430364294555,2032,0.118110236220472,0.003,"***",TRUE
"PFHpA","milsusp+milbase",10,"cov","detect",0.0236409303437055,0.0180388283826921,0.190172957012832,1894,0.117740232312566,0.003,"",FALSE
"PFHpA","milsusp+milbase",10,"cov","intensive",0.136284372453715,0.0970050404824739,0.161983417412648,223,0.117740232312566,0.003,"",FALSE
"PFHpA","milsusp+milbase",10,"cov","tobit",0.153007055265296,0.090127750547965,0.0895703206954287,1894,0.117740232312566,0.003,"*",FALSE
"PFHpA","milsusp+milbase",10,"raw","detect",0.0309991311192919,0.0141869606832657,0.0289996088569206,2032,0.118110236220472,0.003,"**",TRUE
"PFHpA","milsusp+milbase",10,"raw","intensive",0.0502689538765655,0.0501917316433364,0.317583690282678,240,0.118110236220472,0.003,"",FALSE
"PFHpA","milsusp+milbase",10,"raw","tobit",0.16154723430188,0.0702312273105884,0.0214357910526599,2032,0.118110236220472,0.003,"**",TRUE
"PFHpA","milsusp+milbase",25,"cov","detect",0.00876386417278783,0.00859013083175305,0.307757843580995,1894,0.117740232312566,0.003,"",FALSE
"PFHpA","milsusp+milbase",25,"cov","intensive",0.0562994484003321,0.0515324570212372,0.276253604592764,223,0.117740232312566,0.003,"",FALSE
"PFHpA","milsusp+milbase",25,"cov","tobit",0.0653942129930127,0.0446828109380226,0.143324988878628,1894,0.117740232312566,0.003,"",FALSE
"PFHpA","milsusp+milbase",25,"raw","detect",0.010365027489188,0.00669445810315339,0.121706030719997,2032,0.118110236220472,0.003,"",FALSE
"PFHpA","milsusp+milbase",25,"raw","intensive",6.25858418172544e-05,0.0255229754445037,0.998045533506111,240,0.118110236220472,0.003,"",FALSE
"PFHpA","milsusp+milbase",25,"raw","tobit",0.0513233967712717,0.0345525723393545,0.137445513275941,2032,0.118110236220472,0.003,"",FALSE
"PFHxA","airport",5,"cov","detect",0.0149468672376549,0.0397973173014457,0.707276957895038,1894,0.388595564941922,0.003,"",FALSE
"PFHxA","airport",5,"cov","intensive",0.0195027549660117,0.0659142751880837,0.767414621905674,736,0.388595564941922,0.003,"",FALSE
"PFHxA","airport",5,"cov","tobit",0.020616665767656,0.0922079406563265,0.8230772543302,1894,0.388595564941922,0.003,"",FALSE
"PFHxA","airport",5,"raw","detect",0.00833199271936492,0.037503448350083,0.824206975361264,2032,0.390748031496063,0.003,"",FALSE
"PFHxA","airport",5,"raw","intensive",0.00946519692403681,0.0573944154933077,0.86905301003953,794,0.390748031496063,0.003,"",FALSE
"PFHxA","airport",5,"raw","tobit",0.0237282632795007,0.0879984899382125,0.787434160053012,2032,0.390748031496063,0.003,"",FALSE
"PFHxA","airport",10,"cov","detect",0.0214985869190123,0.0189510970021783,0.256766368370341,1894,0.388595564941922,0.003,"",FALSE
"PFHxA","airport",10,"cov","intensive",0.0254874195195218,0.0337967810096834,0.451036456884122,736,0.388595564941922,0.003,"",FALSE
"PFHxA","airport",10,"cov","tobit",0.0411300245380568,0.0448675906933235,0.359300985866197,1894,0.388595564941922,0.003,"",FALSE
"PFHxA","airport",10,"raw","detect",0.00351341743600984,0.0174697386927595,0.840629207106263,2032,0.390748031496063,0.003,"",FALSE
"PFHxA","airport",10,"raw","intensive",0.0143193515396512,0.0284126049412602,0.614416409822397,794,0.390748031496063,0.003,"",FALSE
"PFHxA","airport",10,"raw","tobit",0.0167402892771319,0.0417130249554146,0.688184221051323,2032,0.390748031496063,0.003,"",FALSE
"PFHxA","airport",25,"cov","detect",0.0106290136051001,0.00856603105656074,0.214827824978771,1894,0.388595564941922,0.003,"",FALSE
"PFHxA","airport",25,"cov","intensive",0.0205736229932633,0.0172181653635703,0.232564836239259,736,0.388595564941922,0.003,"",FALSE
"PFHxA","airport",25,"cov","tobit",0.0238864066313048,0.0208625718370673,0.252233742080628,1894,0.388595564941922,0.003,"",FALSE
"PFHxA","airport",25,"raw","detect",-0.00199118784506343,0.0075230789915355,0.791284975846627,2032,0.390748031496063,0.003,"",FALSE
"PFHxA","airport",25,"raw","intensive",0.00962748851093384,0.0135678082301068,0.478171497744381,794,0.390748031496063,0.003,"",FALSE
"PFHxA","airport",25,"raw","tobit",0.000922765555775555,0.0184686700967197,0.960151209075073,2032,0.390748031496063,0.003,"",FALSE
"PFHxA","airport+milbase",5,"cov","detect",-0.015918227895059,0.0335062415797209,0.63478535760914,1894,0.388595564941922,0.003,"",FALSE
"PFHxA","airport+milbase",5,"cov","intensive",0.00331097549439266,0.0586075912930388,0.954965449237955,736,0.388595564941922,0.003,"",FALSE
"PFHxA","airport+milbase",5,"cov","tobit",-0.0479538675495672,0.07865329923034,0.542069390962383,1894,0.388595564941922,0.003,"",FALSE
"PFHxA","airport+milbase",5,"raw","detect",0.0280995740032714,0.0305206653658511,0.357330203698389,2032,0.390748031496063,0.003,"",FALSE
"PFHxA","airport+milbase",5,"raw","intensive",0.00580407973747486,0.0497473743882895,0.907150288810298,794,0.390748031496063,0.003,"",FALSE
"PFHxA","airport+milbase",5,"raw","tobit",0.0631750880222518,0.0728215957987641,0.385650410558446,2032,0.390748031496063,0.003,"",FALSE
"PFHxA","airport+milbase",10,"cov","detect",0.00586733848841365,0.0160456167347838,0.714656837739132,1894,0.388595564941922,0.003,"",FALSE
"PFHxA","airport+milbase",10,"cov","intensive",0.0191694326442117,0.0300609515359576,0.523900264937288,736,0.388595564941922,0.003,"",FALSE
"PFHxA","airport+milbase",10,"cov","tobit",0.0081099152396001,0.0385255631327728,0.833271694701141,1894,0.388595564941922,0.003,"",FALSE
"PFHxA","airport+milbase",10,"raw","detect",0.0177485900818006,0.0143390861355856,0.215941922493813,2032,0.390748031496063,0.003,"",FALSE
"PFHxA","airport+milbase",10,"raw","intensive",0.0139097816584335,0.0249060704201297,0.576667947996246,794,0.390748031496063,0.003,"",FALSE
"PFHxA","airport+milbase",10,"raw","tobit",0.0469666190555037,0.0347645337933829,0.176697884647856,2032,0.390748031496063,0.003,"",FALSE
"PFHxA","airport+milbase",25,"cov","detect",0.00818036051423699,0.00813998346887435,0.315049908108945,1894,0.388595564941922,0.003,"",FALSE
"PFHxA","airport+milbase",25,"cov","intensive",0.0186268584514855,0.0166903791405291,0.264819384156053,736,0.388595564941922,0.003,"",FALSE
"PFHxA","airport+milbase",25,"cov","tobit",0.0190657609156344,0.0199615746329369,0.339515451722156,1894,0.388595564941922,0.003,"",FALSE
"PFHxA","airport+milbase",25,"raw","detect",0.00862148683211114,0.00706073395353433,0.222210085521595,2032,0.390748031496063,0.003,"",FALSE
"PFHxA","airport+milbase",25,"raw","intensive",0.0110209323470617,0.0131470146108309,0.402124120445412,794,0.390748031496063,0.003,"",FALSE
"PFHxA","airport+milbase",25,"raw","tobit",0.0253510883435979,0.0174321163605889,0.145870121283962,2032,0.390748031496063,0.003,"",FALSE
"PFHxA","airport+milfire",5,"cov","detect",0.0169997757983905,0.0372695237644784,0.64835053109467,1894,0.388595564941922,0.003,"",FALSE
"PFHxA","airport+milfire",5,"cov","intensive",-0.0210107280347614,0.062649711593644,0.737454162148676,736,0.388595564941922,0.003,"",FALSE
"PFHxA","airport+milfire",5,"cov","tobit",0.00275874376377092,0.0866289774220527,0.974595255161722,1894,0.388595564941922,0.003,"",FALSE
"PFHxA","airport+milfire",5,"raw","detect",0.0369955671738466,0.0340380819064165,0.277215548899274,2032,0.390748031496063,0.003,"",FALSE
"PFHxA","airport+milfire",5,"raw","intensive",-0.0169410955345571,0.0534350901285534,0.751296313827204,794,0.390748031496063,0.003,"",FALSE
"PFHxA","airport+milfire",5,"raw","tobit",0.065026692600642,0.0803932753116841,0.418597196777476,2032,0.390748031496063,0.003,"",FALSE
"PFHxA","airport+milfire",10,"cov","detect",0.0159524795394697,0.0178134371387839,0.370622220221715,1894,0.388595564941922,0.003,"",FALSE
"PFHxA","airport+milfire",10,"cov","intensive",-0.0032616555772662,0.0321772711089629,0.91929143850344,736,0.388595564941922,0.003,"",FALSE
"PFHxA","airport+milfire",10,"cov","tobit",0.0148931883128767,0.0423571385337531,0.725130856117124,1894,0.388595564941922,0.003,"",FALSE
"PFHxA","airport+milfire",10,"raw","detect",0.0145647374841895,0.0158432423821991,0.358046420256392,2032,0.390748031496063,0.003,"",FALSE
"PFHxA","airport+milfire",10,"raw","intensive",-0.00467402668206357,0.0264144287584461,0.859593097100554,794,0.390748031496063,0.003,"",FALSE
"PFHxA","airport+milfire",10,"raw","tobit",0.0282834018970268,0.0380763988492786,0.457598754769304,2032,0.390748031496063,0.003,"",FALSE
"PFHxA","airport+milfire",25,"cov","detect",0.00820776880649119,0.00836168404642083,0.32643132227867,1894,0.388595564941922,0.003,"",FALSE
"PFHxA","airport+milfire",25,"cov","intensive",0.00526392887802667,0.0168973563054769,0.755501117401622,736,0.388595564941922,0.003,"",FALSE
"PFHxA","airport+milfire",25,"cov","tobit",0.0118037678967713,0.0204104457071406,0.563048129223219,1894,0.388595564941922,0.003,"",FALSE
"PFHxA","airport+milfire",25,"raw","detect",0.00212076842639882,0.00715210987557969,0.766860680631104,2032,0.390748031496063,0.003,"",FALSE
"PFHxA","airport+milfire",25,"raw","intensive",0.000162947066157001,0.0129479316768492,0.989962220716518,794,0.390748031496063,0.003,"",FALSE
"PFHxA","airport+milfire",25,"raw","tobit",0.00483515684695629,0.0175680514233445,0.783143823069636,2032,0.390748031496063,0.003,"",FALSE
"PFHxA","airport+milfire+milbase",5,"cov","detect",-0.00128866511618248,0.0328793472590711,0.968740222206386,1894,0.388595564941922,0.003,"",FALSE
"PFHxA","airport+milfire+milbase",5,"cov","intensive",-0.0344062987744537,0.057578474387905,0.550342555262041,736,0.388595564941922,0.003,"",FALSE
"PFHxA","airport+milfire+milbase",5,"cov","tobit",-0.0397747295623683,0.0771899738663046,0.606354839802997,1894,0.388595564941922,0.003,"",FALSE
"PFHxA","airport+milfire+milbase",5,"raw","detect",0.0441277471842794,0.0293691746582604,0.133118623478687,2032,0.390748031496063,0.003,"",FALSE
"PFHxA","airport+milfire+milbase",5,"raw","intensive",-0.0182852440346216,0.0480710086679236,0.703765446441979,794,0.390748031496063,0.003,"",FALSE
"PFHxA","airport+milfire+milbase",5,"raw","tobit",0.0816704283939266,0.0701322498955404,0.244213223261013,2032,0.390748031496063,0.003,"",FALSE
"PFHxA","airport+milfire+milbase",10,"cov","detect",0.0104226989398003,0.0157715633877781,0.508789891912686,1894,0.388595564941922,0.003,"",FALSE
"PFHxA","airport+milfire+milbase",10,"cov","intensive",-0.00396690889437245,0.0295820460960878,0.893365666426433,736,0.388595564941922,0.003,"",FALSE
"PFHxA","airport+milfire+milbase",10,"cov","tobit",0.00558869345294124,0.037879932707762,0.882708139538891,1894,0.388595564941922,0.003,"",FALSE
"PFHxA","airport+milfire+milbase",10,"raw","detect",0.0233825404367047,0.013744958785227,0.0890638179457556,2032,0.390748031496063,0.003,"*",FALSE
"PFHxA","airport+milfire+milbase",10,"raw","intensive",-0.00136000604064085,0.0239291710941854,0.95469124762772,794,0.390748031496063,0.003,"",FALSE
"PFHxA","airport+milfire+milbase",10,"raw","tobit",0.0503220275811698,0.0333569647384265,0.131403252839415,2032,0.390748031496063,0.003,"",FALSE
"PFHxA","airport+milfire+milbase",25,"cov","detect",0.00955686355749335,0.00810976959893541,0.238776367614259,1894,0.388595564941922,0.003,"",FALSE
"PFHxA","airport+milfire+milbase",25,"cov","intensive",0.00615038484153681,0.0166037056255908,0.711186978290196,736,0.388595564941922,0.003,"",FALSE
"PFHxA","airport+milfire+milbase",25,"cov","tobit",0.0165262581186706,0.0198803831584285,0.405812822337099,1894,0.388595564941922,0.003,"",FALSE
"PFHxA","airport+milfire+milbase",25,"raw","detect",0.0104493949618405,0.00689119623739973,0.12958915423544,2032,0.390748031496063,0.003,"",FALSE
"PFHxA","airport+milfire+milbase",25,"raw","intensive",0.00312122572840363,0.0127964648996961,0.807361272813866,794,0.390748031496063,0.003,"",FALSE
"PFHxA","airport+milfire+milbase",25,"raw","tobit",0.0252758211915238,0.0170133995665124,0.137373835905142,2032,0.390748031496063,0.003,"",FALSE
"PFHxA","airport+milfire+milsusp",5,"cov","detect",0.0176647053004545,0.0353364161414794,0.617205475411383,1894,0.388595564941922,0.003,"",FALSE
"PFHxA","airport+milfire+milsusp",5,"cov","intensive",0.00274301736512674,0.0606414900669146,0.963935040750768,736,0.388595564941922,0.003,"",FALSE
"PFHxA","airport+milfire+milsusp",5,"cov","tobit",0.0212803854269837,0.0824331745525366,0.796288697134702,1894,0.388595564941922,0.003,"",FALSE
"PFHxA","airport+milfire+milsusp",5,"raw","detect",0.0634647744654419,0.0318781547196259,0.046630720788413,2032,0.390748031496063,0.003,"**",TRUE
"PFHxA","airport+milfire+milsusp",5,"raw","intensive",0.00516091273264524,0.050762489910836,0.919046062348173,794,0.390748031496063,0.003,"",FALSE
"PFHxA","airport+milfire+milsusp",5,"raw","tobit",0.135490720438414,0.0754444123826045,0.0725102111125314,2032,0.390748031496063,0.003,"*",FALSE
"PFHxA","airport+milfire+milsusp",10,"cov","detect",0.0167395734373978,0.0168338511676851,0.32016095444077,1894,0.388595564941922,0.003,"",FALSE
"PFHxA","airport+milfire+milsusp",10,"cov","intensive",0.00691650723036302,0.0309115121695312,0.823019869573682,736,0.388595564941922,0.003,"",FALSE
"PFHxA","airport+milfire+milsusp",10,"cov","tobit",0.0244478812522488,0.0401217545053763,0.542297589897544,1894,0.388595564941922,0.003,"",FALSE
"PFHxA","airport+milfire+milsusp",10,"raw","detect",0.0253572742193785,0.0148595287651901,0.088074377605974,2032,0.390748031496063,0.003,"*",FALSE
"PFHxA","airport+milfire+milsusp",10,"raw","intensive",0.00464700759071512,0.0250520850362736,0.852889200612163,794,0.390748031496063,0.003,"",FALSE
"PFHxA","airport+milfire+milsusp",10,"raw","tobit",0.0573926004165111,0.0357640192788017,0.108547045381025,2032,0.390748031496063,0.003,"",FALSE
"PFHxA","airport+milfire+milsusp",25,"cov","detect",0.0084013351414816,0.00810960302785652,0.30035243362955,1894,0.388595564941922,0.003,"",FALSE
"PFHxA","airport+milfire+milsusp",25,"cov","intensive",0.00798377887783458,0.0164529885634737,0.627661992907287,736,0.388595564941922,0.003,"",FALSE
"PFHxA","airport+milfire+milsusp",25,"cov","tobit",0.0143814297582729,0.0198019422369997,0.467677192386932,1894,0.388595564941922,0.003,"",FALSE
"PFHxA","airport+milfire+milsusp",25,"raw","detect",0.00544210206331053,0.00693520801521213,0.432717295484165,2032,0.390748031496063,0.003,"",FALSE
"PFHxA","airport+milfire+milsusp",25,"raw","intensive",0.00263597248767005,0.0126064733653118,0.834426487064961,794,0.390748031496063,0.003,"",FALSE
"PFHxA","airport+milfire+milsusp",25,"raw","tobit",0.0136416613414497,0.0170418166918277,0.423431797961203,2032,0.390748031496063,0.003,"",FALSE
"PFHxA","airport+milfire+milsusp+milbase",5,"cov","detect",0.00163630247661661,0.0316195237458738,0.95873378943302,1894,0.388595564941922,0.003,"",FALSE
"PFHxA","airport+milfire+milsusp+milbase",5,"cov","intensive",-0.0126720165616222,0.0553941781596902,0.819125913839411,736,0.388595564941922,0.003,"",FALSE
"PFHxA","airport+milfire+milsusp+milbase",5,"cov","tobit",-0.0193166321297394,0.0740700336848912,0.794255413939254,1894,0.388595564941922,0.003,"",FALSE
"PFHxA","airport+milfire+milsusp+milbase",5,"raw","detect",0.0549152697598667,0.0278848399283536,0.0490476397539775,2032,0.390748031496063,0.003,"**",TRUE
"PFHxA","airport+milfire+milsusp+milbase",5,"raw","intensive",0.00244587033207584,0.0455041275468733,0.957147489896151,794,0.390748031496063,0.003,"",FALSE
"PFHxA","airport+milfire+milsusp+milbase",5,"raw","tobit",0.117384300134882,0.0664301072311336,0.0772224284438214,2032,0.390748031496063,0.003,"*",FALSE
"PFHxA","airport+milfire+milsusp+milbase",10,"cov","detect",0.0113706546584622,0.0152828122780781,0.456963190558572,1894,0.388595564941922,0.003,"",FALSE
"PFHxA","airport+milfire+milsusp+milbase",10,"cov","intensive",0.00443684425765989,0.0285737237792524,0.876650507633428,736,0.388595564941922,0.003,"",FALSE
"PFHxA","airport+milfire+milsusp+milbase",10,"cov","tobit",0.0133171278707012,0.0366219201811018,0.716128223177117,1894,0.388595564941922,0.003,"",FALSE
"PFHxA","airport+milfire+milsusp+milbase",10,"raw","detect",0.0273071104044166,0.0132158501143406,0.0389324639548857,2032,0.390748031496063,0.003,"**",TRUE
"PFHxA","airport+milfire+milsusp+milbase",10,"raw","intensive",0.00659846231945123,0.022873682188207,0.773059419505295,794,0.390748031496063,0.003,"",FALSE
"PFHxA","airport+milfire+milsusp+milbase",10,"raw","tobit",0.0633448122651958,0.0319979835143041,0.0477428557488115,2032,0.390748031496063,0.003,"**",TRUE
"PFHxA","airport+milfire+milsusp+milbase",25,"cov","detect",0.00978876734039489,0.00798781229952147,0.220559868103121,1894,0.388595564941922,0.003,"",FALSE
"PFHxA","airport+milfire+milsusp+milbase",25,"cov","intensive",0.00844099152816449,0.0162844515932347,0.604390657520539,736,0.388595564941922,0.003,"",FALSE
"PFHxA","airport+milfire+milsusp+milbase",25,"cov","tobit",0.0187075219987844,0.0195585423443119,0.338825461466239,1894,0.388595564941922,0.003,"",FALSE
"PFHxA","airport+milfire+milsusp+milbase",25,"raw","detect",0.0118447514074603,0.00677700658827187,0.0806524247047293,2032,0.390748031496063,0.003,"*",FALSE
"PFHxA","airport+milfire+milsusp+milbase",25,"raw","intensive",0.0054517683453947,0.0125434534633368,0.663948992722629,794,0.390748031496063,0.003,"",FALSE
"PFHxA","airport+milfire+milsusp+milbase",25,"raw","tobit",0.0296351546418868,0.0167173162285278,0.0762747799750841,2032,0.390748031496063,0.003,"*",FALSE
"PFHxA","airport+milsusp",5,"cov","detect",0.0151395445335977,0.0375762138320725,0.687067520216111,1894,0.388595564941922,0.003,"",FALSE
"PFHxA","airport+milsusp",5,"cov","intensive",0.0385540000328499,0.0633756829590822,0.543171537354358,736,0.388595564941922,0.003,"",FALSE
"PFHxA","airport+milsusp",5,"cov","tobit",0.0368239305417655,0.0873166963901485,0.673223273504477,1894,0.388595564941922,0.003,"",FALSE
"PFHxA","airport+milsusp",5,"raw","detect",0.0418799052484157,0.0349957511219567,0.231557789012585,2032,0.390748031496063,0.003,"",FALSE
"PFHxA","airport+milsusp",5,"raw","intensive",0.0269804224208246,0.0544234257139025,0.620208218872964,794,0.390748031496063,0.003,"",FALSE
"PFHxA","airport+milsusp",5,"raw","tobit",0.104734954600438,0.082282295922247,0.203062931592237,2032,0.390748031496063,0.003,"",FALSE
"PFHxA","airport+milsusp",10,"cov","detect",0.0220519129896078,0.0179855104458919,0.220322636514836,1894,0.388595564941922,0.003,"",FALSE
"PFHxA","airport+milsusp",10,"cov","intensive",0.032332519113729,0.0323896440765992,0.318531726495755,736,0.388595564941922,0.003,"",FALSE
"PFHxA","airport+milsusp",10,"cov","tobit",0.0488082195412274,0.0426221620044812,0.252152363871601,1894,0.388595564941922,0.003,"",FALSE
"PFHxA","airport+milsusp",10,"raw","detect",0.0175923766471526,0.0164924553386121,0.286237605729374,2032,0.390748031496063,0.003,"",FALSE
"PFHxA","airport+milsusp",10,"raw","intensive",0.0205106322328461,0.0271452013173922,0.450119936026586,794,0.390748031496063,0.003,"",FALSE
"PFHxA","airport+milsusp",10,"raw","tobit",0.0504545808658286,0.0394301954507895,0.200688502388281,2032,0.390748031496063,0.003,"",FALSE
"PFHxA","airport+milsusp",25,"cov","detect",0.0105108191297923,0.00832233230006054,0.206763778400095,1894,0.388595564941922,0.003,"",FALSE
"PFHxA","airport+milsusp",25,"cov","intensive",0.0216195514632631,0.0167124214570426,0.196250029295424,736,0.388595564941922,0.003,"",FALSE
"PFHxA","airport+milsusp",25,"cov","tobit",0.0251970440544651,0.0202534247143178,0.213467151450682,1894,0.388595564941922,0.003,"",FALSE
"PFHxA","airport+milsusp",25,"raw","detect",0.00155117306231454,0.00730400167434575,0.831837336253043,2032,0.390748031496063,0.003,"",FALSE
"PFHxA","airport+milsusp",25,"raw","intensive",0.010146985853314,0.0132322127813227,0.443405356159719,794,0.390748031496063,0.003,"",FALSE
"PFHxA","airport+milsusp",25,"raw","tobit",0.00908828529160387,0.0179350934680618,0.612342893668939,2032,0.390748031496063,0.003,"",FALSE
"PFHxA","airport+milsusp+milbase",5,"cov","detect",-0.0129939390820282,0.032124814169953,0.685905284599413,1894,0.388595564941922,0.003,"",FALSE
"PFHxA","airport+milsusp+milbase",5,"cov","intensive",0.0222608656937694,0.056052762469506,0.691392066067138,736,0.388595564941922,0.003,"",FALSE
"PFHxA","airport+milsusp+milbase",5,"cov","tobit",-0.0289555843105265,0.0751776138561741,0.700117156677929,1894,0.388595564941922,0.003,"",FALSE
"PFHxA","airport+milsusp+milbase",5,"raw","detect",0.0403817887714328,0.0288852228686104,0.162263224679903,2032,0.390748031496063,0.003,"",FALSE
"PFHxA","airport+milsusp+milbase",5,"raw","intensive",0.0251579297890768,0.0468426521093119,0.591367945595338,794,0.390748031496063,0.003,"",FALSE
"PFHxA","airport+milsusp+milbase",5,"raw","tobit",0.10134574117825,0.0687057232948435,0.140193764383398,2032,0.390748031496063,0.003,"",FALSE
"PFHxA","airport+milsusp+milbase",10,"cov","detect",0.00661991487557336,0.0155300408195078,0.66996521094349,1894,0.388595564941922,0.003,"",FALSE
"PFHxA","airport+milsusp+milbase",10,"cov","intensive",0.0255074269144794,0.0289053582185399,0.3778577549175,736,0.388595564941922,0.003,"",FALSE
"PFHxA","airport+milsusp+milbase",10,"cov","tobit",0.014492990658663,0.0371670083951446,0.696579175763926,1894,0.388595564941922,0.003,"",FALSE
"PFHxA","airport+milsusp+milbase",10,"raw","detect",0.0220152949467852,0.0137532065020587,0.109590322464162,2032,0.390748031496063,0.003,"",FALSE
"PFHxA","airport+milsusp+milbase",10,"raw","intensive",0.0207223373128921,0.0236955024702857,0.382096877315658,794,0.390748031496063,0.003,"",FALSE
"PFHxA","airport+milsusp+milbase",10,"raw","tobit",0.0601739879760862,0.0332427442129878,0.0702742333701766,2032,0.390748031496063,0.003,"*",FALSE
"PFHxA","airport+milsusp+milbase",25,"cov","detect",0.00820107081287107,0.00803097582126873,0.307305320697198,1894,0.388595564941922,0.003,"",FALSE
"PFHxA","airport+milsusp+milbase",25,"cov","intensive",0.0200326784452497,0.0163481144278446,0.22086990933818,736,0.388595564941922,0.003,"",FALSE
"PFHxA","airport+milsusp+milbase",25,"cov","tobit",0.0204223082319839,0.0196551031119286,0.298789211990171,1894,0.388595564941922,0.003,"",FALSE
"PFHxA","airport+milsusp+milbase",25,"raw","detect",0.00989617851397319,0.00694824221009309,0.154521793686717,2032,0.390748031496063,0.003,"",FALSE
"PFHxA","airport+milsusp+milbase",25,"raw","intensive",0.0129032687291022,0.0128735246539821,0.316499787357951,794,0.390748031496063,0.003,"",FALSE
"PFHxA","airport+milsusp+milbase",25,"raw","tobit",0.0292259614341626,0.0171321806461676,0.0880248033972398,2032,0.390748031496063,0.003,"*",FALSE
"PFHxA","milbase",5,"cov","detect",-0.0930873470813891,0.0612518409370253,0.128748559505184,1894,0.388595564941922,0.003,"",FALSE
"PFHxA","milbase",5,"cov","intensive",-0.0492657047595631,0.122690819887029,0.688150374112771,736,0.388595564941922,0.003,"",FALSE
"PFHxA","milbase",5,"cov","tobit",-0.24010233356339,0.148141373069051,0.105068074872653,1894,0.388595564941922,0.003,"",FALSE
"PFHxA","milbase",5,"raw","detect",0.0731054593204943,0.0515018181899754,0.155914589574478,2032,0.390748031496063,0.003,"",FALSE
"PFHxA","milbase",5,"raw","intensive",0.0202545242067017,0.0947999751104117,0.830870801910795,794,0.390748031496063,0.003,"",FALSE
"PFHxA","milbase",5,"raw","tobit",0.174082319582724,0.125890507648896,0.166723943952756,2032,0.390748031496063,0.003,"",FALSE
"PFHxA","milbase",10,"cov","detect",-0.0268181312313354,0.0297668960921262,0.367740753017013,1894,0.388595564941922,0.003,"",FALSE
"PFHxA","milbase",10,"cov","intensive",-0.00962319343291653,0.06308334649784,0.878802060354412,736,0.388595564941922,0.003,"",FALSE
"PFHxA","milbase",10,"cov","tobit",-0.0857679930232486,0.0735630207163766,0.243650112397672,1894,0.388595564941922,0.003,"",FALSE
"PFHxA","milbase",10,"raw","detect",0.044401258592658,0.0240858279102285,0.0654075672261516,2032,0.390748031496063,0.003,"*",FALSE
"PFHxA","milbase",10,"raw","intensive",0.00334953032637363,0.0451731879893593,0.940910837919199,794,0.390748031496063,0.003,"",FALSE
"PFHxA","milbase",10,"raw","tobit",0.101690269864256,0.0591475216226078,0.0855661111405323,2032,0.390748031496063,0.003,"*",FALSE
"PFHxA","milbase",25,"cov","detect",0.00785076266154881,0.0135001278196374,0.560953855051052,1894,0.388595564941922,0.003,"",FALSE
"PFHxA","milbase",25,"cov","intensive",-0.00696611108353345,0.0291368240605541,0.811115889046983,736,0.388595564941922,0.003,"",FALSE
"PFHxA","milbase",25,"cov","tobit",0.0045961991925179,0.0333707623972991,0.890452764605364,1894,0.388595564941922,0.003,"",FALSE
"PFHxA","milbase",25,"raw","detect",0.028378992752779,0.0107311371604364,0.00824307378148315,2032,0.390748031496063,0.003,"***",TRUE
"PFHxA","milbase",25,"raw","intensive",-0.00567512099741285,0.0201125096434403,0.777887863782832,794,0.390748031496063,0.003,"",FALSE
"PFHxA","milbase",25,"raw","tobit",0.0609552746424948,0.0264237435167849,0.0210638972832923,2032,0.390748031496063,0.003,"**",TRUE
"PFHxA","milfire",5,"cov","detect",0.0231591796412818,0.0933253101571249,0.804042245288404,1894,0.388595564941922,0.003,"",FALSE
"PFHxA","milfire",5,"cov","intensive",-0.340325522988622,0.165622211596314,0.0402897109235096,736,0.388595564941922,0.003,"**",FALSE
"PFHxA","milfire",5,"cov","tobit",-0.159660638002072,0.218466717390008,0.464886892182721,1894,0.388595564941922,0.003,"",FALSE
"PFHxA","milfire",5,"raw","detect",0.153251672233662,0.078509235882033,0.0510730319080759,2032,0.390748031496063,0.003,"*",FALSE
"PFHxA","milfire",5,"raw","intensive",-0.209131545317938,0.13250568845984,0.11489978537929,794,0.390748031496063,0.003,"",FALSE
"PFHxA","milfire",5,"raw","tobit",0.201060108955197,0.188626392627281,0.286461090585748,2032,0.390748031496063,0.003,"",FALSE
"PFHxA","milfire",10,"cov","detect",-0.00726326565437515,0.0484060220856092,0.880742784076171,1894,0.388595564941922,0.003,"",FALSE
"PFHxA","milfire",10,"cov","intensive",-0.297003767511955,0.0921192438913941,0.00132606249769945,736,0.388595564941922,0.003,"***",FALSE
"PFHxA","milfire",10,"cov","tobit",-0.187333233355982,0.116253784688397,0.1070890360203,1894,0.388595564941922,0.003,"",FALSE
"PFHxA","milfire",10,"raw","detect",0.0751923218109592,0.0378230296070747,0.0469454028258356,2032,0.390748031496063,0.003,"**",TRUE
"PFHxA","milfire",10,"raw","intensive",-0.156827565337059,0.0672442141441317,0.0199394510578204,794,0.390748031496063,0.003,"**",FALSE
"PFHxA","milfire",10,"raw","tobit",0.0775963393337224,0.0924028001417942,0.401041970472252,2032,0.390748031496063,0.003,"",FALSE
"PFHxA","milfire",25,"cov","detect",0.0152548897823177,0.0203661855662748,0.453936012165411,1894,0.388595564941922,0.003,"",FALSE
"PFHxA","milfire",25,"cov","intensive",-0.163755411553695,0.0429716994315885,0.000151524088746982,736,0.388595564941922,0.003,"***",FALSE
"PFHxA","milfire",25,"cov","tobit",-0.0428849865214891,0.0499842283987181,0.390908829407348,1894,0.388595564941922,0.003,"",FALSE
"PFHxA","milfire",25,"raw","detect",0.0448837867358487,0.0152918352412471,0.00337134747048528,2032,0.390748031496063,0.003,"***",TRUE
"PFHxA","milfire",25,"raw","intensive",-0.0760327796879364,0.0288978267403625,0.00867662088037645,794,0.390748031496063,0.003,"***",FALSE
"PFHxA","milfire",25,"raw","tobit",0.0628026848519473,0.0378900015932403,0.0974183904328604,2032,0.390748031496063,0.003,"*",FALSE
"PFHxA","milfire+milbase",5,"cov","detect",-0.043945029082042,0.0562089343008395,0.43442484842969,1894,0.388595564941922,0.003,"",FALSE
"PFHxA","milfire+milbase",5,"cov","intensive",-0.18187828331669,0.109162114655902,0.0961634413929204,736,0.388595564941922,0.003,"*",FALSE
"PFHxA","milfire+milbase",5,"cov","tobit",-0.199061655080531,0.135074393905494,0.14055735599305,1894,0.388595564941922,0.003,"",FALSE
"PFHxA","milfire+milbase",5,"raw","detect",0.0956918826024138,0.0464324063285472,0.0394410685114923,2032,0.390748031496063,0.003,"**",TRUE
"PFHxA","milfire+milbase",5,"raw","intensive",-0.048383473589464,0.0831494897777548,0.560809465857052,794,0.390748031496063,0.003,"",FALSE
"PFHxA","milfire+milbase",5,"raw","tobit",0.183624890023668,0.112786042092438,0.10350756541646,2032,0.390748031496063,0.003,"",FALSE
"PFHxA","milfire+milbase",10,"cov","detect",-0.0133724310569783,0.0270981103440866,0.621731724700874,1894,0.388595564941922,0.003,"",FALSE
"PFHxA","milfire+milbase",10,"cov","intensive",-0.0928761616081752,0.0562757089906371,0.0993429630635132,736,0.388595564941922,0.003,"*",FALSE
"PFHxA","milfire+milbase",10,"cov","tobit",-0.0909136777402272,0.0666366822579263,0.172467254471876,1894,0.388595564941922,0.003,"",FALSE
"PFHxA","milfire+milbase",10,"raw","detect",0.047656322544825,0.0214252370541273,0.0262373417741622,2032,0.390748031496063,0.003,"**",TRUE
"PFHxA","milfire+milbase",10,"raw","intensive",-0.0308092279225978,0.0395854837008637,0.436626917973326,794,0.390748031496063,0.003,"",FALSE
"PFHxA","milfire+milbase",10,"raw","tobit",0.0902534864427787,0.0525583265336202,0.0859414952858891,2032,0.390748031496063,0.003,"*",FALSE
"PFHxA","milfire+milbase",25,"cov","detect",0.0070128318320517,0.0122251100158816,0.566281417411037,1894,0.388595564941922,0.003,"",FALSE
"PFHxA","milfire+milbase",25,"cov","intensive",-0.0399114960561142,0.0262673391095222,0.129133546906523,736,0.388595564941922,0.003,"",FALSE
"PFHxA","milfire+milbase",25,"cov","tobit",-0.00949708598226619,0.030177175374796,0.7529811684841,1894,0.388595564941922,0.003,"",FALSE
"PFHxA","milfire+milbase",25,"raw","detect",0.0259602753459972,0.00948333325690883,0.00624551390369759,2032,0.390748031496063,0.003,"***",TRUE
"PFHxA","milfire+milbase",25,"raw","intensive",-0.0166503320483762,0.0177943206835598,0.349707496099773,794,0.390748031496063,0.003,"",FALSE
"PFHxA","milfire+milbase",25,"raw","tobit",0.0499136372821186,0.0234071122427529,0.0329728856088599,2032,0.390748031496063,0.003,"**",TRUE
"PFHxA","milfire+milsusp",5,"cov","detect",0.0383055603578026,0.0755873982849836,0.612376517183253,1894,0.388595564941922,0.003,"",FALSE
"PFHxA","milfire+milsusp",5,"cov","intensive",-0.118745962438878,0.140932334310961,0.399772722967777,736,0.388595564941922,0.003,"",FALSE
"PFHxA","milfire+milsusp",5,"cov","tobit",0.00905277210885423,0.178193333796546,0.959482427992963,1894,0.388595564941922,0.003,"",FALSE
"PFHxA","milfire+milsusp",5,"raw","detect",0.216090196216432,0.0612835595683921,0.000431129351665503,2032,0.390748031496063,0.003,"***",TRUE
"PFHxA","milfire+milsusp",5,"raw","intensive",-0.0454626889466262,0.104220044541244,0.662797243898734,794,0.390748031496063,0.003,"",FALSE
"PFHxA","milfire+milsusp",5,"raw","tobit",0.433043082048286,0.146569049791859,0.00313142747052343,2032,0.390748031496063,0.003,"***",TRUE
"PFHxA","milfire+milsusp",10,"cov","detect",0.0246592955905326,0.0372396897153265,0.507941350325479,1894,0.388595564941922,0.003,"",FALSE
"PFHxA","milfire+milsusp",10,"cov","intensive",-0.130446577436047,0.0746915294743269,0.081195793466645,736,0.388595564941922,0.003,"*",FALSE
"PFHxA","milfire+milsusp",10,"cov","tobit",-0.0184411916252218,0.0899896064978915,0.837630101625822,1894,0.388595564941922,0.003,"",FALSE
"PFHxA","milfire+milsusp",10,"raw","detect",0.102643721710845,0.0288006736702281,0.000373773600927874,2032,0.390748031496063,0.003,"***",TRUE
"PFHxA","milfire+milsusp",10,"raw","intensive",-0.05633996808633,0.0513892068937468,0.273263893090774,794,0.390748031496063,0.003,"",FALSE
"PFHxA","milfire+milsusp",10,"raw","tobit",0.193317513111658,0.0700193518023057,0.00576395888970081,2032,0.390748031496063,0.003,"***",TRUE
"PFHxA","milfire+milsusp",25,"cov","detect",0.0259588990779941,0.0159222934059614,0.103201213146515,1894,0.388595564941922,0.003,"",FALSE
"PFHxA","milfire+milsusp",25,"cov","intensive",-0.084962063019393,0.0345304120620018,0.0141302054774739,736,0.388595564941922,0.003,"**",FALSE
"PFHxA","milfire+milsusp",25,"cov","tobit",0.0204682063805562,0.0391878545571085,0.601454542057223,1894,0.388595564941922,0.003,"",FALSE
"PFHxA","milfire+milsusp",25,"raw","detect",0.0495290027212686,0.0121035388614455,4.44187566475374e-05,2032,0.390748031496063,0.003,"***",TRUE
"PFHxA","milfire+milsusp",25,"raw","intensive",-0.0401818938252748,0.02296016383389,0.0804934719126344,794,0.390748031496063,0.003,"*",FALSE
"PFHxA","milfire+milsusp",25,"raw","tobit",0.0912118464872898,0.0299333407258589,0.00231010394727088,2032,0.390748031496063,0.003,"***",TRUE
"PFHxA","milfire+milsusp+milbase",5,"cov","detect",-0.0218521018000834,0.0503331276825435,0.66423149069357,1894,0.388595564941922,0.003,"",FALSE
"PFHxA","milfire+milsusp+milbase",5,"cov","intensive",-0.0770185689578969,0.0944643356738232,0.41518474091434,736,0.388595564941922,0.003,"",FALSE
"PFHxA","milfire+milsusp+milbase",5,"cov","tobit",-0.0964829356820013,0.11928664841994,0.418611414347846,1894,0.388595564941922,0.003,"",FALSE
"PFHxA","milfire+milsusp+milbase",5,"raw","detect",0.111814443259837,0.0411005106079986,0.00657368446138676,2032,0.390748031496063,0.003,"***",TRUE
"PFHxA","milfire+milsusp+milbase",5,"raw","intensive",0.00991204727980389,0.071426122042758,0.889664475157838,794,0.390748031496063,0.003,"",FALSE
"PFHxA","milfire+milsusp+milbase",5,"raw","tobit",0.247136344149546,0.0987646683387795,0.0123398090824016,2032,0.390748031496063,0.003,"**",TRUE
"PFHxA","milfire+milsusp+milbase",10,"cov","detect",0.00103156835368973,0.0246776247867924,0.966661323108592,1894,0.388595564941922,0.003,"",FALSE
"PFHxA","milfire+milsusp+milbase",10,"cov","intensive",-0.0442577462374309,0.0494673258112649,0.371281866711064,736,0.388595564941922,0.003,"",FALSE
"PFHxA","milfire+milsusp+milbase",10,"cov","tobit",-0.0330672583032483,0.0598841887360487,0.580820379968179,1894,0.388595564941922,0.003,"",FALSE
"PFHxA","milfire+milsusp+milbase",10,"raw","detect",0.0572703816038694,0.0194920725653832,0.00333914063679852,2032,0.390748031496063,0.003,"***",TRUE
"PFHxA","milfire+milsusp+milbase",10,"raw","intensive",-0.00619035946071841,0.0350961133475708,0.860038112413254,794,0.390748031496063,0.003,"",FALSE
"PFHxA","milfire+milsusp+milbase",10,"raw","tobit",0.122707731832526,0.0474109325241203,0.00964862936419627,2032,0.390748031496063,0.003,"***",TRUE
"PFHxA","milfire+milsusp+milbase",25,"cov","detect",0.0132504495921178,0.0116038720395839,0.253646637710785,1894,0.388595564941922,0.003,"",FALSE
"PFHxA","milfire+milsusp+milbase",25,"cov","intensive",-0.0249631034616911,0.0245700719960751,0.31000455240019,736,0.388595564941922,0.003,"",FALSE
"PFHxA","milfire+milsusp+milbase",25,"cov","tobit",0.0127119245175141,0.0284821819748343,0.655372271778219,1894,0.388595564941922,0.003,"",FALSE
"PFHxA","milfire+milsusp+milbase",25,"raw","detect",0.0310049093106706,0.00904848561564205,0.000623523593108607,2032,0.390748031496063,0.003,"***",TRUE
"PFHxA","milfire+milsusp+milbase",25,"raw","intensive",-0.00912495685771522,0.0168692619230428,0.58871336583595,794,0.390748031496063,0.003,"",FALSE
"PFHxA","milfire+milsusp+milbase",25,"raw","tobit",0.0647929360333952,0.0222891135545362,0.00364992605072182,2032,0.390748031496063,0.003,"***",TRUE
"PFHxA","milsusp",5,"cov","detect",0.0584196501113058,0.12963111859179,0.65228794303935,1894,0.388595564941922,0.003,"",FALSE
"PFHxA","milsusp",5,"cov","intensive",0.305306489485012,0.238267484209006,0.200518520955413,736,0.388595564941922,0.003,"",FALSE
"PFHxA","milsusp",5,"cov","tobit",0.302793078761522,0.301991353228834,0.316027447279761,1894,0.388595564941922,0.003,"",FALSE
"PFHxA","milsusp",5,"raw","detect",0.350250812039862,0.107362839914034,0.00112340952372358,2032,0.390748031496063,0.003,"***",TRUE
"PFHxA","milsusp",5,"raw","intensive",0.185748196382183,0.17595757401785,0.291453733467329,794,0.390748031496063,0.003,"",FALSE
"PFHxA","milsusp",5,"raw","tobit",0.841789375808842,0.251558479241192,0.00081898632618997,2032,0.390748031496063,0.003,"***",TRUE
"PFHxA","milsusp",10,"cov","detect",0.107848759905558,0.0707951879838865,0.127835091797493,1894,0.388595564941922,0.003,"",FALSE
"PFHxA","milsusp",10,"cov","intensive",0.158630481004722,0.130623532511864,0.225026970436141,736,0.388595564941922,0.003,"",FALSE
"PFHxA","milsusp",10,"cov","tobit",0.319848805359865,0.165388217360547,0.0531220545921783,1894,0.388595564941922,0.003,"*",FALSE
"PFHxA","milsusp",10,"raw","detect",0.22691246512513,0.0578268251046134,8.99901427720042e-05,2032,0.390748031496063,0.003,"***",TRUE
"PFHxA","milsusp",10,"raw","intensive",0.0844937690214426,0.0957060404627315,0.377586947755495,794,0.390748031496063,0.003,"",FALSE
"PFHxA","milsusp",10,"raw","tobit",0.524948710666903,0.136220316142148,0.00011635843266658,2032,0.390748031496063,0.003,"***",TRUE
"PFHxA","milsusp",25,"cov","detect",0.103180461866822,0.0387401067343142,0.00780390166964026,1894,0.388595564941922,0.003,"***",TRUE
"PFHxA","milsusp",25,"cov","intensive",0.0583497376533626,0.0756039947976605,0.440521142205755,736,0.388595564941922,0.003,"",FALSE
"PFHxA","milsusp",25,"cov","tobit",0.259681989341023,0.092264939785729,0.00488493619674335,1894,0.388595564941922,0.003,"***",TRUE
"PFHxA","milsusp",25,"raw","detect",0.145543307176769,0.0317293215789407,4.77026042742573e-06,2032,0.390748031496063,0.003,"***",TRUE
"PFHxA","milsusp",25,"raw","intensive",0.00473388185446042,0.0557425419666566,0.932343241858536,794,0.390748031496063,0.003,"",FALSE
"PFHxA","milsusp",25,"raw","tobit",0.316782877900671,0.0765264046208967,3.48027402907075e-05,2032,0.390748031496063,0.003,"***",TRUE
"PFHxA","milsusp+milbase",5,"cov","detect",-0.0595337598245007,0.0535573100045892,0.266461779015046,1894,0.388595564941922,0.003,"",FALSE
"PFHxA","milsusp+milbase",5,"cov","intensive",0.0327195110669252,0.101386872089551,0.747010272843767,736,0.388595564941922,0.003,"",FALSE
"PFHxA","milsusp+milbase",5,"cov","tobit",-0.118774087806889,0.127001837137387,0.349677247301072,1894,0.388595564941922,0.003,"",FALSE
"PFHxA","milsusp+milbase",5,"raw","detect",0.0951528685781711,0.0444689472020834,0.0324930917141404,2032,0.390748031496063,0.003,"**",TRUE
"PFHxA","milsusp+milbase",5,"raw","intensive",0.0682709489412536,0.0779905221441663,0.381635321117049,794,0.390748031496063,0.003,"",FALSE
"PFHxA","milsusp+milbase",5,"raw","tobit",0.245769491789424,0.107020555195921,0.0216490239567418,2032,0.390748031496063,0.003,"**",TRUE
"PFHxA","milsusp+milbase",10,"cov","detect",-0.00875012544439708,0.0266032158910314,0.742259908769049,1894,0.388595564941922,0.003,"",FALSE
"PFHxA","milsusp+milbase",10,"cov","intensive",0.0229317002315363,0.0532872342623592,0.667088264819407,736,0.388595564941922,0.003,"",FALSE
"PFHxA","milsusp+milbase",10,"cov","tobit",-0.0231760482828471,0.064448324564592,0.719141284465154,1894,0.388595564941922,0.003,"",FALSE
"PFHxA","milsusp+milbase",10,"raw","detect",0.0556604731712075,0.0214375680522772,0.00948864636590645,2032,0.390748031496063,0.003,"***",TRUE
"PFHxA","milsusp+milbase",10,"raw","intensive",0.0232636958941585,0.0386084935386346,0.546978017235261,794,0.390748031496063,0.003,"",FALSE
"PFHxA","milsusp+milbase",10,"raw","tobit",0.135307007456131,0.0520103700017083,0.00928065044284093,2032,0.390748031496063,0.003,"***",TRUE
"PFHxA","milsusp+milbase",25,"cov","detect",0.0147261525467373,0.0126618120251664,0.244967482689775,1894,0.388595564941922,0.003,"",FALSE
"PFHxA","milsusp+milbase",25,"cov","intensive",0.00441546672417219,0.0266228958270781,0.868324184397289,736,0.388595564941922,0.003,"",FALSE
"PFHxA","milsusp+milbase",25,"cov","tobit",0.0275090521944793,0.0310007392827049,0.374881011282057,1894,0.388595564941922,0.003,"",FALSE
"PFHxA","milsusp+milbase",25,"raw","detect",0.0339689393941793,0.0100985889476673,0.00078325683515212,2032,0.390748031496063,0.003,"***",TRUE
"PFHxA","milsusp+milbase",25,"raw","intensive",0.000935225558543524,0.0186692914688548,0.960059852309529,794,0.390748031496063,0.003,"",FALSE
"PFHxA","milsusp+milbase",25,"raw","tobit",0.0763448915383292,0.0247771097237467,0.00206121698839508,2032,0.390748031496063,0.003,"***",TRUE
"PFHxS","airport",5,"cov","detect",0.0632466201764789,0.0383665055952708,0.099426195620465,1894,0.332101372756072,0.003,"*",FALSE
"PFHxS","airport",5,"cov","intensive",-0.0708660601101082,0.0759725872625521,0.351337529708231,629,0.332101372756072,0.003,"",FALSE
"PFHxS","airport",5,"cov","tobit",0.100311102744946,0.10126796969828,0.32190480632931,1894,0.332101372756072,0.003,"",FALSE
"PFHxS","airport",5,"raw","detect",0.0576038276181341,0.0362209393649837,0.111912534086509,2032,0.333661417322835,0.003,"",FALSE
"PFHxS","airport",5,"raw","intensive",-0.112440496828591,0.0649922202074989,0.0840758142567567,678,0.333661417322835,0.003,"*",FALSE
"PFHxS","airport",5,"raw","tobit",0.0672871039090681,0.0973556976679103,0.489473130930183,2032,0.333661417322835,0.003,"",FALSE
"PFHxS","airport",10,"cov","detect",0.0344087816414339,0.0182713582260441,0.059831864694293,1894,0.332101372756072,0.003,"*",FALSE
"PFHxS","airport",10,"cov","intensive",-0.0485630639631508,0.0381521228721986,0.203594622861311,629,0.332101372756072,0.003,"",FALSE
"PFHxS","airport",10,"cov","tobit",0.0492552207349905,0.0491145617369515,0.315926534488637,1894,0.332101372756072,0.003,"",FALSE
"PFHxS","airport",10,"raw","detect",0.0157822223396167,0.0168791605347954,0.349893180264853,2032,0.333661417322835,0.003,"",FALSE
"PFHxS","airport",10,"raw","intensive",-0.0649144278409177,0.0322938857731616,0.0448157919762816,678,0.333661417322835,0.003,"**",FALSE
"PFHxS","airport",10,"raw","tobit",0.00218830932441249,0.0464364581948391,0.962413752837525,2032,0.333661417322835,0.003,"",FALSE
"PFHxS","airport",25,"cov","detect",0.00695458376198497,0.0082658124797326,0.400253072928139,1894,0.332101372756072,0.003,"",FALSE
"PFHxS","airport",25,"cov","intensive",-0.0347439749996168,0.0191130455611695,0.0696324401342623,629,0.332101372756072,0.003,"*",FALSE
"PFHxS","airport",25,"cov","tobit",-0.00293698495532995,0.022902015769244,0.897957993694606,1894,0.332101372756072,0.003,"",FALSE
"PFHxS","airport",25,"raw","detect",-0.00676455291839132,0.00726882308274071,0.352157917071254,2032,0.333661417322835,0.003,"",FALSE
"PFHxS","airport",25,"raw","intensive",-0.0425532085180909,0.0151274720029334,0.00505105664306767,678,0.333661417322835,0.003,"***",FALSE
"PFHxS","airport",25,"raw","tobit",-0.0391753778242659,0.0205220306172067,0.0562695008992843,2032,0.333661417322835,0.003,"*",FALSE
"PFHxS","airport+milbase",5,"cov","detect",0.135218271588933,0.0321703452045233,2.75964702097611e-05,1894,0.332101372756072,0.003,"***",TRUE
"PFHxS","airport+milbase",5,"cov","intensive",-0.0456747330597734,0.0640586048702957,0.476136819311331,629,0.332101372756072,0.003,"",FALSE
"PFHxS","airport+milbase",5,"cov","tobit",0.269126175548171,0.0839724737947938,0.00135093793646785,1894,0.332101372756072,0.003,"***",TRUE
"PFHxS","airport+milbase",5,"raw","detect",0.164196367847892,0.0292751443172152,2.31699483397372e-08,2032,0.333661417322835,0.003,"***",TRUE
"PFHxS","airport+milbase",5,"raw","intensive",-0.022531429093131,0.0525387372516442,0.668166360535888,678,0.333661417322835,0.003,"",FALSE
"PFHxS","airport+milbase",5,"raw","tobit",0.367040915044197,0.0778617677905169,2.42892364371322e-06,2032,0.333661417322835,0.003,"***",TRUE
"PFHxS","airport+milbase",10,"cov","detect",0.0664363496234811,0.0154015352095242,1.6923904024881e-05,1894,0.332101372756072,0.003,"***",TRUE
"PFHxS","airport+milbase",10,"cov","intensive",-0.0314091276556698,0.0313537479355645,0.316893826525749,629,0.332101372756072,0.003,"",FALSE
"PFHxS","airport+milbase",10,"cov","tobit",0.128022255989412,0.0409069592081786,0.00175046863527713,1894,0.332101372756072,0.003,"***",TRUE
"PFHxS","airport+milbase",10,"raw","detect",0.0697927246669297,0.0137755957007294,4.42098664034982e-07,2032,0.333661417322835,0.003,"***",TRUE
"PFHxS","airport+milbase",10,"raw","intensive",-0.0175987536869949,0.0258069158001528,0.495510821110249,678,0.333661417322835,0.003,"",FALSE
"PFHxS","airport+milbase",10,"raw","tobit",0.157766495066147,0.037424422897877,2.49112084609299e-05,2032,0.333661417322835,0.003,"***",TRUE
"PFHxS","airport+milbase",25,"cov","detect",0.0205891721320829,0.00784020189221503,0.00870949327086899,1894,0.332101372756072,0.003,"***",TRUE
"PFHxS","airport+milbase",25,"cov","intensive",-0.0269196330664813,0.0170524753091828,0.11499060056535,629,0.332101372756072,0.003,"",FALSE
"PFHxS","airport+milbase",25,"cov","tobit",0.0323450015573377,0.0214109348513945,0.13087082789822,1894,0.332101372756072,0.003,"",FALSE
"PFHxS","airport+milbase",25,"raw","detect",0.0166822339107245,0.00681589713143356,0.0144673958499822,2032,0.333661417322835,0.003,"**",TRUE
"PFHxS","airport+milbase",25,"raw","intensive",-0.021599063750655,0.0137140575978551,0.115734012811319,678,0.333661417322835,0.003,"",FALSE
"PFHxS","airport+milbase",25,"raw","tobit",0.0310188594893479,0.0189955392951273,0.102478476598629,2032,0.333661417322835,0.003,"",FALSE
"PFHxS","airport+milfire",5,"cov","detect",0.0885082303407577,0.035897076401195,0.0137698844323727,1894,0.332101372756072,0.003,"**",TRUE
"PFHxS","airport+milfire",5,"cov","intensive",-0.080062080924421,0.0720270157344827,0.266811133537953,629,0.332101372756072,0.003,"",FALSE
"PFHxS","airport+milfire",5,"cov","tobit",0.15952159777144,0.0944385519648915,0.0911892319951615,1894,0.332101372756072,0.003,"*",FALSE
"PFHxS","airport+milfire",5,"raw","detect",0.121876249384845,0.0327923420606918,0.000207381129277482,2032,0.333661417322835,0.003,"***",TRUE
"PFHxS","airport+milfire",5,"raw","intensive",-0.0723057816155549,0.0592683316343301,0.222900433679167,678,0.333661417322835,0.003,"",FALSE
"PFHxS","airport+milfire",5,"raw","tobit",0.243208895850416,0.0876023193358623,0.00549841982291275,2032,0.333661417322835,0.003,"***",TRUE
"PFHxS","airport+milfire",10,"cov","detect",0.0493301926289304,0.0171499352392642,0.00406927070846632,1894,0.332101372756072,0.003,"***",TRUE
"PFHxS","airport+milfire",10,"cov","intensive",-0.0556819130147953,0.0357663079969252,0.120082889742937,629,0.332101372756072,0.003,"",FALSE
"PFHxS","airport+milfire",10,"cov","tobit",0.0837289195727992,0.045913268201515,0.0682076777861926,1894,0.332101372756072,0.003,"*",FALSE
"PFHxS","airport+milfire",10,"raw","detect",0.0501073701933944,0.0152735437566747,0.00105316491373228,2032,0.333661417322835,0.003,"***",TRUE
"PFHxS","airport+milfire",10,"raw","intensive",-0.0498158656874671,0.029056217694109,0.0869017252299398,678,0.333661417322835,0.003,"*",FALSE
"PFHxS","airport+milfire",10,"raw","tobit",0.0944227924474306,0.0417414713257061,0.0236920984801784,2032,0.333661417322835,0.003,"**",TRUE
"PFHxS","airport+milfire",25,"cov","detect",0.0144795737483826,0.00806175963974343,0.072647881525211,1894,0.332101372756072,0.003,"*",FALSE
"PFHxS","airport+milfire",25,"cov","intensive",-0.0411962279825979,0.018432242447654,0.0258145688099447,629,0.332101372756072,0.003,"**",FALSE
"PFHxS","airport+milfire",25,"cov","tobit",0.0140620065961661,0.0222422187364896,0.52724221768525,1894,0.332101372756072,0.003,"",FALSE
"PFHxS","airport+milfire",25,"raw","detect",0.00792046621370537,0.00690966001798137,0.251810755620718,2032,0.333661417322835,0.003,"",FALSE
"PFHxS","airport+milfire",25,"raw","intensive",-0.039674439692774,0.0140124887061159,0.00477282553922195,678,0.333661417322835,0.003,"***",FALSE
"PFHxS","airport+milfire",25,"raw","tobit",-0.000364601434091108,0.0193161590823513,0.984940454237599,2032,0.333661417322835,0.003,"",FALSE
"PFHxS","airport+milfire+milbase",5,"cov","detect",0.136959799562913,0.0315564236654108,1.50222398021802e-05,1894,0.332101372756072,0.003,"***",TRUE
"PFHxS","airport+milfire+milbase",5,"cov","intensive",-0.0451229879638045,0.063020265020087,0.474288349829003,629,0.332101372756072,0.003,"",FALSE
"PFHxS","airport+milfire+milbase",5,"cov","tobit",0.279791683683411,0.0824414085503834,0.000689238120036298,1894,0.332101372756072,0.003,"***",TRUE
"PFHxS","airport+milfire+milbase",5,"raw","detect",0.168857041491166,0.0281495440825786,2.35072040976163e-09,2032,0.333661417322835,0.003,"***",TRUE
"PFHxS","airport+milfire+milbase",5,"raw","intensive",-0.0197585050170886,0.0504496394778417,0.695441674762733,678,0.333661417322835,0.003,"",FALSE
"PFHxS","airport+milfire+milbase",5,"raw","tobit",0.378798108161777,0.0749350739801926,4.30351371058858e-07,2032,0.333661417322835,0.003,"***",TRUE
"PFHxS","airport+milfire+milbase",10,"cov","detect",0.0674497092555238,0.0151345694184376,8.83291816167464e-06,1894,0.332101372756072,0.003,"***",TRUE
"PFHxS","airport+milfire+milbase",10,"cov","intensive",-0.0330970598864549,0.0310936153286817,0.287596453262914,629,0.332101372756072,0.003,"",FALSE
"PFHxS","airport+milfire+milbase",10,"cov","tobit",0.133851796647387,0.0403209505542035,0.000901275423401376,1894,0.332101372756072,0.003,"***",TRUE
"PFHxS","airport+milfire+milbase",10,"raw","detect",0.0715905321227135,0.0131971815710413,6.49849940212416e-08,2032,0.333661417322835,0.003,"***",TRUE
"PFHxS","airport+milfire+milbase",10,"raw","intensive",-0.0172007010580529,0.0247919522776484,0.488044847136011,678,0.333661417322835,0.003,"",FALSE
"PFHxS","airport+milfire+milbase",10,"raw","tobit",0.162507545100395,0.0359313197687225,6.10479981941784e-06,2032,0.333661417322835,0.003,"***",TRUE
"PFHxS","airport+milfire+milbase",25,"cov","detect",0.0223862523278268,0.00780908363594804,0.00419567611336412,1894,0.332101372756072,0.003,"***",TRUE
"PFHxS","airport+milfire+milbase",25,"cov","intensive",-0.030509838429582,0.0172754432794218,0.07793290459768,629,0.332101372756072,0.003,"*",FALSE
"PFHxS","airport+milfire+milbase",25,"cov","tobit",0.0374408440787334,0.0214230996336703,0.0805184728113222,1894,0.332101372756072,0.003,"*",FALSE
"PFHxS","airport+milfire+milbase",25,"raw","detect",0.0193250741536645,0.00664955276216004,0.0036978594680217,2032,0.333661417322835,0.003,"***",TRUE
"PFHxS","airport+milfire+milbase",25,"raw","intensive",-0.0227172346839231,0.0134365173658234,0.0913534541098409,678,0.333661417322835,0.003,"*",FALSE
"PFHxS","airport+milfire+milbase",25,"raw","tobit",0.037311634822039,0.0185693733907103,0.0445042271045391,2032,0.333661417322835,0.003,"**",TRUE
"PFHxS","airport+milfire+milsusp",5,"cov","detect",0.143758840478085,0.0339250939438747,2.37322613288268e-05,1894,0.332101372756072,0.003,"***",TRUE
"PFHxS","airport+milfire+milsusp",5,"cov","intensive",-0.0633981944583596,0.0679325311194686,0.351096246477504,629,0.332101372756072,0.003,"",FALSE
"PFHxS","airport+milfire+milsusp",5,"cov","tobit",0.290206063384906,0.0886465704692851,0.00106133202340636,1894,0.332101372756072,0.003,"***",TRUE
"PFHxS","airport+milfire+milsusp",5,"raw","detect",0.17913648144459,0.030579485644118,5.45016175165452e-09,2032,0.333661417322835,0.003,"***",TRUE
"PFHxS","airport+milfire+milsusp",5,"raw","intensive",-0.0409114514844771,0.0554705469696346,0.461053189066723,678,0.333661417322835,0.003,"",FALSE
"PFHxS","airport+milfire+milsusp",5,"raw","tobit",0.392341290452262,0.0815522042482094,1.50235671420066e-06,2032,0.333661417322835,0.003,"***",TRUE
"PFHxS","airport+milfire+milsusp",10,"cov","detect",0.0728303522052725,0.0161543672731606,6.94930104939784e-06,1894,0.332101372756072,0.003,"***",TRUE
"PFHxS","airport+milfire+milsusp",10,"cov","intensive",-0.0492350872995943,0.0334424818436029,0.141526124278489,629,0.332101372756072,0.003,"",FALSE
"PFHxS","airport+milfire+milsusp",10,"cov","tobit",0.139544819190167,0.0430692871309515,0.00119526498574437,1894,0.332101372756072,0.003,"***",TRUE
"PFHxS","airport+milfire+milsusp",10,"raw","detect",0.0749200279785999,0.0142739053354041,1.69126076755877e-07,2032,0.333661417322835,0.003,"***",TRUE
"PFHxS","airport+milfire+milsusp",10,"raw","intensive",-0.0374780310150015,0.0269568482122654,0.164896211256155,678,0.333661417322835,0.003,"",FALSE
"PFHxS","airport+milfire+milsusp",10,"raw","tobit",0.159603236813986,0.0389280954234425,4.13239776807648e-05,2032,0.333661417322835,0.003,"***",TRUE
"PFHxS","airport+milfire+milsusp",25,"cov","detect",0.0230924574866959,0.00780710806564179,0.00313771444760622,1894,0.332101372756072,0.003,"***",TRUE
"PFHxS","airport+milfire+milsusp",25,"cov","intensive",-0.0391574008570193,0.0175724691501684,0.0262585397424015,629,0.332101372756072,0.003,"**",FALSE
"PFHxS","airport+milfire+milsusp",25,"cov","tobit",0.0354248549594751,0.02149560202697,0.0993516896365635,1894,0.332101372756072,0.003,"*",FALSE
"PFHxS","airport+milfire+milsusp",25,"raw","detect",0.0172203083080244,0.00669224515020619,0.0101474887183908,2032,0.333661417322835,0.003,"**",TRUE
"PFHxS","airport+milfire+milsusp",25,"raw","intensive",-0.0359598945229446,0.0135266249327932,0.00803574957318985,678,0.333661417322835,0.003,"***",FALSE
"PFHxS","airport+milfire+milsusp",25,"raw","tobit",0.0251614548174528,0.0186993711754504,0.178438782629829,2032,0.333661417322835,0.003,"",FALSE
"PFHxS","airport+milfire+milsusp+milbase",5,"cov","detect",0.144226742327813,0.0303159355422359,2.11543793275675e-06,1894,0.332101372756072,0.003,"***",TRUE
"PFHxS","airport+milfire+milsusp+milbase",5,"cov","intensive",-0.0352793801983076,0.0613055399419939,0.565208443550505,629,0.332101372756072,0.003,"",FALSE
"PFHxS","airport+milfire+milsusp+milbase",5,"cov","tobit",0.306930722613341,0.0794362903306206,0.000111609101966129,1894,0.332101372756072,0.003,"***",TRUE
"PFHxS","airport+milfire+milsusp+milbase",5,"raw","detect",0.170517050369947,0.02670660834758,2.12071638523841e-10,2032,0.333661417322835,0.003,"***",TRUE
"PFHxS","airport+milfire+milsusp+milbase",5,"raw","intensive",-0.00153849223992685,0.0478528220206072,0.974361519571908,678,0.333661417322835,0.003,"",FALSE
"PFHxS","airport+milfire+milsusp+milbase",5,"raw","tobit",0.392743933515945,0.0710402049144706,3.23028088544611e-08,2032,0.333661417322835,0.003,"***",TRUE
"PFHxS","airport+milfire+milsusp+milbase",10,"cov","detect",0.0713861203447857,0.0146505473083559,1.1972042290003e-06,1894,0.332101372756072,0.003,"***",TRUE
"PFHxS","airport+milfire+milsusp+milbase",10,"cov","intensive",-0.0300564595240522,0.0303447460669956,0.322362380876833,629,0.332101372756072,0.003,"",FALSE
"PFHxS","airport+milfire+milsusp+milbase",10,"cov","tobit",0.146476377378396,0.0391063215245613,0.000179967918206216,1894,0.332101372756072,0.003,"***",TRUE
"PFHxS","airport+milfire+milsusp+milbase",10,"raw","detect",0.0739375697539326,0.0126793686274503,6.38250674842809e-09,2032,0.333661417322835,0.003,"***",TRUE
"PFHxS","airport+milfire+milsusp+milbase",10,"raw","intensive",-0.0102735469998146,0.0236759040173499,0.664481956251689,678,0.333661417322835,0.003,"",FALSE
"PFHxS","airport+milfire+milsusp+milbase",10,"raw","tobit",0.171145582742355,0.0344626329734363,6.83055769448554e-07,2032,0.333661417322835,0.003,"***",TRUE
"PFHxS","airport+milfire+milsusp+milbase",25,"cov","detect",0.0247176105851006,0.00768741848905647,0.00132584327717838,1894,0.332101372756072,0.003,"***",TRUE
"PFHxS","airport+milfire+milsusp+milbase",25,"cov","intensive",-0.0302084845081812,0.0169912891097887,0.0759718963512234,629,0.332101372756072,0.003,"*",FALSE
"PFHxS","airport+milfire+milsusp+milbase",25,"cov","tobit",0.0435919916094392,0.0211101782097674,0.038925359714866,1894,0.332101372756072,0.003,"**",TRUE
"PFHxS","airport+milfire+milsusp+milbase",25,"raw","detect",0.0214604698382034,0.0065368445677425,0.00104451875201273,2032,0.333661417322835,0.003,"***",TRUE
"PFHxS","airport+milfire+milsusp+milbase",25,"raw","intensive",-0.0204504798748701,0.0131453144008462,0.120241779021461,678,0.333661417322835,0.003,"",FALSE
"PFHxS","airport+milfire+milsusp+milbase",25,"raw","tobit",0.043681818195772,0.0182407852770761,0.016632452776587,2032,0.333661417322835,0.003,"**",TRUE
"PFHxS","airport+milsusp",5,"cov","detect",0.131142023855777,0.0361216524762374,0.000290642196291893,1894,0.332101372756072,0.003,"***",TRUE
"PFHxS","airport+milsusp",5,"cov","intensive",-0.0635550906165189,0.0722886490379991,0.379682191658906,629,0.332101372756072,0.003,"",FALSE
"PFHxS","airport+milsusp",5,"cov","tobit",0.259559842198332,0.0945046221635297,0.00602292563484879,1894,0.332101372756072,0.003,"***",TRUE
"PFHxS","airport+milsusp",5,"raw","detect",0.143946777817836,0.0336803716393056,2.00966253102582e-05,2032,0.333661417322835,0.003,"***",TRUE
"PFHxS","airport+milsusp",5,"raw","intensive",-0.0742004449008323,0.0609049882224837,0.22353564714766,678,0.333661417322835,0.003,"",FALSE
"PFHxS","airport+milsusp",5,"raw","tobit",0.292303141961493,0.0896902959524941,0.001117948264917,2032,0.333661417322835,0.003,"***",TRUE
"PFHxS","airport+milsusp",10,"cov","detect",0.0659158361910774,0.0172892802172975,0.000142146917919581,1894,0.332101372756072,0.003,"***",TRUE
"PFHxS","airport+milsusp",10,"cov","intensive",-0.0486515209580121,0.0361661100645413,0.179103266860692,629,0.332101372756072,0.003,"",FALSE
"PFHxS","airport+milsusp",10,"cov","tobit",0.123564357688738,0.0462568565788688,0.00755657899399561,1894,0.332101372756072,0.003,"***",TRUE
"PFHxS","airport+milsusp",10,"raw","detect",0.0562391877660795,0.015893713887111,0.000411522669296161,2032,0.333661417322835,0.003,"***",TRUE
"PFHxS","airport+milsusp",10,"raw","intensive",-0.0527040722980435,0.0303820445137444,0.0832477786656299,678,0.333661417322835,0.003,"*",FALSE
"PFHxS","airport+milsusp",10,"raw","tobit",0.108040599554288,0.0434113601535162,0.0128188281593191,2032,0.333661417322835,0.003,"**",TRUE
"PFHxS","airport+milsusp",25,"cov","detect",0.0181286209959822,0.00802106382860687,0.0239314520098981,1894,0.332101372756072,0.003,"**",TRUE
"PFHxS","airport+milsusp",25,"cov","intensive",-0.0360193914913284,0.0183375940457964,0.0500020557347936,629,0.332101372756072,0.003,"*",FALSE
"PFHxS","airport+milsusp",25,"cov","tobit",0.0245085747603633,0.0221721895452061,0.268997312722556,1894,0.332101372756072,0.003,"",FALSE
"PFHxS","airport+milsusp",25,"raw","detect",0.00701812061017442,0.00705689284578876,0.320095226870184,2032,0.333661417322835,0.003,"",FALSE
"PFHxS","airport+milsusp",25,"raw","intensive",-0.0403366973187814,0.0146436452532419,0.00603533346740746,678,0.333661417322835,0.003,"***",FALSE
"PFHxS","airport+milsusp",25,"raw","tobit",-0.00211746711717078,0.0198362602257699,0.914989461145587,2032,0.333661417322835,0.003,"",FALSE
"PFHxS","airport+milsusp+milbase",5,"cov","detect",0.143013090260725,0.0308108866836076,3.70431504516681e-06,1894,0.332101372756072,0.003,"***",TRUE
"PFHxS","airport+milsusp+milbase",5,"cov","intensive",-0.0371548422083879,0.0622771268739246,0.551014874695841,629,0.332101372756072,0.003,"",FALSE
"PFHxS","airport+milsusp+milbase",5,"cov","tobit",0.29810455520133,0.0806880580407733,0.000220292765988361,1894,0.332101372756072,0.003,"***",TRUE
"PFHxS","airport+milsusp+milbase",5,"raw","detect",0.166626392598603,0.0276819546556693,2.07307096505549e-09,2032,0.333661417322835,0.003,"***",TRUE
"PFHxS","airport+milsusp+milbase",5,"raw","intensive",-0.00413862427194534,0.0496615405185254,0.933608564510757,678,0.333661417322835,0.003,"",FALSE
"PFHxS","airport+milsusp+milbase",5,"raw","tobit",0.382797542667191,0.0735621623182091,1.95329000705298e-07,2032,0.333661417322835,0.003,"***",TRUE
"PFHxS","airport+milsusp+milbase",10,"cov","detect",0.0712292504752806,0.0148894925934802,1.85855004406639e-06,1894,0.332101372756072,0.003,"***",TRUE
"PFHxS","airport+milsusp+milbase",10,"cov","intensive",-0.0297397111382121,0.0306568111207886,0.332427478634276,629,0.332101372756072,0.003,"",FALSE
"PFHxS","airport+milsusp+milbase",10,"cov","tobit",0.14261813162933,0.0396481530168026,0.000321792269988287,1894,0.332101372756072,0.003,"***",TRUE
"PFHxS","airport+milsusp+milbase",10,"raw","detect",0.0730043740470344,0.0132003086431477,3.60543152655175e-08,2032,0.333661417322835,0.003,"***",TRUE
"PFHxS","airport+milsusp+milbase",10,"raw","intensive",-0.0110158780603479,0.0245885728705015,0.654290944194959,678,0.333661417322835,0.003,"",FALSE
"PFHxS","airport+milsusp+milbase",10,"raw","tobit",0.16828020813163,0.0358008449759508,2.59584325246062e-06,2032,0.333661417322835,0.003,"***",TRUE
"PFHxS","airport+milsusp+milbase",25,"cov","detect",0.0234717624788847,0.00773035256535926,0.00242899435242761,1894,0.332101372756072,0.003,"***",TRUE
"PFHxS","airport+milsusp+milbase",25,"cov","intensive",-0.0276375392248316,0.0168539293516066,0.101608667301819,629,0.332101372756072,0.003,"",FALSE
"PFHxS","airport+milsusp+milbase",25,"cov","tobit",0.0396094101977088,0.0211459766171155,0.061048822910478,1894,0.332101372756072,0.003,"*",FALSE
"PFHxS","airport+milsusp+milbase",25,"raw","detect",0.0194041138876179,0.00670426556308403,0.0038406871659818,2032,0.333661417322835,0.003,"***",TRUE
"PFHxS","airport+milsusp+milbase",25,"raw","intensive",-0.0199376910894946,0.0134301091158684,0.138128749761997,678,0.333661417322835,0.003,"",FALSE
"PFHxS","airport+milsusp+milbase",25,"raw","tobit",0.0385942879703059,0.0186705437416178,0.0387226784881749,2032,0.333661417322835,0.003,"**",TRUE
"PFHxS","milbase",5,"cov","detect",0.266479573379228,0.058797393396459,6.21911565407553e-06,1894,0.332101372756072,0.003,"***",TRUE
"PFHxS","milbase",5,"cov","intensive",0.0142241040536402,0.128869172103253,0.912150910400283,629,0.332101372756072,0.003,"",FALSE
"PFHxS","milbase",5,"cov","tobit",0.605587443599931,0.154570971334969,8.93385219886426e-05,1894,0.332101372756072,0.003,"***",TRUE
"PFHxS","milbase",5,"raw","detect",0.315990354199629,0.0492993077772425,1.80864560395724e-10,2032,0.333661417322835,0.003,"***",TRUE
"PFHxS","milbase",5,"raw","intensive",0.151219355912672,0.0889052180067201,0.0894206674679904,678,0.333661417322835,0.003,"*",FALSE
"PFHxS","milbase",5,"raw","tobit",0.814162454408619,0.129415491193792,3.15276630941577e-10,2032,0.333661417322835,0.003,"***",TRUE
"PFHxS","milbase",10,"cov","detect",0.126678401358573,0.0285691598187039,9.7995676790336e-06,1894,0.332101372756072,0.003,"***",TRUE
"PFHxS","milbase",10,"cov","intensive",-0.0132215165130116,0.0588120240662579,0.822210173358526,629,0.332101372756072,0.003,"",FALSE
"PFHxS","milbase",10,"cov","tobit",0.26829971470034,0.0754458198697618,0.0003762711546488,1894,0.332101372756072,0.003,"***",TRUE
"PFHxS","milbase",10,"raw","detect",0.140491288486203,0.0230862115807113,1.38444291328929e-09,2032,0.333661417322835,0.003,"***",TRUE
"PFHxS","milbase",10,"raw","intensive",0.0475704654464051,0.0406667006432641,0.242507987266502,678,0.333661417322835,0.003,"",FALSE
"PFHxS","milbase",10,"raw","tobit",0.352370603771132,0.0610397517045197,7.7962497182863e-09,2032,0.333661417322835,0.003,"***",TRUE
"PFHxS","milbase",25,"cov","detect",0.0282411868289393,0.0130083322956918,0.0300598190729173,1894,0.332101372756072,0.003,"**",TRUE
"PFHxS","milbase",25,"cov","intensive",-0.0320338717703273,0.0264860325952569,0.227000952627288,629,0.332101372756072,0.003,"",FALSE
"PFHxS","milbase",25,"cov","tobit",0.0415443557270376,0.0346950433493377,0.231144947804311,1894,0.332101372756072,0.003,"",FALSE
"PFHxS","milbase",25,"raw","detect",0.0353320617352516,0.0103586997784136,0.000660266386282798,2032,0.333661417322835,0.003,"***",TRUE
"PFHxS","milbase",25,"raw","intensive",-0.00116031643621724,0.0189920325230441,0.951301684044842,678,0.333661417322835,0.003,"",FALSE
"PFHxS","milbase",25,"raw","tobit",0.0842329036232156,0.0280226830181472,0.00264810958475814,2032,0.333661417322835,0.003,"***",TRUE
"PFHxS","milfire",5,"cov","detect",0.194170999688739,0.0899199601527246,0.0309516454930498,1894,0.332101372756072,0.003,"**",TRUE
"PFHxS","milfire",5,"cov","intensive",-0.207094690844807,0.214261255672528,0.334189675213703,629,0.332101372756072,0.003,"",FALSE
"PFHxS","milfire",5,"cov","tobit",0.435069190779479,0.238326916304232,0.0679234571441154,1894,0.332101372756072,0.003,"*",FALSE
"PFHxS","milfire",5,"raw","detect",0.392058531863396,0.0754417384938352,2.23030500116321e-07,2032,0.333661417322835,0.003,"***",TRUE
"PFHxS","milfire",5,"raw","intensive",0.121032096152356,0.144371017181904,0.402135720978092,678,0.333661417322835,0.003,"",FALSE
"PFHxS","milfire",5,"raw","tobit",0.993183471345717,0.200221348688636,7.03382332373495e-07,2032,0.333661417322835,0.003,"***",TRUE
"PFHxS","milfire",10,"cov","detect",0.150542391051923,0.0465652202234577,0.00124723468941789,1894,0.332101372756072,0.003,"***",TRUE
"PFHxS","milfire",10,"cov","intensive",-0.163638760167479,0.110646255458141,0.139725698824239,629,0.332101372756072,0.003,"",FALSE
"PFHxS","milfire",10,"cov","tobit",0.338881013419456,0.125384939654189,0.00687736160627119,1894,0.332101372756072,0.003,"***",TRUE
"PFHxS","milfire",10,"raw","detect",0.218359396800869,0.0362650544019173,2.04939543583777e-09,2032,0.333661417322835,0.003,"***",TRUE
"PFHxS","milfire",10,"raw","intensive",0.0233000513354887,0.0706472403713319,0.74164693270127,678,0.333661417322835,0.003,"",FALSE
"PFHxS","milfire",10,"raw","tobit",0.538382461510397,0.0980346162566852,3.97950753590032e-08,2032,0.333661417322835,0.003,"***",TRUE
"PFHxS","milfire",25,"cov","detect",0.067680424999945,0.0195866167291493,0.000562032174563996,1894,0.332101372756072,0.003,"***",TRUE
"PFHxS","milfire",25,"cov","intensive",-0.105729058462307,0.0453557096715327,0.0201054807757388,629,0.332101372756072,0.003,"**",FALSE
"PFHxS","milfire",25,"cov","tobit",0.136064123976164,0.0535069822993341,0.010992952178345,1894,0.332101372756072,0.003,"**",TRUE
"PFHxS","milfire",25,"raw","detect",0.0801195212997465,0.0147020915355785,5.66420838483207e-08,2032,0.333661417322835,0.003,"***",TRUE
"PFHxS","milfire",25,"raw","intensive",-0.0348604939241791,0.0289029491040447,0.2281922584091,678,0.333661417322835,0.003,"",FALSE
"PFHxS","milfire",25,"raw","tobit",0.178556536644906,0.0404775683713344,1.0277717564182e-05,2032,0.333661417322835,0.003,"***",TRUE
"PFHxS","milfire+milbase",5,"cov","detect",0.25259890733024,0.0539105903466173,3.00034857978165e-06,1894,0.332101372756072,0.003,"***",TRUE
"PFHxS","milfire+milbase",5,"cov","intensive",-0.00675256782384894,0.115761964731848,0.953505618747099,629,0.332101372756072,0.003,"",FALSE
"PFHxS","milfire+milbase",5,"cov","tobit",0.582387646502933,0.141583388547485,3.89891441992155e-05,1894,0.332101372756072,0.003,"***",TRUE
"PFHxS","milfire+milbase",5,"raw","detect",0.309488355489353,0.0443905337228766,4.21167002406458e-12,2032,0.333661417322835,0.003,"***",TRUE
"PFHxS","milfire+milbase",5,"raw","intensive",0.117001013418499,0.0794278291489863,0.141203515172048,678,0.333661417322835,0.003,"",FALSE
"PFHxS","milfire+milbase",5,"raw","tobit",0.776300200232972,0.116703402651885,2.89319183556909e-11,2032,0.333661417322835,0.003,"***",TRUE
"PFHxS","milfire+milbase",10,"cov","detect",0.125353427609357,0.0259780526986413,1.51438568894464e-06,1894,0.332101372756072,0.003,"***",TRUE
"PFHxS","milfire+milbase",10,"cov","intensive",-0.0258998273435839,0.0544242135409631,0.634341809463608,629,0.332101372756072,0.003,"",FALSE
"PFHxS","milfire+milbase",10,"cov","tobit",0.276917471064756,0.0690470563121269,6.05744993698976e-05,1894,0.332101372756072,0.003,"***",TRUE
"PFHxS","milfire+milbase",10,"raw","detect",0.138255950085878,0.020502040591795,2.00879744943175e-11,2032,0.333661417322835,0.003,"***",TRUE
"PFHxS","milfire+milbase",10,"raw","intensive",0.0355638766215255,0.0367428855836268,0.333434522392841,678,0.333661417322835,0.003,"",FALSE
"PFHxS","milfire+milbase",10,"raw","tobit",0.341663940491246,0.0546174457802921,3.96034800451419e-10,2032,0.333661417322835,0.003,"***",TRUE
"PFHxS","milfire+milbase",25,"cov","detect",0.0351416971720847,0.0117661392935275,0.00285802186643649,1894,0.332101372756072,0.003,"***",TRUE
"PFHxS","milfire+milbase",25,"cov","intensive",-0.038460474132561,0.0247433493289656,0.120665754238138,629,0.332101372756072,0.003,"",FALSE
"PFHxS","milfire+milbase",25,"cov","tobit",0.0632072884369662,0.0316397792595929,0.0457474751266666,1894,0.332101372756072,0.003,"**",TRUE
"PFHxS","milfire+milbase",25,"raw","detect",0.0400083719087021,0.00913848244138631,1.25854423947525e-05,2032,0.333661417322835,0.003,"***",TRUE
"PFHxS","milfire+milbase",25,"raw","intensive",-0.00440881187961421,0.0171420288861921,0.797107959407984,678,0.333661417322835,0.003,"",FALSE
"PFHxS","milfire+milbase",25,"raw","tobit",0.0944646862184652,0.0248969719704879,0.00014810598045443,2032,0.333661417322835,0.003,"***",TRUE
"PFHxS","milfire+milsusp",5,"cov","detect",0.416262801242318,0.0722691890788348,9.86459383012157e-09,1894,0.332101372756072,0.003,"***",TRUE
"PFHxS","milfire+milsusp",5,"cov","intensive",-0.0623050822048412,0.158584825268097,0.694557955409055,629,0.332101372756072,0.003,"",FALSE
"PFHxS","milfire+milsusp",5,"cov","tobit",0.936697132421002,0.188346726867323,6.58364662294979e-07,1894,0.332101372756072,0.003,"***",TRUE
"PFHxS","milfire+milsusp",5,"raw","detect",0.50360318234418,0.0583440488683988,1.20034665050662e-17,2032,0.333661417322835,0.003,"***",TRUE
"PFHxS","milfire+milsusp",5,"raw","intensive",0.137143129680714,0.102115244049325,0.17971522875356,678,0.333661417322835,0.003,"",FALSE
"PFHxS","milfire+milsusp",5,"raw","tobit",1.20517629387436,0.152566038758225,2.80306244831035e-15,2032,0.333661417322835,0.003,"***",TRUE
"PFHxS","milfire+milsusp",10,"cov","detect",0.232821937006675,0.0355126081353003,7.18153227118483e-11,1894,0.332101372756072,0.003,"***",TRUE
"PFHxS","milfire+milsusp",10,"cov","intensive",-0.0791274130787366,0.0772632513873024,0.306222074370064,629,0.332101372756072,0.003,"",FALSE
"PFHxS","milfire+milsusp",10,"cov","tobit",0.512163614874061,0.0942608266520183,5.52677867206151e-08,1894,0.332101372756072,0.003,"***",TRUE
"PFHxS","milfire+milsusp",10,"raw","detect",0.243294595981494,0.0273925305807878,1.41540672904859e-18,2032,0.333661417322835,0.003,"***",TRUE
"PFHxS","milfire+milsusp",10,"raw","intensive",0.0255944936649493,0.0489725314594382,0.601403284347767,678,0.333661417322835,0.003,"",FALSE
"PFHxS","milfire+milsusp",10,"raw","tobit",0.568806800630764,0.0730692000579256,6.99923774220164e-15,2032,0.333661417322835,0.003,"***",TRUE
"PFHxS","milfire+milsusp",25,"cov","detect",0.0838055308747986,0.0152455957374401,4.40974597758911e-08,1894,0.332101372756072,0.003,"***",TRUE
"PFHxS","milfire+milsusp",25,"cov","intensive",-0.0678764280185202,0.0336221957457951,0.0439894346967001,629,0.332101372756072,0.003,"**",FALSE
"PFHxS","milfire+milsusp",25,"cov","tobit",0.174690022985693,0.0413132865982555,2.35335744526762e-05,1894,0.332101372756072,0.003,"***",TRUE
"PFHxS","milfire+milsusp",25,"raw","detect",0.0826142101565441,0.011600900674979,1.47726552957125e-12,2032,0.333661417322835,0.003,"***",TRUE
"PFHxS","milfire+milsusp",25,"raw","intensive",-0.0247906505716428,0.0221733655319092,0.263948208716288,678,0.333661417322835,0.003,"",FALSE
"PFHxS","milfire+milsusp",25,"raw","tobit",0.18499405391452,0.0318159614472535,6.08137166977618e-09,2032,0.333661417322835,0.003,"***",TRUE
"PFHxS","milfire+milsusp+milbase",5,"cov","detect",0.244952123964292,0.0482188859646188,4.1621574716922e-07,1894,0.332101372756072,0.003,"***",TRUE
"PFHxS","milfire+milsusp+milbase",5,"cov","intensive",0.0199336652960387,0.105305676753751,0.849932228583726,629,0.332101372756072,0.003,"",FALSE
"PFHxS","milfire+milsusp+milbase",5,"cov","tobit",0.587915591430098,0.127256223771269,3.83858693332125e-06,1894,0.332101372756072,0.003,"***",TRUE
"PFHxS","milfire+milsusp+milbase",5,"raw","detect",0.280761806924208,0.0393006101905689,1.25860413316068e-12,2032,0.333661417322835,0.003,"***",TRUE
"PFHxS","milfire+milsusp+milbase",5,"raw","intensive",0.124554026225572,0.0695571374614873,0.0737932662379875,678,0.333661417322835,0.003,"*",FALSE
"PFHxS","milfire+milsusp+milbase",5,"raw","tobit",0.711986418648591,0.102919142050019,4.58322109209834e-12,2032,0.333661417322835,0.003,"***",TRUE
"PFHxS","milfire+milsusp+milbase",10,"cov","detect",0.124294655099424,0.023627849435148,1.60658049281364e-07,1894,0.332101372756072,0.003,"***",TRUE
"PFHxS","milfire+milsusp+milbase",10,"cov","intensive",-0.0156697834939228,0.0502788272934534,0.755417929980264,629,0.332101372756072,0.003,"",FALSE
"PFHxS","milfire+milsusp+milbase",10,"cov","tobit",0.283151845502892,0.0629765667328144,6.91961961159779e-06,1894,0.332101372756072,0.003,"***",TRUE
"PFHxS","milfire+milsusp+milbase",10,"raw","detect",0.129954523630264,0.0186553483742867,4.38686096305882e-12,2032,0.333661417322835,0.003,"***",TRUE
"PFHxS","milfire+milsusp+milbase",10,"raw","intensive",0.0389521128238972,0.0330305907322566,0.23870400849256,678,0.333661417322835,0.003,"",FALSE
"PFHxS","milfire+milsusp+milbase",10,"raw","tobit",0.322564294355905,0.0495188348736317,7.31892392886166e-11,2032,0.333661417322835,0.003,"***",TRUE
"PFHxS","milfire+milsusp+milbase",25,"cov","detect",0.0378042768833868,0.0111634290025548,0.000723164263314119,1894,0.332101372756072,0.003,"***",TRUE
"PFHxS","milfire+milsusp+milbase",25,"cov","intensive",-0.0353653856707455,0.0237559571671014,0.137136584381382,629,0.332101372756072,0.003,"",FALSE
"PFHxS","milfire+milsusp+milbase",25,"cov","tobit",0.0724363301623851,0.0301254857700685,0.0161951950797945,1894,0.332101372756072,0.003,"**",TRUE
"PFHxS","milfire+milsusp+milbase",25,"raw","detect",0.04019666917716,0.00872414232576379,4.32796444040885e-06,2032,0.333661417322835,0.003,"***",TRUE
"PFHxS","milfire+milsusp+milbase",25,"raw","intensive",-0.002666359714598,0.0163525362199932,0.870524009808221,678,0.333661417322835,0.003,"",FALSE
"PFHxS","milfire+milsusp+milbase",25,"raw","tobit",0.0958585876099993,0.0237779072455496,5.54422891931665e-05,2032,0.333661417322835,0.003,"***",TRUE
"PFHxS","milsusp",5,"cov","detect",0.874005548110581,0.123372141523492,1.99142710656906e-12,1894,0.332101372756072,0.003,"***",TRUE
"PFHxS","milsusp",5,"cov","intensive",0.0300818857400824,0.254297181326174,0.905877417718258,629,0.332101372756072,0.003,"",FALSE
"PFHxS","milsusp",5,"cov","tobit",1.93880078166422,0.321407645072087,1.61725027061057e-09,1894,0.332101372756072,0.003,"***",TRUE
"PFHxS","milsusp",5,"raw","detect",0.873463969449903,0.102203885766726,2.45733471253279e-17,2032,0.333661417322835,0.003,"***",TRUE
"PFHxS","milsusp",5,"raw","intensive",0.169601684000702,0.159845047054306,0.289051516849292,678,0.333661417322835,0.003,"",FALSE
"PFHxS","milsusp",5,"raw","tobit",1.93004252627478,0.257689073372398,6.89727205811683e-14,2032,0.333661417322835,0.003,"***",TRUE
"PFHxS","milsusp",10,"cov","detect",0.538570603189098,0.0671626149594317,1.89363624422195e-15,1894,0.332101372756072,0.003,"***",TRUE
"PFHxS","milsusp",10,"cov","intensive",-0.0571969057461227,0.140057460174418,0.683151251840725,629,0.332101372756072,0.003,"",FALSE
"PFHxS","milsusp",10,"cov","tobit",1.16317454942063,0.177406693512281,5.50695809126175e-11,1894,0.332101372756072,0.003,"***",TRUE
"PFHxS","milsusp",10,"raw","detect",0.510435165515689,0.0549390339811527,3.81139990750397e-20,2032,0.333661417322835,0.003,"***",TRUE
"PFHxS","milsusp",10,"raw","intensive",0.0338798398401018,0.0872803354442193,0.698010473931701,678,0.333661417322835,0.003,"",FALSE
"PFHxS","milsusp",10,"raw","tobit",1.09390584179477,0.14069071034094,7.52968728204657e-15,2032,0.333661417322835,0.003,"***",TRUE
"PFHxS","milsusp",25,"cov","detect",0.266891205774771,0.0369190265805733,7.13259523186642e-13,1894,0.332101372756072,0.003,"***",TRUE
"PFHxS","milsusp",25,"cov","intensive",-0.0922955955737997,0.0784100311349714,0.239665395089918,629,0.332101372756072,0.003,"",FALSE
"PFHxS","milsusp",25,"cov","tobit",0.568309896480371,0.0990732901136968,9.67915092381011e-09,1894,0.332101372756072,0.003,"***",TRUE
"PFHxS","milsusp",25,"raw","detect",0.258012279203117,0.0302848233015289,3.07253212123926e-17,2032,0.333661417322835,0.003,"***",TRUE
"PFHxS","milsusp",25,"raw","intensive",-0.0415878411115947,0.0517743110507226,0.42211118313046,678,0.333661417322835,0.003,"",FALSE
"PFHxS","milsusp",25,"raw","tobit",0.549527989799048,0.0804821366732812,8.6136708576798e-12,2032,0.333661417322835,0.003,"***",TRUE
"PFHxS","milsusp+milbase",5,"cov","detect",0.253373716219301,0.0513426964580402,8.75045206878638e-07,1894,0.332101372756072,0.003,"***",TRUE
"PFHxS","milsusp+milbase",5,"cov","intensive",0.0358702476604559,0.114528841916605,0.754247824922295,629,0.332101372756072,0.003,"",FALSE
"PFHxS","milsusp+milbase",5,"cov","tobit",0.60326756156233,0.13570136267983,8.76661791423918e-06,1894,0.332101372756072,0.003,"***",TRUE
"PFHxS","milsusp+milbase",5,"raw","detect",0.280192572626844,0.0425710697157113,5.90028063097688e-11,2032,0.333661417322835,0.003,"***",TRUE
"PFHxS","milsusp+milbase",5,"raw","intensive",0.146859368025462,0.0755577007573044,0.0523496776953312,678,0.333661417322835,0.003,"*",FALSE
"PFHxS","milsusp+milbase",5,"raw","tobit",0.725407602658013,0.11121100461162,6.9004941824379e-11,2032,0.333661417322835,0.003,"***",TRUE
"PFHxS","milsusp+milbase",10,"cov","detect",0.126920539157956,0.0254922350408518,7.00465171340008e-07,1894,0.332101372756072,0.003,"***",TRUE
"PFHxS","milsusp+milbase",10,"cov","intensive",-0.00745475673103283,0.0536780388518378,0.889596169323274,629,0.332101372756072,0.003,"",FALSE
"PFHxS","milsusp+milbase",10,"cov","tobit",0.280376510967474,0.0676245291064429,3.38219992487204e-05,1894,0.332101372756072,0.003,"***",TRUE
"PFHxS","milsusp+milbase",10,"raw","detect",0.131184762676951,0.0205461988007578,2.12015045094878e-10,2032,0.333661417322835,0.003,"***",TRUE
"PFHxS","milsusp+milbase",10,"raw","intensive",0.0468960208091436,0.0357424952308533,0.189947866017214,678,0.333661417322835,0.003,"",FALSE
"PFHxS","milsusp+milbase",10,"raw","tobit",0.328418250794706,0.0541156867356197,1.28855111313688e-09,2032,0.333661417322835,0.003,"***",TRUE
"PFHxS","milsusp+milbase",25,"cov","detect",0.0331071851775164,0.0121950645728786,0.00669434660512967,1894,0.332101372756072,0.003,"***",TRUE
"PFHxS","milsusp+milbase",25,"cov","intensive",-0.0310216233005545,0.0252311186833539,0.219406858882666,629,0.332101372756072,0.003,"",FALSE
"PFHxS","milsusp+milbase",25,"cov","tobit",0.0563130907384181,0.0326776981713734,0.0848364256852936,1894,0.332101372756072,0.003,"*",FALSE
"PFHxS","milsusp+milbase",25,"raw","detect",0.0368013972934513,0.00975221568918408,0.000165493684305667,2032,0.333661417322835,0.003,"***",TRUE
"PFHxS","milsusp+milbase",25,"raw","intensive",-0.000599968279737145,0.0178383426297791,0.973179229946067,678,0.333661417322835,0.003,"",FALSE
"PFHxS","milsusp+milbase",25,"raw","tobit",0.0879106388475542,0.0263793075894174,0.000860507546624385,2032,0.333661417322835,0.003,"***",TRUE
"PFOA","airport",5,"cov","detect",-0.0124767307502202,0.0387722980733855,0.747645076038159,1894,0.345828933474129,0.004,"",FALSE
"PFOA","airport",5,"cov","intensive",0.0189374675850326,0.0607666576533736,0.755424288611982,655,0.345828933474129,0.004,"",FALSE
"PFOA","airport",5,"cov","tobit",-0.0196751866452412,0.0855776593742937,0.818161460611478,1894,0.345828933474129,0.004,"",FALSE
"PFOA","airport",5,"raw","detect",-0.0120063307188346,0.0365254422102414,0.742407711508609,2032,0.344488188976378,0.004,"",FALSE
"PFOA","airport",5,"raw","intensive",0.00315850750750136,0.0540555993844217,0.953422270269496,700,0.344488188976378,0.004,"",FALSE
"PFOA","airport",5,"raw","tobit",-0.0225262646836997,0.0817678847658126,0.782939524681418,2032,0.344488188976378,0.004,"",FALSE
"PFOA","airport",10,"cov","detect",0.0160025124439744,0.0184655263643251,0.38626723334542,1894,0.345828933474129,0.004,"",FALSE
"PFOA","airport",10,"cov","intensive",0.0280209968109589,0.0305933437685369,0.360090511500367,655,0.345828933474129,0.004,"",FALSE
"PFOA","airport",10,"cov","tobit",0.0398291882883794,0.0409157427249412,0.330332630792993,1894,0.345828933474129,0.004,"",FALSE
"PFOA","airport",10,"raw","detect",0.00865666127406732,0.0170134975558049,0.610939731610075,2032,0.344488188976378,0.004,"",FALSE
"PFOA","airport",10,"raw","intensive",0.0122589927958635,0.0266825442016589,0.646062232603944,700,0.344488188976378,0.004,"",FALSE
"PFOA","airport",10,"raw","tobit",0.0245979672024166,0.0383998272607658,0.521798882882217,2032,0.344488188976378,0.004,"",FALSE
"PFOA","airport",25,"cov","detect",0.0229691755129314,0.00833143064834309,0.00589308719931199,1894,0.345828933474129,0.004,"***",TRUE
"PFOA","airport",25,"cov","intensive",0.00718894494351996,0.0148801173573712,0.629189858763682,655,0.345828933474129,0.004,"",FALSE
"PFOA","airport",25,"cov","tobit",0.0480089900744361,0.0187245749404608,0.0103486602013677,1894,0.345828933474129,0.004,"**",TRUE
"PFOA","airport",25,"raw","detect",0.0168759838734574,0.00731754630851703,0.0211977827247143,2032,0.344488188976378,0.004,"**",TRUE
"PFOA","airport",25,"raw","intensive",0.00359719829894615,0.0122473085541441,0.769064246098143,700,0.344488188976378,0.004,"",FALSE
"PFOA","airport",25,"raw","tobit",0.0377786786088313,0.0167493754727131,0.0241002320762871,2032,0.344488188976378,0.004,"**",TRUE
"PFOA","airport+milbase",5,"cov","detect",-0.0132490784535432,0.032643466214057,0.684884280174509,1894,0.345828933474129,0.004,"",FALSE
"PFOA","airport+milbase",5,"cov","intensive",0.0725013115928493,0.0537026434890737,0.177526206866244,655,0.345828933474129,0.004,"",FALSE
"PFOA","airport+milbase",5,"cov","tobit",0.00892649741729053,0.072440028171229,0.901928110052358,1894,0.345828933474129,0.004,"",FALSE
"PFOA","airport+milbase",5,"raw","detect",-0.0118872152611932,0.0297302189832944,0.689319294341182,2032,0.344488188976378,0.004,"",FALSE
"PFOA","airport+milbase",5,"raw","intensive",0.0339598463873427,0.0460484587317416,0.461077953575202,700,0.344488188976378,0.004,"",FALSE
"PFOA","airport+milbase",5,"raw","tobit",-0.00597490915134104,0.0672119874363773,0.929164180387425,2032,0.344488188976378,0.004,"",FALSE
"PFOA","airport+milbase",10,"cov","detect",0.0176808673994345,0.0156272504572994,0.258030955473611,1894,0.345828933474129,0.004,"",FALSE
"PFOA","airport+milbase",10,"cov","intensive",0.0492071115065979,0.026674182617738,0.0655840647312331,655,0.345828933474129,0.004,"*",FALSE
"PFOA","airport+milbase",10,"cov","tobit",0.0558877409001631,0.0347499519625641,0.107773313524979,1894,0.345828933474129,0.004,"",FALSE
"PFOA","airport+milbase",10,"raw","detect",0.0147498152171852,0.0139667895870738,0.291064915814856,2032,0.344488188976378,0.004,"",FALSE
"PFOA","airport+milbase",10,"raw","intensive",0.0285069873793011,0.0224045570065344,0.203663777317922,700,0.344488188976378,0.004,"",FALSE
"PFOA","airport+milbase",10,"raw","tobit",0.0457170753658084,0.031629679345567,0.148349674171714,2032,0.344488188976378,0.004,"",FALSE
"PFOA","airport+milbase",25,"cov","detect",0.0259180200411428,0.00790909123898028,0.00106899642559477,1894,0.345828933474129,0.004,"***",TRUE
"PFOA","airport+milbase",25,"cov","intensive",0.0201109485264517,0.0143478319108552,0.161548232904874,655,0.345828933474129,0.004,"",FALSE
"PFOA","airport+milbase",25,"cov","tobit",0.0616908340364082,0.0178883762745619,0.000563386514602393,1894,0.345828933474129,0.004,"***",TRUE
"PFOA","airport+milbase",25,"raw","detect",0.0233513333468535,0.0068596787927874,0.000676618304582028,2032,0.344488188976378,0.004,"***",TRUE
"PFOA","airport+milbase",25,"raw","intensive",0.0108178896805538,0.0115245762282091,0.348219740341003,700,0.344488188976378,0.004,"",FALSE
"PFOA","airport+milbase",25,"raw","tobit",0.0551068280292341,0.0157411118669256,0.000463825828105319,2032,0.344488188976378,0.004,"***",TRUE
"PFOA","airport+milfire",5,"cov","detect",0.008686093388674,0.0363107438574078,0.81096547920066,1894,0.345828933474129,0.004,"",FALSE
"PFOA","airport+milfire",5,"cov","intensive",-0.0060522723870892,0.0583323528000946,0.917399656081652,655,0.345828933474129,0.004,"",FALSE
"PFOA","airport+milfire",5,"cov","tobit",0.0170868361609693,0.0803761771131727,0.831650026421537,1894,0.345828933474129,0.004,"",FALSE
"PFOA","airport+milfire",5,"raw","detect",0.012573977628324,0.0331593940452356,0.704580457113979,2032,0.344488188976378,0.004,"",FALSE
"PFOA","airport+milfire",5,"raw","intensive",-0.014261257844646,0.050214406808455,0.776489016021238,700,0.344488188976378,0.004,"",FALSE
"PFOA","airport+milfire",5,"raw","tobit",0.0176315936008904,0.0743418097992348,0.812525466470346,2032,0.344488188976378,0.004,"",FALSE
"PFOA","airport+milfire",10,"cov","detect",0.0243984603442904,0.0173488389161223,0.159792758297604,1894,0.345828933474129,0.004,"",FALSE
"PFOA","airport+milfire",10,"cov","intensive",0.0103381484093561,0.0292149466369875,0.723568621676772,655,0.345828933474129,0.004,"",FALSE
"PFOA","airport+milfire",10,"cov","tobit",0.0511948489529971,0.0386038374005169,0.184786843238135,1894,0.345828933474129,0.004,"",FALSE
"PFOA","airport+milfire",10,"raw","detect",0.0206548714889277,0.0154267106291455,0.180752111482259,2032,0.344488188976378,0.004,"",FALSE
"PFOA","airport+milfire",10,"raw","intensive",2.02076579213629e-05,0.0245741954698373,0.999344124911302,700,0.344488188976378,0.004,"",FALSE
"PFOA","airport+milfire",10,"raw","tobit",0.0431807648897299,0.0349022986237648,0.216016658907705,2032,0.344488188976378,0.004,"",FALSE
"PFOA","airport+milfire",25,"cov","detect",0.0268361447699745,0.00812401407352287,0.00097408012233363,1894,0.345828933474129,0.004,"***",TRUE
"PFOA","airport+milfire",25,"cov","intensive",0.00174990395018639,0.0146424628191026,0.904913608218384,655,0.345828933474129,0.004,"",FALSE
"PFOA","airport+milfire",25,"cov","tobit",0.0549336679418295,0.0183750430369846,0.00279360944218238,1894,0.345828933474129,0.004,"***",TRUE
"PFOA","airport+milfire",25,"raw","detect",0.022093979568352,0.00694856866466254,0.00149678830578144,2032,0.344488188976378,0.004,"***",TRUE
"PFOA","airport+milfire",25,"raw","intensive",-0.00223043064768418,0.0116593684431629,0.848346631762703,700,0.344488188976378,0.004,"",FALSE
"PFOA","airport+milfire",25,"raw","tobit",0.0461086393563831,0.015949981066508,0.00384229304900097,2032,0.344488188976378,0.004,"***",TRUE
"PFOA","airport+milfire+milbase",5,"cov","detect",0.00738962412825213,0.0320317201823761,0.817576146887253,1894,0.345828933474129,0.004,"",FALSE
"PFOA","airport+milfire+milbase",5,"cov","intensive",0.0446268251662413,0.0525285274306772,0.395912994964142,655,0.345828933474129,0.004,"",FALSE
"PFOA","airport+milfire+milbase",5,"cov","tobit",0.0373635179146335,0.0709538600168152,0.598479074286707,1894,0.345828933474129,0.004,"",FALSE
"PFOA","airport+milfire+milbase",5,"raw","detect",0.00896034172992482,0.0286189153907437,0.754243240927244,2032,0.344488188976378,0.004,"",FALSE
"PFOA","airport+milfire+milbase",5,"raw","intensive",0.0161569134875746,0.0443765880549778,0.715903730417974,700,0.344488188976378,0.004,"",FALSE
"PFOA","airport+milfire+milbase",5,"raw","tobit",0.0274093838418915,0.0644939455556927,0.670842812571241,2032,0.344488188976378,0.004,"",FALSE
"PFOA","airport+milfire+milbase",10,"cov","detect",0.0254498622014454,0.0153554254290815,0.0976143452703372,1894,0.345828933474129,0.004,"*",FALSE
"PFOA","airport+milfire+milbase",10,"cov","intensive",0.0325791510016741,0.0261552452130295,0.213411735793637,655,0.345828933474129,0.004,"",FALSE
"PFOA","airport+milfire+milbase",10,"cov","tobit",0.0641299436157179,0.0341684396007932,0.0605350132301297,1894,0.345828933474129,0.004,"*",FALSE
"PFOA","airport+milfire+milbase",10,"raw","detect",0.022975396073445,0.0133865442096003,0.086258750779895,2032,0.344488188976378,0.004,"*",FALSE
"PFOA","airport+milfire+milbase",10,"raw","intensive",0.0174661137843913,0.0214734219419541,0.416275934684936,700,0.344488188976378,0.004,"",FALSE
"PFOA","airport+milfire+milbase",10,"raw","tobit",0.0571555810932133,0.0302948272815901,0.0592081046382288,2032,0.344488188976378,0.004,"*",FALSE
"PFOA","airport+milfire+milbase",25,"cov","detect",0.0290773267800019,0.00787431077597597,0.000228462817466688,1894,0.345828933474129,0.004,"***",TRUE
"PFOA","airport+milfire+milbase",25,"cov","intensive",0.0131946778972335,0.014306836500046,0.356774448325971,655,0.345828933474129,0.004,"",FALSE
"PFOA","airport+milfire+milbase",25,"cov","tobit",0.0656401453811463,0.0178785239158113,0.000241176219775702,1894,0.345828933474129,0.004,"***",TRUE
"PFOA","airport+milfire+milbase",25,"raw","detect",0.0260400776056792,0.00669046923437809,0.000102580661800532,2032,0.344488188976378,0.004,"***",TRUE
"PFOA","airport+milfire+milbase",25,"raw","intensive",0.00543236494132205,0.0112604734923111,0.629653358399061,700,0.344488188976378,0.004,"",FALSE
"PFOA","airport+milfire+milbase",25,"raw","tobit",0.0582492162752831,0.0153854354838891,0.000153093373301724,2032,0.344488188976378,0.004,"***",TRUE
"PFOA","airport+milfire+milsusp",5,"cov","detect",0.00829301328476277,0.0344277557736106,0.809674081036941,1894,0.345828933474129,0.004,"",FALSE
"PFOA","airport+milfire+milsusp",5,"cov","intensive",0.0299015538435106,0.0558370907057776,0.592499628631861,655,0.345828933474129,0.004,"",FALSE
"PFOA","airport+milfire+milsusp",5,"cov","tobit",0.0354471545483589,0.0760702136765195,0.641230226863842,1894,0.345828933474129,0.004,"",FALSE
"PFOA","airport+milfire+milsusp",5,"raw","detect",0.00758929643637065,0.0310771305771856,0.807094097993935,2032,0.344488188976378,0.004,"",FALSE
"PFOA","airport+milfire+milsusp",5,"raw","intensive",0.0223596931738934,0.0476674080082094,0.63916094837033,700,0.344488188976378,0.004,"",FALSE
"PFOA","airport+milfire+milsusp",5,"raw","tobit",0.0280845888020861,0.0698376420318303,0.687580159156825,2032,0.344488188976378,0.004,"",FALSE
"PFOA","airport+milfire+milsusp",10,"cov","detect",0.0238052741652813,0.0163950569244166,0.146680348481213,1894,0.345828933474129,0.004,"",FALSE
"PFOA","airport+milfire+milsusp",10,"cov","intensive",0.0253362878075342,0.027687511825648,0.360529919983849,655,0.345828933474129,0.004,"",FALSE
"PFOA","airport+milfire+milsusp",10,"cov","tobit",0.0578336665457376,0.0364168726554612,0.11226353536204,1894,0.345828933474129,0.004,"",FALSE
"PFOA","airport+milfire+milsusp",10,"raw","detect",0.0180557467727112,0.0144770656118437,0.212469293548035,2032,0.344488188976378,0.004,"",FALSE
"PFOA","airport+milfire+milsusp",10,"raw","intensive",0.0159195969660844,0.0229899421914825,0.488879300262744,700,0.344488188976378,0.004,"",FALSE
"PFOA","airport+milfire+milsusp",10,"raw","tobit",0.0460800875137099,0.0327212941453063,0.159054115128123,2032,0.344488188976378,0.004,"",FALSE
"PFOA","airport+milfire+milsusp",25,"cov","detect",0.0258576217249639,0.00787964502894922,0.00105188372783946,1894,0.345828933474129,0.004,"***",TRUE
"PFOA","airport+milfire+milsusp",25,"cov","intensive",0.00719301355882053,0.0141051519545347,0.610275949231056,655,0.345828933474129,0.004,"",FALSE
"PFOA","airport+milfire+milsusp",25,"cov","tobit",0.0555556933954555,0.0177947968294192,0.00179615360229477,1894,0.345828933474129,0.004,"***",TRUE
"PFOA","airport+milfire+milsusp",25,"raw","detect",0.0202872473614331,0.00674045258823767,0.00264660671335963,2032,0.344488188976378,0.004,"***",TRUE
"PFOA","airport+milfire+milsusp",25,"raw","intensive",0.00306203709386226,0.0111414715292545,0.783526349466414,700,0.344488188976378,0.004,"",FALSE
"PFOA","airport+milfire+milsusp",25,"raw","tobit",0.0445919683875961,0.0154177472425146,0.00382494329037733,2032,0.344488188976378,0.004,"***",TRUE
"PFOA","airport+milfire+milsusp+milbase",5,"cov","detect",0.00473140251313787,0.0308046359519756,0.877947064074517,1894,0.345828933474129,0.004,"",FALSE
"PFOA","airport+milfire+milsusp+milbase",5,"cov","intensive",0.0669389677047673,0.0505542659272038,0.185990982999272,655,0.345828933474129,0.004,"",FALSE
"PFOA","airport+milfire+milsusp+milbase",5,"cov","tobit",0.0437091744830939,0.0681120588339166,0.521052101690094,1894,0.345828933474129,0.004,"",FALSE
"PFOA","airport+milfire+milsusp+milbase",5,"raw","detect",0.00574065534532792,0.0271836903658082,0.832767909769148,2032,0.344488188976378,0.004,"",FALSE
"PFOA","airport+milfire+milsusp+milbase",5,"raw","intensive",0.0369094882575338,0.0424022399790795,0.384347884024501,700,0.344488188976378,0.004,"",FALSE
"PFOA","airport+milfire+milsusp+milbase",5,"raw","tobit",0.0319536230215352,0.0613239244576572,0.602322941998562,2032,0.344488188976378,0.004,"",FALSE
"PFOA","airport+milfire+milsusp+milbase",10,"cov","detect",0.0234627246005433,0.0148811174047257,0.115043993184569,1894,0.345828933474129,0.004,"",FALSE
"PFOA","airport+milfire+milsusp+milbase",10,"cov","intensive",0.0416122576377912,0.0253142265853054,0.10075345320151,655,0.345828933474129,0.004,"",FALSE
"PFOA","airport+milfire+milsusp+milbase",10,"cov","tobit",0.0648026888265427,0.0330922043120667,0.0502011109363417,1894,0.345828933474129,0.004,"*",FALSE
"PFOA","airport+milfire+milsusp+milbase",10,"raw","detect",0.020035423621666,0.0128772486024049,0.119893061263151,2032,0.344488188976378,0.004,"",FALSE
"PFOA","airport+milfire+milsusp+milbase",10,"raw","intensive",0.0250178442590628,0.0206676579981914,0.226503424813624,700,0.344488188976378,0.004,"",FALSE
"PFOA","airport+milfire+milsusp+milbase",10,"raw","tobit",0.0549347644907117,0.0291479658077007,0.0594722371045375,2032,0.344488188976378,0.004,"*",FALSE
"PFOA","airport+milfire+milsusp+milbase",25,"cov","detect",0.0278261660085888,0.00775776966360639,0.000343525762054173,1894,0.345828933474129,0.004,"***",TRUE
"PFOA","airport+milfire+milsusp+milbase",25,"cov","intensive",0.0168542749700461,0.0140744261823193,0.231596756964829,655,0.345828933474129,0.004,"",FALSE
"PFOA","airport+milfire+milsusp+milbase",25,"cov","tobit",0.0648945294239633,0.0176240882927089,0.000231275635236325,1894,0.345828933474129,0.004,"***",TRUE
"PFOA","airport+milfire+milsusp+milbase",25,"raw","detect",0.0241673968530578,0.00658352201681092,0.00024794760555276,2032,0.344488188976378,0.004,"***",TRUE
"PFOA","airport+milfire+milsusp+milbase",25,"raw","intensive",0.00830944232619971,0.011069706580214,0.453118081967621,700,0.344488188976378,0.004,"",FALSE
"PFOA","airport+milfire+milsusp+milbase",25,"raw","tobit",0.0556813552489884,0.0151354571533688,0.000234271093683108,2032,0.344488188976378,0.004,"***",TRUE
"PFOA","airport+milsusp",5,"cov","detect",-0.0157407032764827,0.0366077956796795,0.667259579127719,1894,0.345828933474129,0.004,"",FALSE
"PFOA","airport+milsusp",5,"cov","intensive",0.0546154308681875,0.0578129059937325,0.345209143087075,655,0.345828933474129,0.004,"",FALSE
"PFOA","airport+milsusp",5,"cov","tobit",-0.0039540748391427,0.0805616088241049,0.960854443088066,1894,0.345828933474129,0.004,"",FALSE
"PFOA","airport+milsusp",5,"raw","detect",-0.0198692720585945,0.0340928013225131,0.560092922804907,2032,0.344488188976378,0.004,"",FALSE
"PFOA","airport+milsusp",5,"raw","intensive",0.0421186052760747,0.051167208947357,0.41070031242642,700,0.344488188976378,0.004,"",FALSE
"PFOA","airport+milsusp",5,"raw","tobit",-0.0163006875742552,0.0765528327570344,0.831378577975733,2032,0.344488188976378,0.004,"",FALSE
"PFOA","airport+milsusp",10,"cov","detect",0.0156319143473198,0.0175255092120955,0.37253685191468,1894,0.345828933474129,0.004,"",FALSE
"PFOA","airport+milsusp",10,"cov","intensive",0.0426748730544498,0.0290422118521717,0.142264210374103,655,0.345828933474129,0.004,"",FALSE
"PFOA","airport+milsusp",10,"cov","tobit",0.0480256987772673,0.0387476120795992,0.21517917169037,1894,0.345828933474129,0.004,"",FALSE
"PFOA","airport+milsusp",10,"raw","detect",0.00624882323854467,0.0160665035280389,0.697365127322959,2032,0.344488188976378,0.004,"",FALSE
"PFOA","airport+milsusp",10,"raw","intensive",0.0291417362817513,0.0250994818853052,0.246018753481433,700,0.344488188976378,0.004,"",FALSE
"PFOA","airport+milsusp",10,"raw","tobit",0.0287264017532027,0.0362196068058467,0.427709403981084,2032,0.344488188976378,0.004,"",FALSE
"PFOA","airport+milsusp",25,"cov","detect",0.0224845144263717,0.00809427275135961,0.00552862290690912,1894,0.345828933474129,0.004,"***",TRUE
"PFOA","airport+milsusp",25,"cov","intensive",0.0123560870454827,0.0143394745184711,0.389217868181331,655,0.345828933474129,0.004,"",FALSE
"PFOA","airport+milsusp",25,"cov","tobit",0.050086641433814,0.0181712926134967,0.00584484574857819,1894,0.345828933474129,0.004,"***",TRUE
"PFOA","airport+milsusp",25,"raw","detect",0.015472881908095,0.0071054173091214,0.029549312252384,2032,0.344488188976378,0.004,"**",TRUE
"PFOA","airport+milsusp",25,"raw","intensive",0.00861289467930579,0.0117029822212906,0.462003952776144,700,0.344488188976378,0.004,"",FALSE
"PFOA","airport+milsusp",25,"raw","tobit",0.0371223437869406,0.0162107398055028,0.0220222119750199,2032,0.344488188976378,0.004,"**",TRUE
"PFOA","airport+milsusp+milbase",5,"cov","detect",-0.0143523421404971,0.0312966819277911,0.646583599083137,1894,0.345828933474129,0.004,"",FALSE
"PFOA","airport+milsusp+milbase",5,"cov","intensive",0.0935889176411813,0.0514204103097084,0.0692631150243071,655,0.345828933474129,0.004,"*",FALSE
"PFOA","airport+milsusp+milbase",5,"cov","tobit",0.0178063267018187,0.0692443547349738,0.797061409982141,1894,0.345828933474129,0.004,"",FALSE
"PFOA","airport+milsusp+milbase",5,"raw","detect",-0.013328460576397,0.028144352103225,0.635853954667884,2032,0.344488188976378,0.004,"",FALSE
"PFOA","airport+milsusp+milbase",5,"raw","intensive",0.0546652305264074,0.0438068768066182,0.212497600968244,700,0.344488188976378,0.004,"",FALSE
"PFOA","airport+milsusp+milbase",5,"raw","tobit",0.00210588914382568,0.063663752810076,0.973612141993463,2032,0.344488188976378,0.004,"",FALSE
"PFOA","airport+milsusp+milbase",10,"cov","detect",0.0158758590787588,0.0151260606688287,0.294055600076516,1894,0.345828933474129,0.004,"",FALSE
"PFOA","airport+milsusp+milbase",10,"cov","intensive",0.057501779278743,0.0257342846879747,0.0258341377503345,655,0.345828933474129,0.004,"**",TRUE
"PFOA","airport+milsusp+milbase",10,"cov","tobit",0.0565652401161608,0.0335928717141456,0.0922113341956184,1894,0.345828933474129,0.004,"*",FALSE
"PFOA","airport+milsusp+milbase",10,"raw","detect",0.0119928342753723,0.0134005549910788,0.370919613083199,2032,0.344488188976378,0.004,"",FALSE
"PFOA","airport+milsusp+milbase",10,"raw","intensive",0.0358055218455945,0.0214917183102446,0.0961591287900271,700,0.344488188976378,0.004,"*",FALSE
"PFOA","airport+milsusp+milbase",10,"raw","tobit",0.0437180765012594,0.0303515644013125,0.149757215616828,2032,0.344488188976378,0.004,"",FALSE
"PFOA","airport+milsusp+milbase",25,"cov","detect",0.0247046966600851,0.00780478397826685,0.00157478662190988,1894,0.345828933474129,0.004,"***",TRUE
"PFOA","airport+milsusp+milbase",25,"cov","intensive",0.0235507814390542,0.0141240581625681,0.0959700982287129,655,0.345828933474129,0.004,"*",FALSE
"PFOA","airport+milsusp+milbase",25,"cov","tobit",0.0609560874517013,0.0176591027595769,0.00055681398493627,1894,0.345828933474129,0.004,"***",TRUE
"PFOA","airport+milsusp+milbase",25,"raw","detect",0.0214040459397649,0.00675383868721712,0.00155153116768392,2032,0.344488188976378,0.004,"***",TRUE
"PFOA","airport+milsusp+milbase",25,"raw","intensive",0.0134955128744672,0.0113325799831089,0.234113477308087,700,0.344488188976378,0.004,"",FALSE
"PFOA","airport+milsusp+milbase",25,"raw","tobit",0.0522826202205915,0.0154948340077979,0.000740314049013551,2032,0.344488188976378,0.004,"***",TRUE
"PFOA","milbase",5,"cov","detect",-0.00370167384455108,0.0597115155643433,0.950575527405711,1894,0.345828933474129,0.004,"",FALSE
"PFOA","milbase",5,"cov","intensive",0.239604800410799,0.109806508275886,0.029505388231077,655,0.345828933474129,0.004,"**",TRUE
"PFOA","milbase",5,"cov","tobit",0.0970812242627342,0.133260448710932,0.466303034702398,1894,0.345828933474129,0.004,"",FALSE
"PFOA","milbase",5,"raw","detect",0.0165160373652099,0.0501830391919668,0.742102018290515,2032,0.344488188976378,0.004,"",FALSE
"PFOA","milbase",5,"raw","intensive",0.114114499172007,0.0886729928720247,0.198550943799142,700,0.344488188976378,0.004,"",FALSE
"PFOA","milbase",5,"raw","tobit",0.0869379869056181,0.115957965705874,0.453413068942593,2032,0.344488188976378,0.004,"",FALSE
"PFOA","milbase",10,"cov","detect",0.0485572011433729,0.0289840031334837,0.0940456046470385,1894,0.345828933474129,0.004,"*",FALSE
"PFOA","milbase",10,"cov","intensive",0.093732229427797,0.0512326648731198,0.0678318731270077,655,0.345828933474129,0.004,"*",FALSE
"PFOA","milbase",10,"cov","tobit",0.138013217373959,0.0640085358630344,0.0310704753549195,1894,0.345828933474129,0.004,"**",TRUE
"PFOA","milbase",10,"raw","detect",0.0562388401666158,0.0234444847234999,0.0165382028275548,2032,0.344488188976378,0.004,"**",TRUE
"PFOA","milbase",10,"raw","intensive",0.0494746462205217,0.0390234837689216,0.205285966506866,700,0.344488188976378,0.004,"",FALSE
"PFOA","milbase",10,"raw","tobit",0.142413231186875,0.0529992833608287,0.00720800254851532,2032,0.344488188976378,0.004,"***",TRUE
"PFOA","milbase",25,"cov","detect",0.0645047784535172,0.0130660738451661,8.66842235886105e-07,1894,0.345828933474129,0.004,"***",TRUE
"PFOA","milbase",25,"cov","intensive",0.0129372316608525,0.0224631210092876,0.564884498230614,655,0.345828933474129,0.004,"",FALSE
"PFOA","milbase",25,"cov","tobit",0.134950028598783,0.0288103250077597,2.81212472330128e-06,1894,0.345828933474129,0.004,"***",TRUE
"PFOA","milbase",25,"raw","detect",0.0653951438912724,0.0103683337202399,3.47726230217636e-10,2032,0.344488188976378,0.004,"***",TRUE
"PFOA","milbase",25,"raw","intensive",0.00470530189745347,0.016380346197254,0.774003941653357,700,0.344488188976378,0.004,"",FALSE
"PFOA","milbase",25,"raw","tobit",0.135377439930061,0.0233368024939049,6.59096725927321e-09,2032,0.344488188976378,0.004,"***",TRUE
"PFOA","milfire",5,"cov","detect",0.124411978798816,0.090875318295173,0.171156050899271,1894,0.345828933474129,0.004,"",FALSE
"PFOA","milfire",5,"cov","intensive",-0.213127789782951,0.154539057858584,0.168389551625694,655,0.345828933474129,0.004,"",FALSE
"PFOA","milfire",5,"cov","tobit",0.182101060569907,0.199617791338844,0.361637839293331,1894,0.345828933474129,0.004,"",FALSE
"PFOA","milfire",5,"raw","detect",0.117843406624004,0.0764900193954858,0.123560845924296,2032,0.344488188976378,0.004,"",FALSE
"PFOA","milfire",5,"raw","intensive",-0.124161953160341,0.119563859019924,0.299416833302768,700,0.344488188976378,0.004,"",FALSE
"PFOA","milfire",5,"raw","tobit",0.176404521265861,0.171695598532104,0.304219915916225,2032,0.344488188976378,0.004,"",FALSE
"PFOA","milfire",10,"cov","detect",0.0999635158677292,0.0471006734069171,0.0339445108213566,1894,0.345828933474129,0.004,"**",TRUE
"PFOA","milfire",10,"cov","intensive",-0.14175559695801,0.0793714964726154,0.0746254343211899,655,0.345828933474129,0.004,"*",FALSE
"PFOA","milfire",10,"cov","tobit",0.136197199297423,0.103935032363808,0.190058169448936,1894,0.345828933474129,0.004,"",FALSE
"PFOA","milfire",10,"raw","detect",0.0963607625874109,0.0368109863037946,0.00891777184437003,2032,0.344488188976378,0.004,"***",TRUE
"PFOA","milfire",10,"raw","intensive",-0.0727876282661719,0.058969684291647,0.217498024943189,700,0.344488188976378,0.004,"",FALSE
"PFOA","milfire",10,"raw","tobit",0.163007975782054,0.0831176244642719,0.0498589367494473,2032,0.344488188976378,0.004,"**",TRUE
"PFOA","milfire",25,"cov","detect",0.0978622027557828,0.0197110989647986,7.52064383818589e-07,1894,0.345828933474129,0.004,"***",TRUE
"PFOA","milfire",25,"cov","intensive",-0.0731574563343981,0.0344322308561621,0.0340356213984393,655,0.345828933474129,0.004,"**",FALSE
"PFOA","milfire",25,"cov","tobit",0.16492611182721,0.044047817171918,0.000180932246272929,1894,0.345828933474129,0.004,"***",TRUE
"PFOA","milfire",25,"raw","detect",0.0897035892545261,0.0147914511134326,1.57384051298361e-09,2032,0.344488188976378,0.004,"***",TRUE
"PFOA","milfire",25,"raw","intensive",-0.0394507077775243,0.0244268858484142,0.106751186411465,700,0.344488188976378,0.004,"",FALSE
"PFOA","milfire",25,"raw","tobit",0.167030532838936,0.0336835821499828,7.09257618369216e-07,2032,0.344488188976378,0.004,"***",TRUE
"PFOA","milfire+milbase",5,"cov","detect",0.0490607302216446,0.0547577641241883,0.370393290463297,1894,0.345828933474129,0.004,"",FALSE
"PFOA","milfire+milbase",5,"cov","intensive",0.106972307886523,0.0972505645312534,0.271803296068144,655,0.345828933474129,0.004,"",FALSE
"PFOA","milfire+milbase",5,"cov","tobit",0.148991001913224,0.12144846924678,0.219903900516347,1894,0.345828933474129,0.004,"",FALSE
"PFOA","milfire+milbase",5,"raw","detect",0.0498239143925258,0.0452559812519907,0.27105527313991,2032,0.344488188976378,0.004,"",FALSE
"PFOA","milfire+milbase",5,"raw","intensive",0.0499679586906177,0.0765080801574949,0.513902393511459,700,0.344488188976378,0.004,"",FALSE
"PFOA","milfire+milbase",5,"raw","tobit",0.130256805520896,0.103209162247831,0.206924930413918,2032,0.344488188976378,0.004,"",FALSE
"PFOA","milfire+milbase",10,"cov","detect",0.060303920719175,0.026363697841452,0.022287971132522,1894,0.345828933474129,0.004,"**",TRUE
"PFOA","milfire+milbase",10,"cov","intensive",0.035714292285924,0.0456490934864705,0.434318879900483,655,0.345828933474129,0.004,"",FALSE
"PFOA","milfire+milbase",10,"cov","tobit",0.133427783240706,0.0582417341130533,0.0219674155671599,1894,0.345828933474129,0.004,"**",TRUE
"PFOA","milfire+milbase",10,"raw","detect",0.0596189686041149,0.0208502830062464,0.00428799489869475,2032,0.344488188976378,0.004,"***",TRUE
"PFOA","milfire+milbase",10,"raw","intensive",0.0240785394973662,0.0340047551575145,0.479123698455647,700,0.344488188976378,0.004,"",FALSE
"PFOA","milfire+milbase",10,"raw","tobit",0.136561480703807,0.0470269651962232,0.00368548945797071,2032,0.344488188976378,0.004,"***",TRUE
"PFOA","milfire+milbase",25,"cov","detect",0.0598508928549683,0.0118280591940514,4.61479701110062e-07,1894,0.345828933474129,0.004,"***",TRUE
"PFOA","milfire+milbase",25,"cov","intensive",-0.00118313654434493,0.020269119828388,0.953472914030113,655,0.345828933474129,0.004,"",FALSE
"PFOA","milfire+milbase",25,"cov","tobit",0.118156457803183,0.0262437897519323,6.72335385104762e-06,1894,0.345828933474129,0.004,"***",TRUE
"PFOA","milfire+milbase",25,"raw","detect",0.0575644921566852,0.00916456534668268,4.09843155681796e-10,2032,0.344488188976378,0.004,"***",TRUE
"PFOA","milfire+milbase",25,"raw","intensive",-0.00145635168900086,0.0145692818303705,0.92040444234006,700,0.344488188976378,0.004,"",FALSE
"PFOA","milfire+milbase",25,"raw","tobit",0.116873446811264,0.0207149089321053,1.68089370465403e-08,2032,0.344488188976378,0.004,"***",TRUE
"PFOA","milfire+milsusp",5,"cov","detect",0.0855211295453277,0.0736176552380916,0.245512852816447,1894,0.345828933474129,0.004,"",FALSE
"PFOA","milfire+milsusp",5,"cov","intensive",0.0420328403333732,0.129065420042115,0.744790885417583,655,0.345828933474129,0.004,"",FALSE
"PFOA","milfire+milsusp",5,"cov","tobit",0.217821908265049,0.162295284755191,0.179552774101715,1894,0.345828933474129,0.004,"",FALSE
"PFOA","milfire+milsusp",5,"raw","detect",0.0628443412481238,0.0598525354710622,0.293849400381641,2032,0.344488188976378,0.004,"",FALSE
"PFOA","milfire+milsusp",5,"raw","intensive",0.0663625882781753,0.100761161507181,0.510361641550274,700,0.344488188976378,0.004,"",FALSE
"PFOA","milfire+milsusp",5,"raw","tobit",0.166058734057362,0.136533701788886,0.223890764029801,2032,0.344488188976378,0.004,"",FALSE
"PFOA","milfire+milsusp",10,"cov","detect",0.081481043217255,0.0362341106763788,0.0246486431938389,1894,0.345828933474129,0.004,"**",TRUE
"PFOA","milfire+milsusp",10,"cov","intensive",-0.00761566056219437,0.0637648541529947,0.9049732673409,655,0.345828933474129,0.004,"",FALSE
"PFOA","milfire+milsusp",10,"cov","tobit",0.166156404641768,0.0803037591320287,0.038536824521727,1894,0.345828933474129,0.004,"**",TRUE
"PFOA","milfire+milsusp",10,"raw","detect",0.0685514676750264,0.0280964731414309,0.0147780014953858,2032,0.344488188976378,0.004,"**",TRUE
"PFOA","milfire+milsusp",10,"raw","intensive",0.0150323419649971,0.0471445947874396,0.749931021111465,700,0.344488188976378,0.004,"",FALSE
"PFOA","milfire+milsusp",10,"raw","tobit",0.152667917695309,0.0639032058634328,0.0168920293754282,2032,0.344488188976378,0.004,"**",TRUE
"PFOA","milfire+milsusp",25,"cov","detect",0.0789049218242589,0.0154125091912159,3.38763043337451e-07,1894,0.345828933474129,0.004,"***",TRUE
"PFOA","milfire+milsusp",25,"cov","intensive",-0.0274100450438748,0.0271942791761717,0.31390633939923,655,0.345828933474129,0.004,"",FALSE
"PFOA","milfire+milsusp",25,"cov","tobit",0.148893004449854,0.034420257537779,1.52022260028797e-05,1894,0.345828933474129,0.004,"***",TRUE
"PFOA","milfire+milsusp",25,"raw","detect",0.069870705079238,0.0117345692153468,3.07058877807208e-09,2032,0.344488188976378,0.004,"***",TRUE
"PFOA","milfire+milsusp",25,"raw","intensive",-0.0125658884080713,0.0193244074027391,0.515738277427887,700,0.344488188976378,0.004,"",FALSE
"PFOA","milfire+milsusp",25,"raw","tobit",0.138798884801354,0.0266748915991848,1.95724283598739e-07,2032,0.344488188976378,0.004,"***",TRUE
"PFOA","milfire+milsusp+milbase",5,"cov","detect",0.0351747136842322,0.0490318367896403,0.473228767376835,1894,0.345828933474129,0.004,"",FALSE
"PFOA","milfire+milsusp+milbase",5,"cov","intensive",0.157541098007236,0.0856539324477989,0.0663857694329811,655,0.345828933474129,0.004,"*",FALSE
"PFOA","milfire+milsusp+milbase",5,"cov","tobit",0.144965955546511,0.108141396060272,0.180075591599141,1894,0.345828933474129,0.004,"",FALSE
"PFOA","milfire+milsusp+milbase",5,"raw","detect",0.0357700605876796,0.0400943254900007,0.37241950332599,2032,0.344488188976378,0.004,"",FALSE
"PFOA","milfire+milsusp+milbase",5,"raw","intensive",0.0957497811856018,0.0681666981186584,0.160572713681189,700,0.344488188976378,0.004,"",FALSE
"PFOA","milfire+milsusp+milbase",5,"raw","tobit",0.12173041410602,0.0915036867862542,0.183408435150261,2032,0.344488188976378,0.004,"",FALSE
"PFOA","milfire+milsusp+milbase",10,"cov","detect",0.0534892263383536,0.0240089851975564,0.0260104159554343,1894,0.345828933474129,0.004,"**",TRUE
"PFOA","milfire+milsusp+milbase",10,"cov","intensive",0.0594982750915225,0.0414223499708833,0.151433114936082,655,0.345828933474129,0.004,"",FALSE
"PFOA","milfire+milsusp+milbase",10,"cov","tobit",0.13213721470802,0.052953585938837,0.0125836400259666,1894,0.345828933474129,0.004,"**",TRUE
"PFOA","milfire+milsusp+milbase",10,"raw","detect",0.0515983143186908,0.018989858848968,0.00664057308205383,2032,0.344488188976378,0.004,"***",TRUE
"PFOA","milfire+milsusp+milbase",10,"raw","intensive",0.0374579160805903,0.0311963859345582,0.230269737924916,700,0.344488188976378,0.004,"",FALSE
"PFOA","milfire+milsusp+milbase",10,"raw","tobit",0.126635926823246,0.0428611816530651,0.00313115404642393,2032,0.344488188976378,0.004,"***",TRUE
"PFOA","milfire+milsusp+milbase",25,"cov","detect",0.0571927943333698,0.0112289826221002,3.88391776594475e-07,1894,0.345828933474129,0.004,"***",TRUE
"PFOA","milfire+milsusp+milbase",25,"cov","intensive",0.00689229144935424,0.0194217646857872,0.722812519750837,655,0.345828933474129,0.004,"",FALSE
"PFOA","milfire+milsusp+milbase",25,"cov","tobit",0.117854795460285,0.0249992897382415,2.42512426149491e-06,1894,0.345828933474129,0.004,"***",TRUE
"PFOA","milfire+milsusp+milbase",25,"raw","detect",0.0545883743644375,0.00875465801027234,5.46832993671482e-10,2032,0.344488188976378,0.004,"***",TRUE
"PFOA","milfire+milsusp+milbase",25,"raw","intensive",0.00149536274750989,0.0140374709865107,0.915195234101274,700,0.344488188976378,0.004,"",FALSE
"PFOA","milfire+milsusp+milbase",25,"raw","tobit",0.11293201124995,0.0198436225961698,1.26224645471029e-08,2032,0.344488188976378,0.004,"***",TRUE
"PFOA","milsusp",5,"cov","detect",-0.0500378163384532,0.126292640605453,0.692000137793906,1894,0.345828933474129,0.004,"",FALSE
"PFOA","milsusp",5,"cov","intensive",0.522899220396103,0.214414437244305,0.015037829635082,655,0.345828933474129,0.004,"**",TRUE
"PFOA","milsusp",5,"cov","tobit",0.175116902870485,0.275399763900601,0.524864814529016,1894,0.345828933474129,0.004,"",FALSE
"PFOA","milsusp",5,"raw","detect",-0.078419563839058,0.104823861223545,0.454481705385357,2032,0.344488188976378,0.004,"",FALSE
"PFOA","milsusp",5,"raw","intensive",0.586837508678044,0.198696246399109,0.00324815578773665,700,0.344488188976378,0.004,"***",TRUE
"PFOA","milsusp",5,"raw","tobit",0.055066830029581,0.246767825770927,0.823416905088804,2032,0.344488188976378,0.004,"",FALSE
"PFOA","milsusp",10,"cov","detect",0.0614749015352143,0.0690000690861987,0.373079601425561,1894,0.345828933474129,0.004,"",FALSE
"PFOA","milsusp",10,"cov","intensive",0.303044904055927,0.120676621506707,0.0123023695553904,655,0.345828933474129,0.004,"**",TRUE
"PFOA","milsusp",10,"cov","tobit",0.277175121909695,0.151158564208229,0.0667028003811338,1894,0.345828933474129,0.004,"*",FALSE
"PFOA","milsusp",10,"raw","detect",0.0293174024890373,0.0565290918572243,0.604078770587721,2032,0.344488188976378,0.004,"",FALSE
"PFOA","milsusp",10,"raw","intensive",0.296993690470615,0.106278066804178,0.00534072773676641,700,0.344488188976378,0.004,"***",TRUE
"PFOA","milsusp",10,"raw","tobit",0.182605151894499,0.130830956412361,0.162794754984734,2032,0.344488188976378,0.004,"",FALSE
"PFOA","milsusp",25,"cov","detect",0.120895819337383,0.0377089854179035,0.00136925088774545,1894,0.345828933474129,0.004,"***",TRUE
"PFOA","milsusp",25,"cov","intensive",0.097014302264142,0.06696049329911,0.147925762428479,655,0.345828933474129,0.004,"",FALSE
"PFOA","milsusp",25,"cov","tobit",0.305690577352323,0.0834739652355503,0.00025014950578735,1894,0.345828933474129,0.004,"***",TRUE
"PFOA","milsusp",25,"raw","detect",0.096646936805331,0.0309879214545536,0.0018410191845878,2032,0.344488188976378,0.004,"***",TRUE
"PFOA","milsusp",25,"raw","intensive",0.0715395587848647,0.0549096027524702,0.193052003836875,700,0.344488188976378,0.004,"",FALSE
"PFOA","milsusp",25,"raw","tobit",0.238989287497777,0.070704421499979,0.000724547167106254,2032,0.344488188976378,0.004,"***",TRUE
"PFOA","milsusp+milbase",5,"cov","detect",-0.00752348061291432,0.05219480863028,0.885404092413788,1894,0.345828933474129,0.004,"",FALSE
"PFOA","milsusp+milbase",5,"cov","intensive",0.260981273115232,0.0927215355197872,0.00504839574510443,655,0.345828933474129,0.004,"***",TRUE
"PFOA","milsusp+milbase",5,"cov","tobit",0.103525723532294,0.115295097303511,0.369228433573773,1894,0.345828933474129,0.004,"",FALSE
"PFOA","milsusp+milbase",5,"raw","detect",0.00807516382268894,0.0433583663375697,0.852273326818068,2032,0.344488188976378,0.004,"",FALSE
"PFOA","milsusp+milbase",5,"raw","intensive",0.154830304274075,0.0760497579464689,0.0421366991385512,700,0.344488188976378,0.004,"**",TRUE
"PFOA","milsusp+milbase",5,"raw","tobit",0.0870816513593966,0.0999395888025296,0.383566951830837,2032,0.344488188976378,0.004,"",FALSE
"PFOA","milsusp+milbase",10,"cov","detect",0.0422986506264106,0.025899504703858,0.102603799160251,1894,0.345828933474129,0.004,"",FALSE
"PFOA","milsusp+milbase",10,"cov","intensive",0.10939695618924,0.0451441747636,0.0156860940456362,655,0.345828933474129,0.004,"**",TRUE
"PFOA","milsusp+milbase",10,"cov","tobit",0.133720567178081,0.0569704877125929,0.0189155990151859,1894,0.345828933474129,0.004,"**",TRUE
"PFOA","milsusp+milbase",10,"raw","detect",0.0468040566827273,0.0208876491322885,0.0251498458105476,2032,0.344488188976378,0.004,"**",TRUE
"PFOA","milsusp+milbase",10,"raw","intensive",0.0610532235103363,0.0348946372787999,0.0806190552449038,700,0.344488188976378,0.004,"*",FALSE
"PFOA","milsusp+milbase",10,"raw","tobit",0.128088830448766,0.0472188556806924,0.0066744998676397,2032,0.344488188976378,0.004,"***",TRUE
"PFOA","milsusp+milbase",25,"cov","detect",0.0606084112014949,0.01225788396465,8.3401175305665e-07,1894,0.345828933474129,0.004,"***",TRUE
"PFOA","milsusp+milbase",25,"cov","intensive",0.0207531491751776,0.0212310348208357,0.328733569460895,655,0.345828933474129,0.004,"",FALSE
"PFOA","milsusp+milbase",25,"cov","tobit",0.131974867472063,0.0271198593609606,1.13675163104363e-06,1894,0.345828933474129,0.004,"***",TRUE
"PFOA","milsusp+milbase",25,"raw","detect",0.0607501024084298,0.00977015381903041,6.09858694536304e-10,2032,0.344488188976378,0.004,"***",TRUE
"PFOA","milsusp+milbase",25,"raw","intensive",0.00705482983657488,0.0155931561177652,0.651098974064082,700,0.344488188976378,0.004,"",FALSE
"PFOA","milsusp+milbase",25,"raw","tobit",0.127934615134134,0.0220620516212675,6.67696515382037e-09,2032,0.344488188976378,0.004,"***",TRUE
"PFOS","airport",5,"cov","detect",0.0763006810529045,0.0404430625462414,0.059370981307421,1894,0.414466737064414,0.004,"*",FALSE
"PFOS","airport",5,"cov","intensive",0.102683560616942,0.0738373325707452,0.164759804837005,785,0.414466737064414,0.004,"",FALSE
"PFOS","airport",5,"cov","tobit",0.217969368440004,0.106692448058039,0.0410555027723535,1894,0.414466737064414,0.004,"**",TRUE
"PFOS","airport",5,"raw","detect",0.0235772224919288,0.0378807166903396,0.533744195124701,2032,0.415846456692913,0.004,"",FALSE
"PFOS","airport",5,"raw","intensive",0.18134841428573,0.0667613005698995,0.00673539972445512,845,0.415846456692913,0.004,"***",TRUE
"PFOS","airport",5,"raw","tobit",0.174556464720284,0.100781697853793,0.0832690327376089,2032,0.415846456692913,0.004,"*",FALSE
"PFOS","airport",10,"cov","detect",0.0671974939350841,0.0192189367531464,0.00048288620435204,1894,0.414466737064414,0.004,"***",TRUE
"PFOS","airport",10,"cov","intensive",0.084708288604218,0.0367364502023324,0.0214065816268382,785,0.414466737064414,0.004,"**",TRUE
"PFOS","airport",10,"cov","tobit",0.202378645662192,0.0511752914558377,7.66575518625689e-05,1894,0.414466737064414,0.004,"***",TRUE
"PFOS","airport",10,"raw","detect",0.0165430006506225,0.0176433013961705,0.348542864591556,2032,0.415846456692913,0.004,"",FALSE
"PFOS","airport",10,"raw","intensive",0.146377095280069,0.0317789548670122,4.73600481055226e-06,845,0.415846456692913,0.004,"***",TRUE
"PFOS","airport",10,"raw","tobit",0.131620629058966,0.0472502134222217,0.0053427241494634,2032,0.415846456692913,0.004,"***",TRUE
"PFOS","airport",25,"cov","detect",0.0388682264242999,0.00866903428024416,7.79951750890711e-06,1894,0.414466737064414,0.004,"***",TRUE
"PFOS","airport",25,"cov","intensive",0.0453951979773644,0.0179906910336937,0.0118441365019561,785,0.414466737064414,0.004,"**",TRUE
"PFOS","airport",25,"cov","tobit",0.116923581463857,0.0235569954000643,6.92577414852228e-07,1894,0.414466737064414,0.004,"***",TRUE
"PFOS","airport",25,"raw","detect",0.00612635648941963,0.00759830509413276,0.420176236994283,2032,0.415846456692913,0.004,"",FALSE
"PFOS","airport",25,"raw","intensive",0.0766218199671839,0.0145080409246219,1.63326664618973e-07,845,0.415846456692913,0.004,"***",TRUE
"PFOS","airport",25,"raw","tobit",0.0592263407429352,0.0207445862522083,0.0043033255972383,2032,0.415846456692913,0.004,"***",TRUE
"PFOS","airport+milbase",5,"cov","detect",0.122921025546612,0.0339617325347792,0.000303381765499787,1894,0.414466737064414,0.004,"***",TRUE
"PFOS","airport+milbase",5,"cov","intensive",0.179057884063033,0.0616151236071855,0.00377376806252044,785,0.414466737064414,0.004,"***",TRUE
"PFOS","airport+milbase",5,"cov","tobit",0.390311097215656,0.0885656196918621,1.0479901980534e-05,1894,0.414466737064414,0.004,"***",TRUE
"PFOS","airport+milbase",5,"raw","detect",0.076940327153565,0.0307893721834535,0.012535536500665,2032,0.415846456692913,0.004,"**",TRUE
"PFOS","airport+milbase",5,"raw","intensive",0.219135943794631,0.0541860223405836,5.73302333396771e-05,845,0.415846456692913,0.004,"***",TRUE
"PFOS","airport+milbase",5,"raw","tobit",0.323522233320298,0.08145542979712,7.1340578777156e-05,2032,0.415846456692913,0.004,"***",TRUE
"PFOS","airport+milbase",10,"cov","detect",0.0837525906725729,0.0162030946540572,2.61397724169306e-07,1894,0.414466737064414,0.004,"***",TRUE
"PFOS","airport+milbase",10,"cov","intensive",0.108980383086888,0.0301254908436709,0.000318460928936306,785,0.414466737064414,0.004,"***",TRUE
"PFOS","airport+milbase",10,"cov","tobit",0.263886928444848,0.0426133390614482,5.91836135312794e-10,1894,0.414466737064414,0.004,"***",TRUE
"PFOS","airport+milbase",10,"raw","detect",0.0401797851651581,0.014462533422399,0.0055164173116475,2032,0.415846456692913,0.004,"***",TRUE
"PFOS","airport+milbase",10,"raw","intensive",0.150395522608624,0.0255301580858897,5.54728617823077e-09,845,0.415846456692913,0.004,"***",TRUE
"PFOS","airport+milbase",10,"raw","tobit",0.191744145529914,0.0384161065075322,5.99917816276691e-07,2032,0.415846456692913,0.004,"***",TRUE
"PFOS","airport+milbase",25,"cov","detect",0.0470610726515654,0.00820815251307806,1.15011029077553e-08,1894,0.414466737064414,0.004,"***",TRUE
"PFOS","airport+milbase",25,"cov","intensive",0.0542064415254575,0.0164006571604041,0.000996929866596496,785,0.414466737064414,0.004,"***",TRUE
"PFOS","airport+milbase",25,"cov","tobit",0.145562303773068,0.0220789650025396,4.31594237471678e-11,1894,0.414466737064414,0.004,"***",TRUE
"PFOS","airport+milbase",25,"raw","detect",0.0155741906661795,0.00712659620267948,0.0289762757077139,2032,0.415846456692913,0.004,"**",TRUE
"PFOS","airport+milbase",25,"raw","intensive",0.0796741667746447,0.0131870576726822,2.28453572336018e-09,845,0.415846456692913,0.004,"***",TRUE
"PFOS","airport+milbase",25,"raw","tobit",0.0859636944245805,0.0192994272437241,8.4202805426017e-06,2032,0.415846456692913,0.004,"***",TRUE
"PFOS","airport+milfire",5,"cov","detect",0.102702624412603,0.037835350075144,0.00670119060518122,1894,0.414466737064414,0.004,"***",TRUE
"PFOS","airport+milfire",5,"cov","intensive",0.06084137069512,0.0695807775362265,0.382196190737825,785,0.414466737064414,0.004,"",FALSE
"PFOS","airport+milfire",5,"cov","tobit",0.267776604218888,0.099708732698918,0.00724022446368652,1894,0.414466737064414,0.004,"***",TRUE
"PFOS","airport+milfire",5,"raw","detect",0.05598039253345,0.0343709056003545,0.103528634909604,2032,0.415846456692913,0.004,"",FALSE
"PFOS","airport+milfire",5,"raw","intensive",0.148793819999713,0.0618112161209518,0.0162880442641007,845,0.415846456692913,0.004,"**",TRUE
"PFOS","airport+milfire",5,"raw","tobit",0.228323159774814,0.0917838894120919,0.012860215999861,2032,0.415846456692913,0.004,"**",TRUE
"PFOS","airport+milfire",10,"cov","detect",0.0861337301161779,0.0180103912095965,1.87150935221768e-06,1894,0.414466737064414,0.004,"***",TRUE
"PFOS","airport+milfire",10,"cov","intensive",0.0663910688367577,0.0342117437658666,0.0527026200393891,785,0.414466737064414,0.004,"*",FALSE
"PFOS","airport+milfire",10,"cov","tobit",0.241541369213669,0.0477962951428026,4.33653614990255e-07,1894,0.414466737064414,0.004,"***",TRUE
"PFOS","airport+milfire",10,"raw","detect",0.0378910581784328,0.0159851747594437,0.0178624041917393,2032,0.415846456692913,0.004,"**",TRUE
"PFOS","airport+milfire",10,"raw","intensive",0.129739480592137,0.0289813846339251,8.62455268078006e-06,845,0.415846456692913,0.004,"***",TRUE
"PFOS","airport+milfire",10,"raw","tobit",0.171921274417954,0.042805073447631,5.90999097752449e-05,2032,0.415846456692913,0.004,"***",TRUE
"PFOS","airport+milfire",25,"cov","detect",0.0485297945618581,0.00843100823968714,1.00841601019044e-08,1894,0.414466737064414,0.004,"***",TRUE
"PFOS","airport+milfire",25,"cov","intensive",0.0385662531751545,0.017312748950014,0.0262179534089725,785,0.414466737064414,0.004,"**",TRUE
"PFOS","airport+milfire",25,"cov","tobit",0.13864382135519,0.0228666362773625,1.33481953742632e-09,1894,0.414466737064414,0.004,"***",TRUE
"PFOS","airport+milfire",25,"raw","detect",0.015885695780131,0.00721620655096426,0.0278204844174822,2032,0.415846456692913,0.004,"**",TRUE
"PFOS","airport+milfire",25,"raw","intensive",0.0691921026326954,0.0136434086120273,4.8558496576875e-07,845,0.415846456692913,0.004,"***",TRUE
"PFOS","airport+milfire",25,"raw","tobit",0.0797523157980698,0.0196333106009335,4.86348815730537e-05,2032,0.415846456692913,0.004,"***",TRUE
"PFOS","airport+milfire+milbase",5,"cov","detect",0.127583809242528,0.0333099541570348,0.000132390606786726,1894,0.414466737064414,0.004,"***",TRUE
"PFOS","airport+milfire+milbase",5,"cov","intensive",0.145885565114118,0.0605675684861456,0.0162654005275928,785,0.414466737064414,0.004,"**",TRUE
"PFOS","airport+milfire+milbase",5,"cov","tobit",0.384833719578316,0.0871473476686975,1.00591932094417e-05,1894,0.414466737064414,0.004,"***",TRUE
"PFOS","airport+milfire+milbase",5,"raw","detect",0.0719393319925036,0.0296406033235748,0.0153085111420619,2032,0.415846456692913,0.004,"**",TRUE
"PFOS","airport+milfire+milbase",5,"raw","intensive",0.186443063429738,0.052435403785716,0.000398012649340295,845,0.415846456692913,0.004,"***",TRUE
"PFOS","airport+milfire+milbase",5,"raw","tobit",0.290958923730936,0.0786966116681601,0.000217970844119738,2032,0.415846456692913,0.004,"***",TRUE
"PFOS","airport+milfire+milbase",10,"cov","detect",0.0867065550353788,0.0159148775480587,5.78511503515022e-08,1894,0.414466737064414,0.004,"***",TRUE
"PFOS","airport+milfire+milbase",10,"cov","intensive",0.0890431539763109,0.029635836639636,0.00275298085259627,785,0.414466737064414,0.004,"***",TRUE
"PFOS","airport+milfire+milbase",10,"cov","tobit",0.260492192866671,0.0419879494220249,5.50544990768955e-10,1894,0.414466737064414,0.004,"***",TRUE
"PFOS","airport+milfire+milbase",10,"raw","detect",0.0383762011653539,0.0138681443599047,0.00570494382410853,2032,0.415846456692913,0.004,"***",TRUE
"PFOS","airport+milfire+milbase",10,"raw","intensive",0.13006377071309,0.0246923780447672,1.75823418731194e-07,845,0.415846456692913,0.004,"***",TRUE
"PFOS","airport+milfire+milbase",10,"raw","tobit",0.174435537499626,0.0369854125810423,2.4013279645541e-06,2032,0.415846456692913,0.004,"***",TRUE
"PFOS","airport+milfire+milbase",25,"cov","detect",0.0490231147184305,0.00817164810130707,2.38820879804158e-09,1894,0.414466737064414,0.004,"***",TRUE
"PFOS","airport+milfire+milbase",25,"cov","intensive",0.0451274727631393,0.0163763086772145,0.00600743784656796,785,0.414466737064414,0.004,"***",TRUE
"PFOS","airport+milfire+milbase",25,"cov","tobit",0.14585871599083,0.0220511839524655,3.72677147735307e-11,1894,0.414466737064414,0.004,"***",TRUE
"PFOS","airport+milfire+milbase",25,"raw","detect",0.0158885621295426,0.00695610627936004,0.0224674666153732,2032,0.415846456692913,0.004,"**",TRUE
"PFOS","airport+milfire+milbase",25,"raw","intensive",0.07021978174277,0.0129592448660873,7.84704264746017e-08,845,0.415846456692913,0.004,"***",TRUE
"PFOS","airport+milfire+milbase",25,"raw","tobit",0.0810329870604797,0.0188839980845979,1.77796038173468e-05,2032,0.415846456692913,0.004,"***",TRUE
"PFOS","airport+milfire+milsusp",5,"cov","detect",0.125306503813846,0.0358255142606095,0.000480611947308587,1894,0.414466737064414,0.004,"***",TRUE
"PFOS","airport+milfire+milsusp",5,"cov","intensive",0.13227999876722,0.0653539343237574,0.0433378897095231,785,0.414466737064414,0.004,"**",TRUE
"PFOS","airport+milfire+milsusp",5,"cov","tobit",0.376916014336877,0.0937844359235059,5.84552813738736e-05,1894,0.414466737064414,0.004,"***",TRUE
"PFOS","airport+milfire+milsusp",5,"raw","detect",0.0768008194758435,0.0321878331087813,0.0171229833778679,2032,0.415846456692913,0.004,"**",TRUE
"PFOS","airport+milfire+milsusp",5,"raw","intensive",0.218420994720028,0.0577103866793869,0.000164738620586719,845,0.415846456692913,0.004,"***",TRUE
"PFOS","airport+milfire+milsusp",5,"raw","tobit",0.320775525116873,0.0855716554856602,0.000177811035833222,2032,0.415846456692913,0.004,"***",TRUE
"PFOS","airport+milfire+milsusp",10,"cov","detect",0.0930163677972304,0.0169880298089632,4.97376204520149e-08,1894,0.414466737064414,0.004,"***",TRUE
"PFOS","airport+milfire+milsusp",10,"cov","intensive",0.093130726231384,0.0318716603792401,0.00358760516098035,785,0.414466737064414,0.004,"***",TRUE
"PFOS","airport+milfire+milsusp",10,"cov","tobit",0.278065850985929,0.0448021876382291,5.41693657558762e-10,1894,0.414466737064414,0.004,"***",TRUE
"PFOS","airport+milfire+milsusp",10,"raw","detect",0.0463351451269338,0.0149857752762432,0.00201555535319219,2032,0.415846456692913,0.004,"***",TRUE
"PFOS","airport+milfire+milsusp",10,"raw","intensive",0.150188695631497,0.0266783440215515,2.45967972245413e-08,845,0.415846456692913,0.004,"***",TRUE
"PFOS","airport+milfire+milsusp",10,"raw","tobit",0.205577256806054,0.0398734250384306,2.52622969912651e-07,2032,0.415846456692913,0.004,"***",TRUE
"PFOS","airport+milfire+milsusp",25,"cov","detect",0.0501906656379157,0.00816684674849199,9.76509660530886e-10,1894,0.414466737064414,0.004,"***",TRUE
"PFOS","airport+milfire+milsusp",25,"cov","intensive",0.047958374245513,0.016556866247895,0.00388835659167204,785,0.414466737064414,0.004,"***",TRUE
"PFOS","airport+milfire+milsusp",25,"cov","tobit",0.149086771579148,0.0220522490986062,1.37406974576078e-11,1894,0.414466737064414,0.004,"***",TRUE
"PFOS","airport+milfire+milsusp",25,"raw","detect",0.0184863714237561,0.00699459500270605,0.00828188607509075,2032,0.415846456692913,0.004,"***",TRUE
"PFOS","airport+milfire+milsusp",25,"raw","intensive",0.0750617158622581,0.0129736576548037,1.01755609339212e-08,845,0.415846456692913,0.004,"***",TRUE
"PFOS","airport+milfire+milsusp",25,"raw","tobit",0.0902354084999896,0.018929213178653,1.86996697061163e-06,2032,0.415846456692913,0.004,"***",TRUE
"PFOS","airport+milfire+milsusp+milbase",5,"cov","detect",0.12210795035099,0.0320348777880974,0.000142608404537644,1894,0.414466737064414,0.004,"***",TRUE
"PFOS","airport+milfire+milsusp+milbase",5,"cov","intensive",0.152458193641368,0.0585781167201956,0.00944346176763444,785,0.414466737064414,0.004,"***",TRUE
"PFOS","airport+milfire+milsusp+milbase",5,"cov","tobit",0.383365544335339,0.0840356967997437,5.06838859033505e-06,1894,0.414466737064414,0.004,"***",TRUE
"PFOS","airport+milfire+milsusp+milbase",5,"raw","detect",0.0661907549369871,0.0281562889812165,0.0188265899347309,2032,0.415846456692913,0.004,"**",TRUE
"PFOS","airport+milfire+milsusp+milbase",5,"raw","intensive",0.19059184901279,0.0503117441769723,0.000162512608243149,845,0.415846456692913,0.004,"***",TRUE
"PFOS","airport+milfire+milsusp+milbase",5,"raw","tobit",0.278990406596915,0.0749551862297012,0.000197575791731281,2032,0.415846456692913,0.004,"***",TRUE
"PFOS","airport+milfire+milsusp+milbase",10,"cov","detect",0.0828070913438831,0.0154258022955313,8.98057901253892e-08,1894,0.414466737064414,0.004,"***",TRUE
"PFOS","airport+milfire+milsusp+milbase",10,"cov","intensive",0.0900733498233123,0.0288274475705431,0.00185303644280824,785,0.414466737064414,0.004,"***",TRUE
"PFOS","airport+milfire+milsusp+milbase",10,"cov","tobit",0.254714579853438,0.0407602822675088,4.12856977183947e-10,1894,0.414466737064414,0.004,"***",TRUE
"PFOS","airport+milfire+milsusp+milbase",10,"raw","detect",0.0354945957832322,0.0133406977340655,0.00786099176748164,2032,0.415846456692913,0.004,"***",TRUE
"PFOS","airport+milfire+milsusp+milbase",10,"raw","intensive",0.128630892045719,0.0238668947466793,9.17483218127834e-08,845,0.415846456692913,0.004,"***",TRUE
"PFOS","airport+milfire+milsusp+milbase",10,"raw","tobit",0.166248508754169,0.0356313182619987,3.07422636885862e-06,2032,0.415846456692913,0.004,"***",TRUE
"PFOS","airport+milfire+milsusp+milbase",25,"cov","detect",0.0474625572972267,0.00805171331554562,4.46476382466221e-09,1894,0.414466737064414,0.004,"***",TRUE
"PFOS","airport+milfire+milsusp+milbase",25,"cov","intensive",0.0461356282120381,0.016140667366547,0.00438313419856997,785,0.414466737064414,0.004,"***",TRUE
"PFOS","airport+milfire+milsusp+milbase",25,"cov","tobit",0.143489559745179,0.0217363163291402,4.07363619038367e-11,1894,0.414466737064414,0.004,"***",TRUE
"PFOS","airport+milfire+milsusp+milbase",25,"raw","detect",0.0149392621898678,0.00684287043903769,0.0291362622888344,2032,0.415846456692913,0.004,"**",TRUE
"PFOS","airport+milfire+milsusp+milbase",25,"raw","intensive",0.0702898734616476,0.0127690734765266,4.90950435730902e-08,845,0.415846456692913,0.004,"***",TRUE
"PFOS","airport+milfire+milsusp+milbase",25,"raw","tobit",0.0786620225385127,0.0185909187034115,2.32440791441075e-05,2032,0.415846456692913,0.004,"***",TRUE
"PFOS","airport+milsusp",5,"cov","detect",0.106837387628164,0.0381412154939604,0.00514686374342963,1894,0.414466737064414,0.004,"***",TRUE
"PFOS","airport+milsusp",5,"cov","intensive",0.171674187399328,0.0690683377367497,0.0131631482765223,785,0.414466737064414,0.004,"**",TRUE
"PFOS","airport+milsusp",5,"cov","tobit",0.34884183302999,0.0996509943469423,0.000464149781013016,1894,0.414466737064414,0.004,"***",TRUE
"PFOS","airport+milsusp",5,"raw","detect",0.0550443893050426,0.0353420938706828,0.119513886267038,2032,0.415846456692913,0.004,"",FALSE
"PFOS","airport+milsusp",5,"raw","intensive",0.257342001612941,0.062199920400945,3.86603852449866e-05,845,0.415846456692913,0.004,"***",TRUE
"PFOS","airport+milsusp",5,"raw","tobit",0.296352736359974,0.0934588860096699,0.00151945313120737,2032,0.415846456692913,0.004,"***",TRUE
"PFOS","airport+milsusp",10,"cov","detect",0.0816971702059013,0.0182013770652692,7.62261018096663e-06,1894,0.414466737064414,0.004,"***",TRUE
"PFOS","airport+milsusp",10,"cov","intensive",0.113561414080766,0.0343892241624044,0.00100713624622398,785,0.414466737064414,0.004,"***",TRUE
"PFOS","airport+milsusp",10,"cov","tobit",0.26045044011717,0.0480557283867233,5.96796145616105e-08,1894,0.414466737064414,0.004,"***",TRUE
"PFOS","airport+milsusp",10,"raw","detect",0.032822737097294,0.0166484865068033,0.0488006309643152,2032,0.415846456692913,0.004,"**",TRUE
"PFOS","airport+milsusp",10,"raw","intensive",0.175471286888108,0.0294492836039262,3.7391597482189e-09,845,0.415846456692913,0.004,"***",TRUE
"PFOS","airport+milsusp",10,"raw","tobit",0.189666572275104,0.0442127345209862,1.78783401329021e-05,2032,0.415846456692913,0.004,"***",TRUE
"PFOS","airport+milsusp",25,"cov","detect",0.0440172455575584,0.00840578786378377,1.82626956069492e-07,1894,0.414466737064414,0.004,"***",TRUE
"PFOS","airport+milsusp",25,"cov","intensive",0.0548942424928583,0.017247271015732,0.00152221529381347,785,0.414466737064414,0.004,"***",TRUE
"PFOS","airport+milsusp",25,"cov","tobit",0.136693885633705,0.0227261571555911,1.80079792230281e-09,1894,0.414466737064414,0.004,"***",TRUE
"PFOS","airport+milsusp",25,"raw","detect",0.0116060047790351,0.00737367487512466,0.115648276794112,2032,0.415846456692913,0.004,"",FALSE
"PFOS","airport+milsusp",25,"raw","intensive",0.0847127306543979,0.0137775332937016,1.2055253128473e-09,845,0.415846456692913,0.004,"***",TRUE
"PFOS","airport+milsusp",25,"raw","tobit",0.0784219111333591,0.0199917902676687,8.75600543051333e-05,2032,0.415846456692913,0.004,"***",TRUE
"PFOS","airport+milsusp+milbase",5,"cov","detect",0.118784567258715,0.0325590998561469,0.000271462744243733,1894,0.414466737064414,0.004,"***",TRUE
"PFOS","airport+milsusp+milbase",5,"cov","intensive",0.182889967606955,0.0596263985688247,0.00224223861716752,785,0.414466737064414,0.004,"***",TRUE
"PFOS","airport+milsusp+milbase",5,"cov","tobit",0.390078902149282,0.0851978583485322,4.68308825743775e-06,1894,0.414466737064414,0.004,"***",TRUE
"PFOS","airport+milsusp+milbase",5,"raw","detect",0.0715396669586504,0.0291490535206343,0.0142005031343012,2032,0.415846456692913,0.004,"**",TRUE
"PFOS","airport+milsusp+milbase",5,"raw","intensive",0.219224205125862,0.051915261935684,2.6761132791715e-05,845,0.415846456692913,0.004,"***",TRUE
"PFOS","airport+milsusp+milbase",5,"raw","tobit",0.309355329789152,0.0773578198683521,6.36057885682776e-05,2032,0.415846456692913,0.004,"***",TRUE
"PFOS","airport+milsusp+milbase",10,"cov","detect",0.0804270200031323,0.0156844686655246,3.24413382585248e-07,1894,0.414466737064414,0.004,"***",TRUE
"PFOS","airport+milsusp+milbase",10,"cov","intensive",0.108698041556062,0.029351332975161,0.000229265081601611,785,0.414466737064414,0.004,"***",TRUE
"PFOS","airport+milsusp+milbase",10,"cov","tobit",0.258599236441455,0.0413352033264272,3.94596983598286e-10,1894,0.414466737064414,0.004,"***",TRUE
"PFOS","airport+milsusp+milbase",10,"raw","detect",0.0373542108399146,0.013876735051355,0.00716384831496141,2032,0.415846456692913,0.004,"***",TRUE
"PFOS","airport+milsusp+milbase",10,"raw","intensive",0.147057799160945,0.0246645319333684,3.65459447860788e-09,845,0.415846456692913,0.004,"***",TRUE
"PFOS","airport+milsusp+milbase",10,"raw","tobit",0.182237171408492,0.0369329844952354,8.0452714850937e-07,2032,0.415846456692913,0.004,"***",TRUE
"PFOS","airport+milsusp+milbase",25,"cov","detect",0.0459900978882075,0.00809969213059196,1.58357870401343e-08,1894,0.414466737064414,0.004,"***",TRUE
"PFOS","airport+milsusp+milbase",25,"cov","intensive",0.0549243342599949,0.0162250935279475,0.000750477341425215,785,0.414466737064414,0.004,"***",TRUE
"PFOS","airport+milsusp+milbase",25,"cov","tobit",0.144175517761903,0.0218021698868058,3.7686906373352e-11,1894,0.414466737064414,0.004,"***",TRUE
"PFOS","airport+milsusp+milbase",25,"raw","detect",0.0148419505104728,0.00701449803633308,0.034475083302,2032,0.415846456692913,0.004,"**",TRUE
"PFOS","airport+milsusp+milbase",25,"raw","intensive",0.0793690156403867,0.0130173781816243,1.64247648190551e-09,845,0.415846456692913,0.004,"***",TRUE
"PFOS","airport+milsusp+milbase",25,"raw","tobit",0.0838259658459362,0.0190157019758037,1.04209277038212e-05,2032,0.415846456692913,0.004,"***",TRUE
"PFOS","milbase",5,"cov","detect",0.203484234583999,0.0621606851429967,0.0010821342036763,1894,0.414466737064414,0.004,"***",TRUE
"PFOS","milbase",5,"cov","intensive",0.419845296092169,0.119013910581472,0.00044613124224502,785,0.414466737064414,0.004,"***",TRUE
"PFOS","milbase",5,"cov","tobit",0.753039679674741,0.163122659492689,3.9045133119967e-06,1894,0.414466737064414,0.004,"***",TRUE
"PFOS","milbase",5,"raw","detect",0.139493032258546,0.0519578871551284,0.00731782530661702,2032,0.415846456692913,0.004,"***",TRUE
"PFOS","milbase",5,"raw","intensive",0.320194751390295,0.096634444164,0.000960758830193943,845,0.415846456692913,0.004,"***",TRUE
"PFOS","milbase",5,"raw","tobit",0.528235220834728,0.138990068041671,0.000144389880650583,2032,0.415846456692913,0.004,"***",TRUE
"PFOS","milbase",10,"cov","detect",0.131256647216125,0.0301280077050803,1.39460755213727e-05,1894,0.414466737064414,0.004,"***",TRUE
"PFOS","milbase",10,"cov","intensive",0.20181565087098,0.0558040555550804,0.000319721668916079,785,0.414466737064414,0.004,"***",TRUE
"PFOS","milbase",10,"cov","tobit",0.449025793719292,0.0788153115491017,1.21798268901822e-08,1894,0.414466737064414,0.004,"***",TRUE
"PFOS","milbase",10,"raw","detect",0.0711306641346948,0.0242992713342766,0.00345749573563176,2032,0.415846456692913,0.004,"***",TRUE
"PFOS","milbase",10,"raw","intensive",0.18668360355376,0.0433375590177972,1.84416123588927e-05,845,0.415846456692913,0.004,"***",TRUE
"PFOS","milbase",10,"raw","tobit",0.287523965253233,0.0645128934167469,8.31747035315635e-06,2032,0.415846456692913,0.004,"***",TRUE
"PFOS","milbase",25,"cov","detect",0.0628071732493857,0.0136540119088916,4.51920930806999e-06,1894,0.414466737064414,0.004,"***",TRUE
"PFOS","milbase",25,"cov","intensive",0.0559154725133193,0.0254542291798892,0.0283634478597707,785,0.414466737064414,0.004,"**",TRUE
"PFOS","milbase",25,"cov","tobit",0.191497142545446,0.0358927664827177,9.54091939581863e-08,1894,0.414466737064414,0.004,"***",TRUE
"PFOS","milbase",25,"raw","detect",0.0258145843630746,0.0108435204396276,0.0173740880860489,2032,0.415846456692913,0.004,"**",TRUE
"PFOS","milbase",25,"raw","intensive",0.0657818562513662,0.0189873927337548,0.000558013967380548,845,0.415846456692913,0.004,"***",TRUE
"PFOS","milbase",25,"raw","tobit",0.104779426273278,0.0289094578465233,0.000289633549687389,2032,0.415846456692913,0.004,"***",TRUE
"PFOS","milfire",5,"cov","detect",0.224547512814351,0.0947840288430544,0.0179382889164464,1894,0.414466737064414,0.004,"**",TRUE
"PFOS","milfire",5,"cov","intensive",-0.30741802491103,0.195610581861411,0.116492454321812,785,0.414466737064414,0.004,"",FALSE
"PFOS","milfire",5,"cov","tobit",0.47905882497792,0.253165638193326,0.0584544463501375,1894,0.414466737064414,0.004,"*",FALSE
"PFOS","milfire",5,"raw","detect",0.192098743461238,0.0792654170130345,0.0154591909832431,2032,0.415846456692913,0.004,"**",TRUE
"PFOS","milfire",5,"raw","intensive",-0.0766797281244442,0.154395808211313,0.619569707585448,845,0.415846456692913,0.004,"",FALSE
"PFOS","milfire",5,"raw","tobit",0.432466506851511,0.215815437638364,0.0450837765055726,2032,0.415846456692913,0.004,"**",TRUE
"PFOS","milfire",10,"cov","detect",0.220906125187427,0.048964263470588,6.84709636249245e-06,1894,0.414466737064414,0.004,"***",TRUE
"PFOS","milfire",10,"cov","intensive",-0.0774042614411208,0.0986699802421185,0.433021963838163,785,0.414466737064414,0.004,"",FALSE
"PFOS","milfire",10,"cov","tobit",0.545063203478192,0.130968568322845,3.15767678244209e-05,1894,0.414466737064414,0.004,"***",TRUE
"PFOS","milfire",10,"raw","detect",0.14493749692289,0.0381083345047085,0.000146998935869878,2032,0.415846456692913,0.004,"***",TRUE
"PFOS","milfire",10,"raw","intensive",0.0557994398346628,0.0732763310068141,0.446575410827369,845,0.415846456692913,0.004,"",FALSE
"PFOS","milfire",10,"raw","tobit",0.387347450471357,0.103308844617564,0.00017724948366681,2032,0.415846456692913,0.004,"***",TRUE
"PFOS","milfire",25,"cov","detect",0.129037346179353,0.0204967438503129,3.83311300548863e-10,1894,0.414466737064414,0.004,"***",TRUE
"PFOS","milfire",25,"cov","intensive",-0.00822382099482481,0.0401931254969745,0.837937233569051,785,0.414466737064414,0.004,"",FALSE
"PFOS","milfire",25,"cov","tobit",0.331215650630661,0.0552167077750387,1.99187850560622e-09,1894,0.414466737064414,0.004,"***",TRUE
"PFOS","milfire",25,"raw","detect",0.0795733716000508,0.0153786126891244,2.51321522033937e-07,2032,0.415846456692913,0.004,"***",TRUE
"PFOS","milfire",25,"raw","intensive",0.0408020011302553,0.0289139318661015,0.1585682466429,845,0.415846456692913,0.004,"",FALSE
"PFOS","milfire",25,"raw","tobit",0.217275449828048,0.0416316905841476,1.79899772602751e-07,2032,0.415846456692913,0.004,"***",TRUE
"PFOS","milfire+milbase",5,"cov","detect",0.20523083005642,0.0569810880771632,0.000324603407906569,1894,0.414466737064414,0.004,"***",TRUE
"PFOS","milfire+milbase",5,"cov","intensive",0.276268718763609,0.109829789939524,0.0121082105402257,785,0.414466737064414,0.004,"**",TRUE
"PFOS","milfire+milbase",5,"cov","tobit",0.684984335705337,0.150675403027163,5.46509979074424e-06,1894,0.414466737064414,0.004,"***",TRUE
"PFOS","milfire+milbase",5,"raw","detect",0.119500135315881,0.0468774695719733,0.0108699605342769,2032,0.415846456692913,0.004,"**",TRUE
"PFOS","milfire+milbase",5,"raw","intensive",0.214059340943283,0.08692411062738,0.0139923339139709,845,0.415846456692913,0.004,"**",TRUE
"PFOS","milfire+milbase",5,"raw","tobit",0.418754707214051,0.125861290650588,0.000877508545510483,2032,0.415846456692913,0.004,"***",TRUE
"PFOS","milfire+milbase",10,"cov","detect",0.134490206929131,0.0273842078416738,9.86269111718356e-07,1894,0.414466737064414,0.004,"***",TRUE
"PFOS","milfire+milbase",10,"cov","intensive",0.130343653624744,0.0513956265824365,0.0114229017028851,785,0.414466737064414,0.004,"**",TRUE
"PFOS","milfire+milbase",10,"cov","tobit",0.417058768065414,0.0723333388420516,8.12767035203974e-09,1894,0.414466737064414,0.004,"***",TRUE
"PFOS","milfire+milbase",10,"raw","detect",0.0631560590971025,0.0216235390344494,0.00353089422678662,2032,0.415846456692913,0.004,"***",TRUE
"PFOS","milfire+milbase",10,"raw","intensive",0.133840467885321,0.0389319225488297,0.000615173683278847,845,0.415846456692913,0.004,"***",TRUE
"PFOS","milfire+milbase",10,"raw","tobit",0.235624174860427,0.0577580256477804,4.51316304840212e-05,2032,0.415846456692913,0.004,"***",TRUE
"PFOS","milfire+milbase",25,"cov","detect",0.0630775177510093,0.0123478422725569,3.5907802016389e-07,1894,0.414466737064414,0.004,"***",TRUE
"PFOS","milfire+milbase",25,"cov","intensive",0.031140575273827,0.0231586734918034,0.179163392474498,785,0.414466737064414,0.004,"",FALSE
"PFOS","milfire+milbase",25,"cov","tobit",0.177558795960305,0.0326986284715617,5.63034384450665e-08,1894,0.414466737064414,0.004,"***",TRUE
"PFOS","milfire+milbase",25,"raw","detect",0.0246247970044723,0.00958161897114596,0.0102404998825104,2032,0.415846456692913,0.004,"**",TRUE
"PFOS","milfire+milbase",25,"raw","intensive",0.0455731728468833,0.0169837231940807,0.00743185204439795,845,0.415846456692913,0.004,"***",TRUE
"PFOS","milfire+milbase",25,"raw","tobit",0.0885308939159301,0.0256547500352216,0.000558807939882877,2032,0.415846456692913,0.004,"***",TRUE
"PFOS","milfire+milsusp",5,"cov","detect",0.295515241913184,0.0765780847729803,0.000117831398729454,1894,0.414466737064414,0.004,"***",TRUE
"PFOS","milfire+milsusp",5,"cov","intensive",0.245473370029324,0.149562933988349,0.10118332263928,785,0.414466737064414,0.004,"",FALSE
"PFOS","milfire+milsusp",5,"cov","tobit",0.946291491759488,0.201513065995596,2.6539487897401e-06,1894,0.414466737064414,0.004,"***",TRUE
"PFOS","milfire+milsusp",5,"raw","detect",0.220183968894814,0.0619018809548229,0.00038373729503664,2032,0.415846456692913,0.004,"***",TRUE
"PFOS","milfire+milsusp",5,"raw","intensive",0.330012896248755,0.117871042391989,0.00523064050821345,845,0.415846456692913,0.004,"***",TRUE
"PFOS","milfire+milsusp",5,"raw","tobit",0.725238064153972,0.166142010547471,1.27024128208926e-05,2032,0.415846456692913,0.004,"***",TRUE
"PFOS","milfire+milsusp",10,"cov","detect",0.223090932103239,0.0375204728989276,3.29105228755706e-09,1894,0.414466737064414,0.004,"***",TRUE
"PFOS","milfire+milsusp",10,"cov","intensive",0.156945338359887,0.0718625916056644,0.0292909250646615,785,0.414466737064414,0.004,"**",TRUE
"PFOS","milfire+milsusp",10,"cov","tobit",0.674729046048102,0.099152347697704,1.01068210757797e-11,1894,0.414466737064414,0.004,"***",TRUE
"PFOS","milfire+milsusp",10,"raw","detect",0.142799272134406,0.029011079767781,9.24631732325791e-07,2032,0.415846456692913,0.004,"***",TRUE
"PFOS","milfire+milsusp",10,"raw","intensive",0.204960719987068,0.0536920285982336,0.000144771739975105,845,0.415846456692913,0.004,"***",TRUE
"PFOS","milfire+milsusp",10,"raw","tobit",0.465345586464615,0.0774703558661192,1.89271098843043e-09,2032,0.415846456692913,0.004,"***",TRUE
"PFOS","milfire+milsusp",25,"cov","detect",0.114467183615874,0.0159834715148347,1.15383463119667e-12,1894,0.414466737064414,0.004,"***",TRUE
"PFOS","milfire+milsusp",25,"cov","intensive",0.0574504597936954,0.0309085370391657,0.0634791859152115,785,0.414466737064414,0.004,"*",FALSE
"PFOS","milfire+milsusp",25,"cov","tobit",0.330386128092007,0.0427094404888578,1.02860130111503e-14,1894,0.414466737064414,0.004,"***",TRUE
"PFOS","milfire+milsusp",25,"raw","detect",0.0719168491514313,0.0121724280421334,4.04632705286702e-09,2032,0.415846456692913,0.004,"***",TRUE
"PFOS","milfire+milsusp",25,"raw","intensive",0.0784191658870148,0.0222577999875913,0.000449262747852653,845,0.415846456692913,0.004,"***",TRUE
"PFOS","milfire+milsusp",25,"raw","tobit",0.220110016828944,0.0326248105106336,1.51238904693544e-11,2032,0.415846456692913,0.004,"***",TRUE
"PFOS","milfire+milsusp+milbase",5,"cov","detect",0.173933664178158,0.0510375901195597,0.000668822250496716,1894,0.414466737064414,0.004,"***",TRUE
"PFOS","milfire+milsusp+milbase",5,"cov","intensive",0.27974998949448,0.0993803924544423,0.00501358548038163,785,0.414466737064414,0.004,"***",TRUE
"PFOS","milfire+milsusp+milbase",5,"cov","tobit",0.62423194229606,0.135606239080345,4.15911263362151e-06,1894,0.414466737064414,0.004,"***",TRUE
"PFOS","milfire+milsusp+milbase",5,"raw","detect",0.0968094712736625,0.0415374988712687,0.0198691975463128,2032,0.415846456692913,0.004,"**",TRUE
"PFOS","milfire+milsusp+milbase",5,"raw","intensive",0.227292886510603,0.078592622338598,0.00392598099626391,845,0.415846456692913,0.004,"***",TRUE
"PFOS","milfire+milsusp+milbase",5,"raw","tobit",0.369534956082876,0.111921862476471,0.000960930121715818,2032,0.415846456692913,0.004,"***",TRUE
"PFOS","milfire+milsusp+milbase",10,"cov","detect",0.117609354145842,0.0249493918333056,2.61519294806588e-06,1894,0.414466737064414,0.004,"***",TRUE
"PFOS","milfire+milsusp+milbase",10,"cov","intensive",0.132962177911575,0.0473837168957676,0.00515208874596513,785,0.414466737064414,0.004,"***",TRUE
"PFOS","milfire+milsusp+milbase",10,"cov","tobit",0.384271390786673,0.0661113313238091,6.15507034096417e-09,1894,0.414466737064414,0.004,"***",TRUE
"PFOS","milfire+milsusp+milbase",10,"raw","detect",0.0544898609687283,0.019694516742146,0.00571308605589107,2032,0.415846456692913,0.004,"***",TRUE
"PFOS","milfire+milsusp+milbase",10,"raw","intensive",0.136002739432412,0.0359825031309776,0.000168083111450129,845,0.415846456692913,0.004,"***",TRUE
"PFOS","milfire+milsusp+milbase",10,"raw","tobit",0.215109256121125,0.0527473878409343,4.54047426776325e-05,2032,0.415846456692913,0.004,"***",TRUE
"PFOS","milfire+milsusp+milbase",25,"cov","detect",0.0590531476373458,0.0117258477755029,5.22123547706081e-07,1894,0.414466737064414,0.004,"***",TRUE
"PFOS","milfire+milsusp+milbase",25,"cov","intensive",0.0389299003780777,0.0223268471474269,0.0816547496307262,785,0.414466737064414,0.004,"*",FALSE
"PFOS","milfire+milsusp+milbase",25,"cov","tobit",0.175189777941341,0.0311393941130456,1.84451903092437e-08,1894,0.414466737064414,0.004,"***",TRUE
"PFOS","milfire+milsusp+milbase",25,"raw","detect",0.0231715620526671,0.00915222668411794,0.0114228957805225,2032,0.415846456692913,0.004,"**",TRUE
"PFOS","milfire+milsusp+milbase",25,"raw","intensive",0.0506590207337835,0.0164353489008115,0.00212075819095453,845,0.415846456692913,0.004,"***",TRUE
"PFOS","milfire+milsusp+milbase",25,"raw","tobit",0.0880962539424762,0.0245824097848031,0.000338746795268025,2032,0.415846456692913,0.004,"***",TRUE
"PFOS","milsusp",5,"cov","detect",0.45162453505881,0.131439058510275,0.000603671835583317,1894,0.414466737064414,0.004,"***",TRUE
"PFOS","milsusp",5,"cov","intensive",1.02552193791489,0.238469672246697,1.9429052330747e-05,785,0.414466737064414,0.004,"***",TRUE
"PFOS","milsusp",5,"cov","tobit",1.83581593068524,0.339457591182578,6.37017486477237e-08,1894,0.414466737064414,0.004,"***",TRUE
"PFOS","milsusp",5,"raw","detect",0.324987439068621,0.108496305639875,0.0027742172678514,2032,0.415846456692913,0.004,"***",TRUE
"PFOS","milsusp",5,"raw","intensive",1.05092529029419,0.198820033802911,1.59506853319113e-07,845,0.415846456692913,0.004,"***",TRUE
"PFOS","milsusp",5,"raw","tobit",1.39190203809155,0.284613398523758,1.00579776999646e-06,2032,0.415846456692913,0.004,"***",TRUE
"PFOS","milsusp",10,"cov","detect",0.356113143322744,0.0715711621063205,7.1176413514659e-07,1894,0.414466737064414,0.004,"***",TRUE
"PFOS","milsusp",10,"cov","intensive",0.639771190421534,0.131960820156679,1.53106820070071e-06,785,0.414466737064414,0.004,"***",TRUE
"PFOS","milsusp",10,"cov","tobit",1.31787930794866,0.185368738167354,1.16462899673522e-12,1894,0.414466737064414,0.004,"***",TRUE
"PFOS","milsusp",10,"raw","detect",0.248328070791231,0.0583749000755098,2.19507917822301e-05,2032,0.415846456692913,0.004,"***",TRUE
"PFOS","milsusp",10,"raw","intensive",0.678784219837793,0.105922978435062,2.445874272129e-10,845,0.415846456692913,0.004,"***",TRUE
"PFOS","milsusp",10,"raw","tobit",0.985827457399772,0.152188135896939,9.31378965091711e-11,2032,0.415846456692913,0.004,"***",TRUE
"PFOS","milsusp",25,"cov","detect",0.24649279855682,0.0390564495183638,3.47148168821092e-10,1894,0.414466737064414,0.004,"***",TRUE
"PFOS","milsusp",25,"cov","intensive",0.348107437192355,0.0750945141601084,4.23478493632876e-06,785,0.414466737064414,0.004,"***",TRUE
"PFOS","milsusp",25,"cov","tobit",0.848977160030137,0.102629480793822,1.31449596745293e-16,1894,0.414466737064414,0.004,"***",TRUE
"PFOS","milsusp",25,"raw","detect",0.175298662504453,0.0319810508279625,4.74697181225546e-08,2032,0.415846456692913,0.004,"***",TRUE
"PFOS","milsusp",25,"raw","intensive",0.371181348437411,0.0579713993366025,2.53055261071601e-10,845,0.415846456692913,0.004,"***",TRUE
"PFOS","milsusp",25,"raw","tobit",0.63861720947163,0.0842733264412222,3.51116847822776e-14,2032,0.415846456692913,0.004,"***",TRUE
"PFOS","milsusp+milbase",5,"cov","detect",0.170461750128025,0.0543490022794923,0.00173762009465264,1894,0.414466737064414,0.004,"***",TRUE
"PFOS","milsusp+milbase",5,"cov","intensive",0.392064016923653,0.106319362044195,0.000243627822808684,785,0.414466737064414,0.004,"***",TRUE
"PFOS","milsusp+milbase",5,"cov","tobit",0.669499593444542,0.143636511853177,3.14572289305769e-06,1894,0.414466737064414,0.004,"***",TRUE
"PFOS","milsusp+milbase",5,"raw","detect",0.110553911085436,0.0449036628570099,0.0138980949315625,2032,0.415846456692913,0.004,"**",TRUE
"PFOS","milsusp+milbase",5,"raw","intensive",0.307401032377862,0.0855474891061371,0.000345398530413906,845,0.415846456692913,0.004,"***",TRUE
"PFOS","milsusp+milbase",5,"raw","tobit",0.446412880290696,0.120620438908344,0.00021477508428403,2032,0.415846456692913,0.004,"***",TRUE
"PFOS","milsusp+milbase",10,"cov","detect",0.113569091431519,0.0269295051704018,2.59450468330289e-05,1894,0.414466737064414,0.004,"***",TRUE
"PFOS","milsusp+milbase",10,"cov","intensive",0.19189202327737,0.0510111499225696,0.000182609345857771,785,0.414466737064414,0.004,"***",TRUE
"PFOS","milsusp+milbase",10,"cov","tobit",0.40663015369377,0.0708474144568219,9.49452589931979e-09,1894,0.414466737064414,0.004,"***",TRUE
"PFOS","milsusp+milbase",10,"raw","detect",0.0600473957475831,0.021649967783241,0.00559543906613234,2032,0.415846456692913,0.004,"***",TRUE
"PFOS","milsusp+milbase",10,"raw","intensive",0.178204788057875,0.0394096913957602,7.00762952684057e-06,845,0.415846456692913,0.004,"***",TRUE
"PFOS","milsusp+milbase",10,"raw","tobit",0.25348262490759,0.0577018434413877,1.11811155154234e-05,2032,0.415846456692913,0.004,"***",TRUE
"PFOS","milsusp+milbase",25,"cov","detect",0.0586383231906242,0.0128104391337768,5.02767955400668e-06,1894,0.414466737064414,0.004,"***",TRUE
"PFOS","milsusp+milbase",25,"cov","intensive",0.0613747737637417,0.0243749453967072,0.0120227370434378,785,0.414466737064414,0.004,"**",TRUE
"PFOS","milsusp+milbase",25,"cov","tobit",0.187502453021512,0.0338195305067915,2.9529057627717e-08,1894,0.414466737064414,0.004,"***",TRUE
"PFOS","milsusp+milbase",25,"raw","detect",0.0243351922926709,0.0102151458987041,0.0172980704544444,2032,0.415846456692913,0.004,"**",TRUE
"PFOS","milsusp+milbase",25,"raw","intensive",0.0687549029507195,0.0181879379326918,0.000167714215119133,845,0.415846456692913,0.004,"***",TRUE
"PFOS","milsusp+milbase",25,"raw","tobit",0.10256295282573,0.0273441225819064,0.000176255377232771,2032,0.415846456692913,0.004,"***",TRUE
"PFPeA","airport",5,"cov","detect",0.0460986781444777,0.0407369993555127,0.257945008775533,1894,0.453009503695882,0.003,"",FALSE
"PFPeA","airport",5,"cov","intensive",0.105194087482643,0.0679926295519124,0.122234171402575,858,0.453009503695882,0.003,"",FALSE
"PFPeA","airport",5,"cov","tobit",0.145612783183121,0.0932149660945925,0.118260176095737,1894,0.453009503695882,0.003,"",FALSE
"PFPeA","airport",5,"raw","detect",0.0650142805786248,0.038250910781674,0.0893444659970115,2032,0.455216535433071,0.003,"*",FALSE
"PFPeA","airport",5,"raw","intensive",0.124680758513947,0.061242179951047,0.0420491240131372,925,0.455216535433071,0.003,"**",TRUE
"PFPeA","airport",5,"raw","tobit",0.226863172739262,0.091225135985589,0.0128879951655234,2032,0.455216535433071,0.003,"**",TRUE
"PFPeA","airport",10,"cov","detect",0.0457093141207143,0.0193818567546577,0.0184616036649279,1894,0.453009503695882,0.003,"**",TRUE
"PFPeA","airport",10,"cov","intensive",0.0681233277476262,0.0343108846565323,0.0474407748932734,858,0.453009503695882,0.003,"**",TRUE
"PFPeA","airport",10,"cov","tobit",0.12300410216536,0.0451819392842369,0.00648062123427247,1894,0.453009503695882,0.003,"***",TRUE
"PFPeA","airport",10,"raw","detect",0.0353691631009618,0.0178132650946078,0.0472174398528994,2032,0.455216535433071,0.003,"**",TRUE
"PFPeA","airport",10,"raw","intensive",0.0686138738150966,0.0301377149522688,0.0230336510123286,925,0.455216535433071,0.003,"**",TRUE
"PFPeA","airport",10,"raw","tobit",0.122363249045049,0.043163586563548,0.00458440294866614,2032,0.455216535433071,0.003,"***",TRUE
"PFPeA","airport",25,"cov","detect",0.0267174447198979,0.00875232183016974,0.00230151348493637,1894,0.453009503695882,0.003,"***",TRUE
"PFPeA","airport",25,"cov","intensive",0.0332242830338739,0.0171339129533471,0.0528491879344573,858,0.453009503695882,0.003,"*",FALSE
"PFPeA","airport",25,"cov","tobit",0.069617552177409,0.0209887856308434,0.000910245310257157,1894,0.453009503695882,0.003,"***",TRUE
"PFPeA","airport",25,"raw","detect",0.0142030941063436,0.00767204107626925,0.0642744690429467,2032,0.455216535433071,0.003,"*",FALSE
"PFPeA","airport",25,"raw","intensive",0.0328279819924818,0.014300243794613,0.0219208363712115,925,0.455216535433071,0.003,"**",TRUE
"PFPeA","airport",25,"raw","tobit",0.0513237464464663,0.0190859382759748,0.00716477665834455,2032,0.455216535433071,0.003,"***",TRUE
"PFPeA","airport+milbase",5,"cov","detect",0.00491717632235293,0.03431008350067,0.886056703915625,1894,0.453009503695882,0.003,"",FALSE
"PFPeA","airport+milbase",5,"cov","intensive",0.0761218590091089,0.0611157004574922,0.213307527353317,858,0.453009503695882,0.003,"",FALSE
"PFPeA","airport+milbase",5,"cov","tobit",0.038746814579363,0.0799686556003751,0.628013311062428,1894,0.453009503695882,0.003,"",FALSE
"PFPeA","airport+milbase",5,"raw","detect",0.0624146535694111,0.0311264129189244,0.0450743004489279,2032,0.455216535433071,0.003,"**",TRUE
"PFPeA","airport+milbase",5,"raw","intensive",0.137665440550218,0.0538093794080495,0.010674381814825,925,0.455216535433071,0.003,"**",TRUE
"PFPeA","airport+milbase",5,"raw","tobit",0.225534812261955,0.0757051475225783,0.00289076381435562,2032,0.455216535433071,0.003,"***",TRUE
"PFPeA","airport+milbase",10,"cov","detect",0.0217435561817049,0.016422311781806,0.185661362367088,1894,0.453009503695882,0.003,"",FALSE
"PFPeA","airport+milbase",10,"cov","intensive",0.058961401677648,0.0310782118981386,0.0581704771719011,858,0.453009503695882,0.003,"*",FALSE
"PFPeA","airport+milbase",10,"cov","tobit",0.0675927447102743,0.0389750181091639,0.0828722807348872,1894,0.453009503695882,0.003,"*",FALSE
"PFPeA","airport+milbase",10,"raw","detect",0.0381596080890756,0.0146160996734214,0.00909974082248762,2032,0.455216535433071,0.003,"***",TRUE
"PFPeA","airport+milbase",10,"raw","intensive",0.0822792869584353,0.0266140606622552,0.0020507749899348,925,0.455216535433071,0.003,"***",TRUE
"PFPeA","airport+milbase",10,"raw","tobit",0.134486276037984,0.0360062023808872,0.000187650767245892,2032,0.455216535433071,0.003,"***",TRUE
"PFPeA","airport+milbase",25,"cov","detect",0.020489740442611,0.00832323189727634,0.0139183801458582,1894,0.453009503695882,0.003,"**",TRUE
"PFPeA","airport+milbase",25,"cov","intensive",0.0368591581282379,0.0169358231374366,0.029823793905975,858,0.453009503695882,0.003,"**",TRUE
"PFPeA","airport+milbase",25,"cov","tobit",0.0585776662412863,0.0201391603570092,0.00362998903624927,1894,0.453009503695882,0.003,"***",TRUE
"PFPeA","airport+milbase",25,"raw","detect",0.0213025384362946,0.00719361760722493,0.00309887197590671,2032,0.455216535433071,0.003,"***",TRUE
"PFPeA","airport+milbase",25,"raw","intensive",0.0466658722575857,0.013945993149563,0.000852379684201693,925,0.455216535433071,0.003,"***",TRUE
"PFPeA","airport+milbase",25,"raw","tobit",0.0744488095546058,0.0180432990559603,3.68935482903507e-05,2032,0.455216535433071,0.003,"***",TRUE
"PFPeA","airport+milfire",5,"cov","detect",0.0479672819259395,0.0381470680692046,0.208759606692801,1894,0.453009503695882,0.003,"",FALSE
"PFPeA","airport+milfire",5,"cov","intensive",0.0548387982430615,0.065002563313938,0.399128282370076,858,0.453009503695882,0.003,"",FALSE
"PFPeA","airport+milfire",5,"cov","tobit",0.111788700227814,0.0878754987023115,0.203328380646571,1894,0.453009503695882,0.003,"",FALSE
"PFPeA","airport+milfire",5,"raw","detect",0.083429975566918,0.0347014865197082,0.0162961515516964,2032,0.455216535433071,0.003,"**",TRUE
"PFPeA","airport+milfire",5,"raw","intensive",0.105099701004289,0.0574065622661537,0.0674532744862253,925,0.455216535433071,0.003,"*",FALSE
"PFPeA","airport+milfire",5,"raw","tobit",0.249010293824329,0.0835126464256258,0.00286645614179887,2032,0.455216535433071,0.003,"***",TRUE
"PFPeA","airport+milfire",10,"cov","detect",0.0369491098459847,0.0182231675644479,0.042747975811103,1894,0.453009503695882,0.003,"**",TRUE
"PFPeA","airport+milfire",10,"cov","intensive",0.0374154984082754,0.0330132460238409,0.25741545568836,858,0.453009503695882,0.003,"",FALSE
"PFPeA","airport+milfire",10,"cov","tobit",0.0857133120261272,0.0428216174873876,0.0453238417375157,1894,0.453009503695882,0.003,"**",TRUE
"PFPeA","airport+milfire",10,"raw","detect",0.0405131198174235,0.016148654500523,0.0121929127448309,2032,0.455216535433071,0.003,"**",TRUE
"PFPeA","airport+milfire",10,"raw","intensive",0.0572950751088052,0.0281607655811223,0.0421794662740545,925,0.455216535433071,0.003,"**",TRUE
"PFPeA","airport+milfire",10,"raw","tobit",0.124948662773904,0.0394697118535038,0.00154718403202745,2032,0.455216535433071,0.003,"***",TRUE
"PFPeA","airport+milfire",25,"cov","detect",0.0217618101240197,0.00854882885062011,0.0109914124040987,1894,0.453009503695882,0.003,"**",TRUE
"PFPeA","airport+milfire",25,"cov","intensive",0.0193520817204389,0.0169714291349126,0.254521220598549,858,0.453009503695882,0.003,"",FALSE
"PFPeA","airport+milfire",25,"cov","tobit",0.0519455937219394,0.0205906817014993,0.0116433890218525,1894,0.453009503695882,0.003,"**",TRUE
"PFPeA","airport+milfire",25,"raw","detect",0.0156955448123895,0.00729159622736274,0.0314713858072658,2032,0.455216535433071,0.003,"**",TRUE
"PFPeA","airport+milfire",25,"raw","intensive",0.0283271255431755,0.013726646256701,0.0393290816208354,925,0.455216535433071,0.003,"**",TRUE
"PFPeA","airport+milfire",25,"raw","tobit",0.051855688005237,0.0182008647839975,0.00438460949630096,2032,0.455216535433071,0.003,"***",TRUE
"PFPeA","airport+milfire+milbase",5,"cov","detect",0.0201505726730724,0.0336629382892204,0.549515583322228,1894,0.453009503695882,0.003,"",FALSE
"PFPeA","airport+milfire+milbase",5,"cov","intensive",0.0330515087819468,0.0600179035592438,0.582000630829761,858,0.453009503695882,0.003,"",FALSE
"PFPeA","airport+milfire+milbase",5,"cov","tobit",0.0420208416555673,0.0784812547262415,0.592355867081294,1894,0.453009503695882,0.003,"",FALSE
"PFPeA","airport+milfire+milbase",5,"raw","detect",0.0758444834428775,0.0299448446632184,0.0113901100756115,2032,0.455216535433071,0.003,"**",TRUE
"PFPeA","airport+milfire+milbase",5,"raw","intensive",0.108980938131696,0.0520697909521044,0.0366236088376922,925,0.455216535433071,0.003,"**",TRUE
"PFPeA","airport+milfire+milbase",5,"raw","tobit",0.234440811017625,0.0729267385798478,0.00130560803517665,2032,0.455216535433071,0.003,"***",TRUE
"PFPeA","airport+milfire+milbase",10,"cov","detect",0.0252366241294831,0.0161400992368125,0.118086373810104,1894,0.453009503695882,0.003,"",FALSE
"PFPeA","airport+milfire+milbase",10,"cov","intensive",0.0343237632939907,0.0306031697939214,0.262387281135034,858,0.453009503695882,0.003,"",FALSE
"PFPeA","airport+milfire+milbase",10,"cov","tobit",0.060677270116515,0.0383504261044403,0.113608526745528,1894,0.453009503695882,0.003,"",FALSE
"PFPeA","airport+milfire+milbase",10,"raw","detect",0.0412293685820203,0.0140088445746783,0.00328634688388971,2032,0.455216535433071,0.003,"***",TRUE
"PFPeA","airport+milfire+milbase",10,"raw","intensive",0.0651627460435086,0.0255689217958771,0.0109792433790238,925,0.455216535433071,0.003,"**",TRUE
"PFPeA","airport+milfire+milbase",10,"raw","tobit",0.130554156859071,0.0345598766388651,0.000158332828494083,2032,0.455216535433071,0.003,"***",TRUE
"PFPeA","airport+milfire+milbase",25,"cov","detect",0.0206990789604136,0.00829281570971826,0.0126474884092947,1894,0.453009503695882,0.003,"**",TRUE
"PFPeA","airport+milfire+milbase",25,"cov","intensive",0.024996355745578,0.0168713294389527,0.138852827439854,858,0.453009503695882,0.003,"",FALSE
"PFPeA","airport+milfire+milbase",25,"cov","tobit",0.0531357544350034,0.0200776537595546,0.00813265857988568,1894,0.453009503695882,0.003,"***",TRUE
"PFPeA","airport+milfire+milbase",25,"raw","detect",0.0214334326964448,0.00702134041347098,0.00229801086567521,2032,0.455216535433071,0.003,"***",TRUE
"PFPeA","airport+milfire+milbase",25,"raw","intensive",0.0383714996858865,0.0135765142817273,0.00481038113958418,925,0.455216535433071,0.003,"***",TRUE
"PFPeA","airport+milfire+milbase",25,"raw","tobit",0.0701609478109061,0.0176221039326677,6.85055836354167e-05,2032,0.455216535433071,0.003,"***",TRUE
"PFPeA","airport+milfire+milsusp",5,"cov","detect",0.0488205302858911,0.0361664610647284,0.177221489155072,1894,0.453009503695882,0.003,"",FALSE
"PFPeA","airport+milfire+milsusp",5,"cov","intensive",0.0552090133266931,0.063138324128588,0.38216147925666,858,0.453009503695882,0.003,"",FALSE
"PFPeA","airport+milfire+milsusp",5,"cov","tobit",0.115093936035968,0.0837535429397027,0.169380277689861,1894,0.453009503695882,0.003,"",FALSE
"PFPeA","airport+milfire+milsusp",5,"raw","detect",0.102592938735265,0.0324882825853843,0.00161276432358377,2032,0.455216535433071,0.003,"***",TRUE
"PFPeA","airport+milfire+milsusp",5,"raw","intensive",0.123659533807829,0.0545810973468182,0.0237061705852747,925,0.455216535433071,0.003,"**",TRUE
"PFPeA","airport+milfire+milsusp",5,"raw","tobit",0.301311972972671,0.0783900757569288,0.000121167691232885,2032,0.455216535433071,0.003,"***",TRUE
"PFPeA","airport+milfire+milsusp",10,"cov","detect",0.0367392334204027,0.0172198494498967,0.0330142262353243,1894,0.453009503695882,0.003,"**",TRUE
"PFPeA","airport+milfire+milsusp",10,"cov","intensive",0.0353419900485344,0.0318871669304371,0.268053500918766,858,0.453009503695882,0.003,"",FALSE
"PFPeA","airport+milfire+milsusp",10,"cov","tobit",0.0851912915101101,0.0406313759870561,0.0360212622164792,1894,0.453009503695882,0.003,"**",TRUE
"PFPeA","airport+milfire+milsusp",10,"raw","detect",0.0482882391310682,0.0151392679308032,0.0014464179415059,2032,0.455216535433071,0.003,"***",TRUE
"PFPeA","airport+milfire+milsusp",10,"raw","intensive",0.0638386009295545,0.0267654035777083,0.0172746734478666,925,0.455216535433071,0.003,"**",TRUE
"PFPeA","airport+milfire+milsusp",10,"raw","tobit",0.145507245326313,0.0370822648378688,8.71254847878913e-05,2032,0.455216535433071,0.003,"***",TRUE
"PFPeA","airport+milfire+milsusp",25,"cov","detect",0.0215081665281151,0.00829078752577568,0.00955674561759797,1894,0.453009503695882,0.003,"***",TRUE
"PFPeA","airport+milfire+milsusp",25,"cov","intensive",0.0179646384305414,0.0166370442427215,0.280565290926945,858,0.453009503695882,0.003,"",FALSE
"PFPeA","airport+milfire+milsusp",25,"cov","tobit",0.0509536361611796,0.020007499147116,0.0108738496586664,1894,0.453009503695882,0.003,"**",TRUE
"PFPeA","airport+milfire+milsusp",25,"raw","detect",0.0184381468867542,0.00706761108920565,0.00915210503683557,2032,0.455216535433071,0.003,"***",TRUE
"PFPeA","airport+milfire+milsusp",25,"raw","intensive",0.0303736549510068,0.0133977778486651,0.0236167515371917,925,0.455216535433071,0.003,"**",TRUE
"PFPeA","airport+milfire+milsusp",25,"raw","tobit",0.0590704224368996,0.0176627148731067,0.000824735631225328,2032,0.455216535433071,0.003,"***",TRUE
"PFPeA","airport+milfire+milsusp+milbase",5,"cov","detect",0.0248596717366046,0.0323710369910407,0.442610661570004,1894,0.453009503695882,0.003,"",FALSE
"PFPeA","airport+milfire+milsusp+milbase",5,"cov","intensive",0.0368423851576151,0.0577824103551654,0.523917124142916,858,0.453009503695882,0.003,"",FALSE
"PFPeA","airport+milfire+milsusp+milbase",5,"cov","tobit",0.0560616101388954,0.0753931989748843,0.457124704859083,1894,0.453009503695882,0.003,"",FALSE
"PFPeA","airport+milfire+milsusp+milbase",5,"raw","detect",0.0836158417340463,0.0284271428609114,0.0033042227292042,2032,0.455216535433071,0.003,"***",TRUE
"PFPeA","airport+milfire+milsusp+milbase",5,"raw","intensive",0.120333375545052,0.0492389373562338,0.0147171228935366,925,0.455216535433071,0.003,"**",TRUE
"PFPeA","airport+milfire+milsusp+milbase",5,"raw","tobit",0.25827415481323,0.0690754256920602,0.000184741619490814,2032,0.455216535433071,0.003,"***",TRUE
"PFPeA","airport+milfire+milsusp+milbase",10,"cov","detect",0.0267746813695812,0.0156383377023599,0.0870457224651758,1894,0.453009503695882,0.003,"*",FALSE
"PFPeA","airport+milfire+milsusp+milbase",10,"cov","intensive",0.0343943504723487,0.0296017100980576,0.245628889520696,858,0.453009503695882,0.003,"",FALSE
"PFPeA","airport+milfire+milsusp+milbase",10,"cov","tobit",0.065036673487799,0.0371093902929726,0.0796764493637872,1894,0.453009503695882,0.003,"*",FALSE
"PFPeA","airport+milfire+milsusp+milbase",10,"raw","detect",0.0442737779567505,0.0134670462872436,0.00102782777455997,2032,0.455216535433071,0.003,"***",TRUE
"PFPeA","airport+milfire+milsusp+milbase",10,"raw","intensive",0.0687883350400403,0.0244477064516413,0.00500165240823478,925,0.455216535433071,0.003,"***",TRUE
"PFPeA","airport+milfire+milsusp+milbase",10,"raw","tobit",0.139399105818782,0.0331559006785994,2.6183020052329e-05,2032,0.455216535433071,0.003,"***",TRUE
"PFPeA","airport+milfire+milsusp+milbase",25,"cov","detect",0.0212818611075084,0.00816710419412924,0.00924087565840083,1894,0.453009503695882,0.003,"***",TRUE
"PFPeA","airport+milfire+milsusp+milbase",25,"cov","intensive",0.0245005029837472,0.0165904041386103,0.140135159410882,858,0.453009503695882,0.003,"",FALSE
"PFPeA","airport+milfire+milsusp+milbase",25,"cov","tobit",0.0544740003881327,0.0197630524336823,0.00584494129701432,1894,0.453009503695882,0.003,"***",TRUE
"PFPeA","airport+milfire+milsusp+milbase",25,"raw","detect",0.0228695847488742,0.00690347520325,0.000940008373146341,2032,0.455216535433071,0.003,"***",TRUE
"PFPeA","airport+milfire+milsusp+milbase",25,"raw","intensive",0.0396958909278137,0.0133194115207571,0.00295513948588911,925,0.455216535433071,0.003,"***",TRUE
"PFPeA","airport+milfire+milsusp+milbase",25,"raw","tobit",0.0741490721310972,0.0173172496764661,1.85384084633427e-05,2032,0.455216535433071,0.003,"***",TRUE
"PFPeA","airport+milsusp",5,"cov","detect",0.0459276022134463,0.038462138677947,0.232595270800894,1894,0.453009503695882,0.003,"",FALSE
"PFPeA","airport+milsusp",5,"cov","intensive",0.100440510979167,0.0658493900925082,0.127586948400103,858,0.453009503695882,0.003,"",FALSE
"PFPeA","airport+milsusp",5,"cov","tobit",0.142852676560395,0.088571533030178,0.106776905147397,1894,0.453009503695882,0.003,"",FALSE
"PFPeA","airport+milsusp",5,"raw","detect",0.0875382226193569,0.0356779227552924,0.0142281789910824,2032,0.455216535433071,0.003,"**",TRUE
"PFPeA","airport+milsusp",5,"raw","intensive",0.141029783550605,0.058339395552026,0.0158246145744758,925,0.455216535433071,0.003,"**",TRUE
"PFPeA","airport+milsusp",5,"raw","tobit",0.283577577329887,0.0854566725553671,0.000905417318010363,2032,0.455216535433071,0.003,"***",TRUE
"PFPeA","airport+milsusp",10,"cov","detect",0.0448643769489577,0.0183934601294286,0.0148171587555967,1894,0.453009503695882,0.003,"**",TRUE
"PFPeA","airport+milsusp",10,"cov","intensive",0.0622763392886129,0.0332140860112984,0.0611655017621348,858,0.453009503695882,0.003,"*",FALSE
"PFPeA","airport+milsusp",10,"cov","tobit",0.118555717168701,0.0430801291942079,0.00592358729870664,1894,0.453009503695882,0.003,"***",TRUE
"PFPeA","airport+milsusp",10,"raw","detect",0.0453957907440931,0.0168074626665795,0.00697204410372693,2032,0.455216535433071,0.003,"***",TRUE
"PFPeA","airport+milsusp",10,"raw","intensive",0.0743078922691764,0.0289459222496182,0.0104110295144036,925,0.455216535433071,0.003,"**",TRUE
"PFPeA","airport+milsusp",10,"raw","tobit",0.146774831248053,0.0408731960276056,0.000329436863088492,2032,0.455216535433071,0.003,"***",TRUE
"PFPeA","airport+milsusp",25,"cov","detect",0.0258247516457771,0.00850367600884736,0.00242434407030985,1894,0.453009503695882,0.003,"***",TRUE
"PFPeA","airport+milsusp",25,"cov","intensive",0.0294540626158996,0.016792707014369,0.0798257319104459,858,0.453009503695882,0.003,"*",FALSE
"PFPeA","airport+milsusp",25,"cov","tobit",0.0659035399513467,0.0204336500216972,0.0012586463979007,1894,0.453009503695882,0.003,"***",TRUE
"PFPeA","airport+milsusp",25,"raw","detect",0.0168258385960242,0.00744550548220197,0.0239352038387512,2032,0.455216535433071,0.003,"**",TRUE
"PFPeA","airport+milsusp",25,"raw","intensive",0.0331498691758055,0.0139992673800549,0.0180911574327736,925,0.455216535433071,0.003,"**",TRUE
"PFPeA","airport+milsusp",25,"raw","tobit",0.0571942162576873,0.0185590558875207,0.00205793335001506,2032,0.455216535433071,0.003,"***",TRUE
"PFPeA","airport+milsusp+milbase",5,"cov","detect",0.00908097516970041,0.0328944473813942,0.782530282244382,1894,0.453009503695882,0.003,"",FALSE
"PFPeA","airport+milsusp+milbase",5,"cov","intensive",0.0753072101680183,0.0585451001665491,0.198715219598704,858,0.453009503695882,0.003,"",FALSE
"PFPeA","airport+milsusp+milbase",5,"cov","tobit",0.048948461067952,0.076553921569729,0.522563737737236,1894,0.453009503695882,0.003,"",FALSE
"PFPeA","airport+milsusp+milbase",5,"raw","detect",0.070864822333172,0.0294537406806609,0.0162184749831781,2032,0.455216535433071,0.003,"**",TRUE
"PFPeA","airport+milsusp+milbase",5,"raw","intensive",0.146335754754963,0.0506474427796353,0.00395133955441951,925,0.455216535433071,0.003,"***",TRUE
"PFPeA","airport+milsusp+milbase",5,"raw","tobit",0.249285837494888,0.0714422391946028,0.000484225623002548,2032,0.455216535433071,0.003,"***",TRUE
"PFPeA","airport+milsusp+milbase",10,"cov","detect",0.0226999655541365,0.0158935873972152,0.153392879866591,1894,0.453009503695882,0.003,"",FALSE
"PFPeA","airport+milsusp+milbase",10,"cov","intensive",0.0563014122331386,0.0299555654064395,0.0605482080516598,858,0.453009503695882,0.003,"*",FALSE
"PFPeA","airport+milsusp+milbase",10,"cov","tobit",0.0692982350335352,0.0376497456794528,0.0656797570744801,1894,0.453009503695882,0.003,"*",FALSE
"PFPeA","airport+milsusp+milbase",10,"raw","detect",0.041018134642954,0.0140164435724744,0.00346687350420219,2032,0.455216535433071,0.003,"***",TRUE
"PFPeA","airport+milsusp+milbase",10,"raw","intensive",0.0841765897871197,0.0253362761493762,0.00092761183512823,925,0.455216535433071,0.003,"***",TRUE
"PFPeA","airport+milsusp+milbase",10,"raw","tobit",0.142015011790306,0.0344418187994087,3.73432818244319e-05,2032,0.455216535433071,0.003,"***",TRUE
"PFPeA","airport+milsusp+milbase",25,"cov","detect",0.0206711959144648,0.00821121953264699,0.0119068384195009,1894,0.453009503695882,0.003,"**",TRUE
"PFPeA","airport+milsusp+milbase",25,"cov","intensive",0.0352850343374145,0.0166407420804923,0.0342865509086417,858,0.453009503695882,0.003,"**",TRUE
"PFPeA","airport+milsusp+milbase",25,"cov","tobit",0.0585117549271132,0.019842586733085,0.0031901372259837,1894,0.453009503695882,0.003,"***",TRUE
"PFPeA","airport+milsusp+milbase",25,"raw","detect",0.0224362413652797,0.00707772492939092,0.00154722452316961,2032,0.455216535433071,0.003,"***",TRUE
"PFPeA","airport+milsusp+milbase",25,"raw","intensive",0.0473733098650868,0.0136679019447282,0.000552557352226612,925,0.455216535433071,0.003,"***",TRUE
"PFPeA","airport+milsusp+milbase",25,"raw","tobit",0.0774572304261462,0.017736511562569,1.25903491861186e-05,2032,0.455216535433071,0.003,"***",TRUE
"PFPeA","milbase",5,"cov","detect",-0.107256350580027,0.0627071518327684,0.0873568186215771,1894,0.453009503695882,0.003,"*",FALSE
"PFPeA","milbase",5,"cov","intensive",-0.0717829679923261,0.130020583263356,0.58104494077125,858,0.453009503695882,0.003,"",FALSE
"PFPeA","milbase",5,"cov","tobit",-0.297276481404938,0.151652834069861,0.0499673369921879,1894,0.453009503695882,0.003,"**",FALSE
"PFPeA","milbase",5,"raw","detect",0.0600552989284358,0.0525741860217953,0.25346558398165,2032,0.455216535433071,0.003,"",FALSE
"PFPeA","milbase",5,"raw","intensive",0.199695514545908,0.10262688290556,0.0519771642058728,925,0.455216535433071,0.003,"*",FALSE
"PFPeA","milbase",5,"raw","tobit",0.246673183353482,0.131252592257135,0.0601929510910252,2032,0.455216535433071,0.003,"*",FALSE
"PFPeA","milbase",10,"cov","detect",-0.0357762540397761,0.0304745519455635,0.240560478341274,1894,0.453009503695882,0.003,"",FALSE
"PFPeA","milbase",10,"cov","intensive",-0.00684755388065237,0.0661867699591464,0.917625971041416,858,0.453009503695882,0.003,"",FALSE
"PFPeA","milbase",10,"cov","tobit",-0.102046179226868,0.07492054626507,0.173179371805649,1894,0.453009503695882,0.003,"",FALSE
"PFPeA","milbase",10,"raw","detect",0.0398677333814387,0.0245876966010729,0.105076349930655,2032,0.455216535433071,0.003,"",FALSE
"PFPeA","milbase",10,"raw","intensive",0.102459593293001,0.0481266003277178,0.0335217976328542,925,0.455216535433071,0.003,"**",TRUE
"PFPeA","milbase",10,"raw","tobit",0.146741266552538,0.0614263558573713,0.016899017386454,2032,0.455216535433071,0.003,"**",TRUE
"PFPeA","milbase",25,"cov","detect",-0.000871792970314212,0.0138244981973317,0.949724511476127,1894,0.453009503695882,0.003,"",FALSE
"PFPeA","milbase",25,"cov","intensive",0.000782914589490792,0.0298379211068865,0.979073473385666,858,0.453009503695882,0.003,"",FALSE
"PFPeA","milbase",25,"cov","tobit",-0.00781159098854904,0.0338422675266904,0.817451915767998,1894,0.453009503695882,0.003,"",FALSE
"PFPeA","milbase",25,"raw","detect",0.0229706149150429,0.0109596647404374,0.0362125567531286,2032,0.455216535433071,0.003,"**",TRUE
"PFPeA","milbase",25,"raw","intensive",0.0436352520089391,0.0211087619821317,0.0389971018428795,925,0.455216535433071,0.003,"**",TRUE
"PFPeA","milbase",25,"raw","tobit",0.0764683941757704,0.0273757941535486,0.00521757061417882,2032,0.455216535433071,0.003,"***",TRUE
"PFPeA","milfire",5,"cov","detect",0.0369070303923597,0.0955565536541007,0.699369881916828,1894,0.453009503695882,0.003,"",FALSE
"PFPeA","milfire",5,"cov","intensive",-0.335051301173897,0.173189708051436,0.0534008490732689,858,0.453009503695882,0.003,"*",FALSE
"PFPeA","milfire",5,"cov","tobit",-0.176186937136397,0.22228221206309,0.427995030905548,1894,0.453009503695882,0.003,"",FALSE
"PFPeA","milfire",5,"raw","detect",0.149042515775562,0.0801368688887754,0.0630513727679126,2032,0.455216535433071,0.003,"*",FALSE
"PFPeA","milfire",5,"raw","intensive",-0.0854320809398078,0.142405976243376,0.548707325552162,925,0.455216535433071,0.003,"",FALSE
"PFPeA","milfire",5,"raw","tobit",0.265801363733437,0.196772376075209,0.176757491959778,2032,0.455216535433071,0.003,"",FALSE
"PFPeA","milfire",10,"cov","detect",-0.00894233631777988,0.0495643835703272,0.856844100934257,1894,0.453009503695882,0.003,"",FALSE
"PFPeA","milfire",10,"cov","intensive",-0.283715270987408,0.0948299338352594,0.00286025152090374,858,0.453009503695882,0.003,"***",FALSE
"PFPeA","milfire",10,"cov","tobit",-0.200842484653813,0.117775052533689,0.0881373993577209,1894,0.453009503695882,0.003,"*",FALSE
"PFPeA","milfire",10,"raw","detect",0.0746503113535459,0.0386058547970161,0.0532947244506903,2032,0.455216535433071,0.003,"*",FALSE
"PFPeA","milfire",10,"raw","intensive",-0.0623989819295104,0.0711699912204778,0.380845290704816,925,0.455216535433071,0.003,"",FALSE
"PFPeA","milfire",10,"raw","tobit",0.125790643284748,0.0958787385904697,0.189528094004937,2032,0.455216535433071,0.003,"",FALSE
"PFPeA","milfire",25,"cov","detect",0.00208892734774413,0.0208567735158638,0.920231677848439,1894,0.453009503695882,0.003,"",FALSE
"PFPeA","milfire",25,"cov","intensive",-0.166294490922555,0.0431454523927073,0.000125598395969236,858,0.453009503695882,0.003,"***",FALSE
"PFPeA","milfire",25,"cov","tobit",-0.0803360991044682,0.0506373975415185,0.112626523431683,1894,0.453009503695882,0.003,"",FALSE
"PFPeA","milfire",25,"raw","detect",0.036643333722558,0.0156194370262413,0.0190714117208576,2032,0.455216535433071,0.003,"**",TRUE
"PFPeA","milfire",25,"raw","intensive",-0.0304384631254827,0.0300879970009731,0.311971488631778,925,0.455216535433071,0.003,"",FALSE
"PFPeA","milfire",25,"raw","tobit",0.0647402127622875,0.0392182867351072,0.098786373300406,2032,0.455216535433071,0.003,"*",FALSE
"PFPeA","milfire+milbase",5,"cov","detect",-0.0454371636680147,0.0575539888323004,0.429940312590789,1894,0.453009503695882,0.003,"",FALSE
"PFPeA","milfire+milbase",5,"cov","intensive",-0.201744422233781,0.114373860018593,0.0781386923081112,858,0.453009503695882,0.003,"*",FALSE
"PFPeA","milfire+milbase",5,"cov","tobit",-0.232400065781942,0.137632855668093,0.0913055498460376,1894,0.453009503695882,0.003,"*",FALSE
"PFPeA","milfire+milbase",5,"raw","detect",0.0875963470739407,0.0474006329488522,0.0647477844031025,2032,0.455216535433071,0.003,"*",FALSE
"PFPeA","milfire+milbase",5,"raw","intensive",0.0995134886648234,0.0899123057643465,0.26867575352035,925,0.455216535433071,0.003,"",FALSE
"PFPeA","milfire+milbase",5,"raw","tobit",0.25229028595972,0.117559909171345,0.0318684178169282,2032,0.455216535433071,0.003,"**",TRUE
"PFPeA","milfire+milbase",10,"cov","detect",-0.0182007418776359,0.0277452202613335,0.511910115774035,1894,0.453009503695882,0.003,"",FALSE
"PFPeA","milfire+milbase",10,"cov","intensive",-0.087638098618799,0.0584705538665446,0.13431829100451,858,0.453009503695882,0.003,"",FALSE
"PFPeA","milfire+milbase",10,"cov","tobit",-0.100446119401867,0.067657906809782,0.137645149855735,1894,0.453009503695882,0.003,"",FALSE
"PFPeA","milfire+milbase",10,"raw","detect",0.044063412478209,0.0218723087333403,0.044080814843431,2032,0.455216535433071,0.003,"**",TRUE
"PFPeA","milfire+milbase",10,"raw","intensive",0.0557625333149573,0.0419312982593941,0.183894688911389,925,0.455216535433071,0.003,"",FALSE
"PFPeA","milfire+milbase",10,"raw","tobit",0.130498899040792,0.054505444858069,0.0166550278445289,2032,0.455216535433071,0.003,"**",TRUE
"PFPeA","milfire+milbase",25,"cov","detect",-0.000550997685357432,0.01251882087924,0.964898448527387,1894,0.453009503695882,0.003,"",FALSE
"PFPeA","milfire+milbase",25,"cov","intensive",-0.0324834162513511,0.0267181305207091,0.224434948414816,858,0.453009503695882,0.003,"",FALSE
"PFPeA","milfire+milbase",25,"cov","tobit",-0.0214674535419026,0.0305643078499805,0.482448436236269,1894,0.453009503695882,0.003,"",FALSE
"PFPeA","milfire+milbase",25,"raw","detect",0.0206436627327445,0.00968612108997152,0.0331873800288969,2032,0.455216535433071,0.003,"**",TRUE
"PFPeA","milfire+milbase",25,"raw","intensive",0.0257052108097669,0.0185467116346631,0.166090400009457,925,0.455216535433071,0.003,"",FALSE
"PFPeA","milfire+milbase",25,"raw","tobit",0.0611063016544146,0.02421338254735,0.0116140787031335,2032,0.455216535433071,0.003,"**",TRUE
"PFPeA","milfire+milsusp",5,"cov","detect",0.0618146140835223,0.0773883018729564,0.424534589114235,1894,0.453009503695882,0.003,"",FALSE
"PFPeA","milfire+milsusp",5,"cov","intensive",-0.216074927888279,0.146388692410601,0.140336860183403,858,0.453009503695882,0.003,"",FALSE
"PFPeA","milfire+milsusp",5,"cov","tobit",-0.0298969494981153,0.181607499464956,0.869239954825013,1894,0.453009503695882,0.003,"",FALSE
"PFPeA","milfire+milsusp",5,"raw","detect",0.208901787409564,0.0625683680230873,0.000856694836143581,2032,0.455216535433071,0.003,"***",TRUE
"PFPeA","milfire+milsusp",5,"raw","intensive",0.0600927160866882,0.111577896962707,0.590312163688216,925,0.455216535433071,0.003,"",FALSE
"PFPeA","milfire+milsusp",5,"raw","tobit",0.486552730982011,0.153018066956007,0.00147423659573271,2032,0.455216535433071,0.003,"***",TRUE
"PFPeA","milfire+milsusp",10,"cov","detect",0.0286794937613104,0.0381296086282116,0.452053520529097,1894,0.453009503695882,0.003,"",FALSE
"PFPeA","milfire+milsusp",10,"cov","intensive",-0.175687291110835,0.0763452591091354,0.0216413064673473,858,0.453009503695882,0.003,"**",FALSE
"PFPeA","milfire+milsusp",10,"cov","tobit",-0.0462146352751781,0.0913511488900946,0.612926167948479,1894,0.453009503695882,0.003,"",FALSE
"PFPeA","milfire+milsusp",10,"raw","detect",0.10408939957199,0.0293964005173975,0.000407767522239131,2032,0.455216535433071,0.003,"***",TRUE
"PFPeA","milfire+milsusp",10,"raw","intensive",0.00986744518796881,0.0543011354010728,0.855844638823469,925,0.455216535433071,0.003,"",FALSE
"PFPeA","milfire+milsusp",10,"raw","tobit",0.233535274654956,0.0727211103570135,0.0013209814667036,2032,0.455216535433071,0.003,"***",TRUE
"PFPeA","milfire+milsusp",25,"cov","detect",0.0180416521622923,0.0163097973881679,0.268793078156588,1894,0.453009503695882,0.003,"",FALSE
"PFPeA","milfire+milsusp",25,"cov","intensive",-0.104150352374931,0.0346613469258082,0.00274245139212694,858,0.453009503695882,0.003,"***",FALSE
"PFPeA","milfire+milsusp",25,"cov","tobit",-0.0115997569902478,0.0397649324572923,0.770509736782831,1894,0.453009503695882,0.003,"",FALSE
"PFPeA","milfire+milsusp",25,"raw","detect",0.0448953155677578,0.0123641582959762,0.000289225448161191,2032,0.455216535433071,0.003,"***",TRUE
"PFPeA","milfire+milsusp",25,"raw","intensive",-0.0074555591131061,0.0239122211342087,0.755271564994657,925,0.455216535433071,0.003,"",FALSE
"PFPeA","milfire+milsusp",25,"raw","tobit",0.0961802316779029,0.031000647896884,0.00191878458108736,2032,0.455216535433071,0.003,"***",TRUE
"PFPeA","milfire+milsusp+milbase",5,"cov","detect",-0.0148373416859662,0.0515392468162583,0.773468147957549,1894,0.453009503695882,0.003,"",FALSE
"PFPeA","milfire+milsusp+milbase",5,"cov","intensive",-0.130049094185905,0.0989555600669083,0.189158490717411,858,0.453009503695882,0.003,"",FALSE
"PFPeA","milfire+milsusp+milbase",5,"cov","tobit",-0.124769629608916,0.121796839375814,0.305642709652829,1894,0.453009503695882,0.003,"",FALSE
"PFPeA","milfire+milsusp+milbase",5,"raw","detect",0.106210002865873,0.041959207166056,0.0114400165244611,2032,0.455216535433071,0.003,"**",TRUE
"PFPeA","milfire+milsusp+milbase",5,"raw","intensive",0.12597414149268,0.0769805535226798,0.102088204729256,925,0.455216535433071,0.003,"",FALSE
"PFPeA","milfire+milsusp+milbase",5,"raw","tobit",0.308320180209773,0.103023280119025,0.00276500227957068,2032,0.455216535433071,0.003,"***",TRUE
"PFPeA","milfire+milsusp+milbase",10,"cov","detect",0.000506343327652217,0.0252682423175186,0.984014684243355,1894,0.453009503695882,0.003,"",FALSE
"PFPeA","milfire+milsusp+milbase",10,"cov","intensive",-0.057016444394595,0.0514437975080337,0.268062259060397,858,0.453009503695882,0.003,"",FALSE
"PFPeA","milfire+milsusp+milbase",10,"cov","tobit",-0.0416431135274547,0.0608738371327719,0.493919059215478,1894,0.453009503695882,0.003,"",FALSE
"PFPeA","milfire+milsusp+milbase",10,"raw","detect",0.055638007943904,0.0198984338127302,0.00522104880793692,2032,0.455216535433071,0.003,"***",TRUE
"PFPeA","milfire+milsusp+milbase",10,"raw","intensive",0.0637749953417966,0.0372055876998607,0.0868416575665373,925,0.455216535433071,0.003,"*",FALSE
"PFPeA","milfire+milsusp+milbase",10,"raw","tobit",0.160532168633271,0.0492126399985952,0.00110624885528131,2032,0.455216535433071,0.003,"***",TRUE
"PFPeA","milfire+milsusp+milbase",25,"cov","detect",0.00816114035231023,0.0118843102510962,0.492349735494042,1894,0.453009503695882,0.003,"",FALSE
"PFPeA","milfire+milsusp+milbase",25,"cov","intensive",-0.0219329188887118,0.025001999142999,0.380622124687538,858,0.453009503695882,0.003,"",FALSE
"PFPeA","milfire+milsusp+milbase",25,"cov","tobit",0.00369314475859004,0.0288544778538785,0.898155237422507,1894,0.453009503695882,0.003,"",FALSE
"PFPeA","milfire+milsusp+milbase",25,"raw","detect",0.027126473999183,0.00924235838168655,0.00337276171537787,2032,0.455216535433071,0.003,"***",TRUE
"PFPeA","milfire+milsusp+milbase",25,"raw","intensive",0.0292319482606437,0.0176144964285479,0.097346874531515,925,0.455216535433071,0.003,"*",FALSE
"PFPeA","milfire+milsusp+milbase",25,"raw","tobit",0.0775080896919142,0.0230615140978298,0.000776810574206221,2032,0.455216535433071,0.003,"***",TRUE
"PFPeA","milsusp",5,"cov","detect",0.092259916445624,0.132723332536141,0.487063070404076,1894,0.453009503695882,0.003,"",FALSE
"PFPeA","milsusp",5,"cov","intensive",0.0390276246143359,0.251336568547281,0.876640395113482,858,0.453009503695882,0.003,"",FALSE
"PFPeA","milsusp",5,"cov","tobit",0.214948416415228,0.310945945123816,0.489394238341425,1894,0.453009503695882,0.003,"",FALSE
"PFPeA","milsusp",5,"raw","detect",0.319201825266998,0.109637399848231,0.00363700058357347,2032,0.455216535433071,0.003,"***",TRUE
"PFPeA","milsusp",5,"raw","intensive",0.278505327827898,0.191088002717333,0.145326391005666,925,0.455216535433071,0.003,"",FALSE
"PFPeA","milsusp",5,"raw","tobit",0.856988135514426,0.264703569559752,0.00120565450198393,2032,0.455216535433071,0.003,"***",TRUE
"PFPeA","milsusp",10,"cov","detect",0.119771211623823,0.0724813525537743,0.0986174957851349,1894,0.453009503695882,0.003,"*",FALSE
"PFPeA","milsusp",10,"cov","intensive",-0.00383293634109782,0.136769302263117,0.977649498235015,858,0.453009503695882,0.003,"",FALSE
"PFPeA","milsusp",10,"cov","tobit",0.242039037459309,0.169879617171143,0.154224283666102,1894,0.453009503695882,0.003,"",FALSE
"PFPeA","milsusp",10,"raw","detect",0.222411549678364,0.059037977515304,0.000169750530670114,2032,0.455216535433071,0.003,"***",TRUE
"PFPeA","milsusp",10,"raw","intensive",0.126019769815763,0.103210956329187,0.222400785859885,925,0.455216535433071,0.003,"",FALSE
"PFPeA","milsusp",10,"raw","tobit",0.552486698577785,0.142931434625894,0.000110908774593481,2032,0.455216535433071,0.003,"***",TRUE
"PFPeA","milsusp",25,"cov","detect",0.0971350739051235,0.0396792610859393,0.0144590393678391,1894,0.453009503695882,0.003,"**",TRUE
"PFPeA","milsusp",25,"cov","intensive",-0.0277417649840061,0.0782796058789036,0.723139723796996,858,0.453009503695882,0.003,"",FALSE
"PFPeA","milsusp",25,"cov","tobit",0.191041874185184,0.0943996454940662,0.0429952359943634,1894,0.453009503695882,0.003,"**",TRUE
"PFPeA","milsusp",25,"raw","detect",0.137705338424065,0.0324079252158958,2.24316867818296e-05,2032,0.455216535433071,0.003,"***",TRUE
"PFPeA","milsusp",25,"raw","intensive",0.0337244406733451,0.059507855594482,0.571040512880368,925,0.455216535433071,0.003,"",FALSE
"PFPeA","milsusp",25,"raw","tobit",0.319871930876722,0.0799348794959491,6.29005674626737e-05,2032,0.455216535433071,0.003,"***",TRUE
"PFPeA","milsusp+milbase",5,"cov","detect",-0.0626707712916883,0.0548380306345253,0.25325820368042,1894,0.453009503695882,0.003,"",FALSE
"PFPeA","milsusp+milbase",5,"cov","intensive",-0.0277363555594173,0.107354539828292,0.796195365678311,858,0.453009503695882,0.003,"",FALSE
"PFPeA","milsusp+milbase",5,"cov","tobit",-0.16726622417135,0.130285104474641,0.199195270077196,1894,0.453009503695882,0.003,"",FALSE
"PFPeA","milsusp+milbase",5,"raw","detect",0.0854312209072789,0.0453985201840697,0.0600052820255438,2032,0.455216535433071,0.003,"*",FALSE
"PFPeA","milsusp+milbase",5,"raw","intensive",0.198354836442263,0.084211186036667,0.0187089264908227,925,0.455216535433071,0.003,"**",TRUE
"PFPeA","milsusp+milbase",5,"raw","tobit",0.30665190119699,0.111736536432611,0.00606180663360389,2032,0.455216535433071,0.003,"***",TRUE
"PFPeA","milsusp+milbase",10,"cov","detect",-0.0128504305720182,0.0272390508939029,0.637151249674999,1894,0.453009503695882,0.003,"",FALSE
"PFPeA","milsusp+milbase",10,"cov","intensive",0.00493150177224626,0.0559983572169528,0.929847469220325,858,0.453009503695882,0.003,"",FALSE
"PFPeA","milsusp+milbase",10,"cov","tobit",-0.0391559021134189,0.0657545581707371,0.551518824423383,1894,0.453009503695882,0.003,"",FALSE
"PFPeA","milsusp+milbase",10,"raw","detect",0.0529653822952112,0.0218848657793163,0.015599974899145,2032,0.455216535433071,0.003,"**",TRUE
"PFPeA","milsusp+milbase",10,"raw","intensive",0.0983677006583367,0.0411698250079678,0.0170796994702581,925,0.455216535433071,0.003,"**",TRUE
"PFPeA","milsusp+milbase",10,"raw","tobit",0.174862474001165,0.0540917438310427,0.00122625521319112,2032,0.455216535433071,0.003,"***",TRUE
"PFPeA","milsusp+milbase",25,"cov","detect",0.00848185725092242,0.0129681484855388,0.513160478868633,1894,0.453009503695882,0.003,"",FALSE
"PFPeA","milsusp+milbase",25,"cov","intensive",0.00585431933341277,0.0273222019950076,0.830392623216467,858,0.453009503695882,0.003,"",FALSE
"PFPeA","milsusp+milbase",25,"cov","tobit",0.0169537408599466,0.0314616268272468,0.589976251438974,1894,0.453009503695882,0.003,"",FALSE
"PFPeA","milsusp+milbase",25,"raw","detect",0.0297997682453259,0.0103145606008758,0.00390446604274029,2032,0.455216535433071,0.003,"***",TRUE
"PFPeA","milsusp+milbase",25,"raw","intensive",0.0437460659265497,0.0196447874862234,0.0261976459355364,925,0.455216535433071,0.003,"**",TRUE
"PFPeA","milsusp+milbase",25,"raw","tobit",0.091792667853598,0.0256841089945654,0.00035169122285748,2032,0.455216535433071,0.003,"***",TRUE
