"compound","exposure","spec","margin","bucket","estimate","std.error","p.value","nobs","n_systems","detect_rate","sig"
"PFOS","idw__mil_airport__5km","raw","detect","A_anydetect",0.0379074964572128,0.0287156868325197,0.186802582928667,6314,3500,0.360785555907507,""
"PFOS","idw__mil_airport__5km","raw","tobit","A_anydetect",0.0912027650358046,0.0684673851041014,0.182839993026493,6314,3500,0.360785555907507,""
"PFOS","idw__mil_airport__5km","cov","detect","A_anydetect",0.0326341117703669,0.028903568121233,0.258868887656098,6314,3500,0.360785555907507,""
"PFOS","idw__mil_airport__5km","cov","tobit","A_anydetect",0.0728864685503655,0.0673657609742998,0.279274195251107,6314,3500,0.360785555907507,""
"PFOA","idw__mil_airport__5km","raw","detect","A_anydetect",0.0359366483127454,0.0300720934966503,0.232080578427898,6314,3500,0.354450427621159,""
"PFOA","idw__mil_airport__5km","raw","tobit","A_anydetect",0.069144063988994,0.0573884267370833,0.228263783635747,6314,3500,0.354450427621159,""
"PFOA","idw__mil_airport__5km","cov","detect","A_anydetect",-0.0165684592356974,0.0270142076353822,0.539662192061083,6314,3500,0.354450427621159,""
"PFOA","idw__mil_airport__5km","cov","tobit","A_anydetect",-0.0350977010965562,0.0540122437266517,0.515814898876536,6314,3500,0.354450427621159,""
"PFHxS","idw__mil_airport__5km","raw","detect","A_anydetect",0.124898863029825,0.0333109767106696,0.000177201159470016,6314,3500,0.276369971491923,"***"
"PFHxS","idw__mil_airport__5km","raw","tobit","A_anydetect",0.23812260601542,0.0717054750192445,0.00089746090767631,6314,3500,0.276369971491923,"***"
"PFHxS","idw__mil_airport__5km","cov","detect","A_anydetect",0.102788911554045,0.0313628300933026,0.00104763429999094,6314,3500,0.276369971491923,"***"
"PFHxS","idw__mil_airport__5km","cov","tobit","A_anydetect",0.184644385242557,0.0645203820353809,0.00421243539236507,6314,3500,0.276369971491923,"***"
"PFBS","idw__mil_airport__5km","raw","detect","A_anydetect",-0.0171460137011561,0.0291335314283114,0.556175303300352,6314,3500,0.452011403230915,""
"PFBS","idw__mil_airport__5km","raw","tobit","A_anydetect",-0.10688106776369,0.0527358031887137,0.0426903559864213,6314,3500,0.452011403230915,"**"
"PFBS","idw__mil_airport__5km","cov","detect","A_anydetect",-0.042002720280742,0.0300050831103002,0.161557196398173,6314,3500,0.452011403230915,""
"PFBS","idw__mil_airport__5km","cov","tobit","A_anydetect",-0.119986123814532,0.0530853244226669,0.0238057167158383,6314,3500,0.452011403230915,"**"
"PFHxA","idw__mil_airport__5km","raw","detect","A_anydetect",0.143927030615384,0.0261227282036261,3.59552490756926e-08,6314,3500,0.465473550839405,"***"
"PFHxA","idw__mil_airport__5km","raw","tobit","A_anydetect",0.188131574114348,0.041539178460382,5.92592129467517e-06,6314,3500,0.465473550839405,"***"
"PFHxA","idw__mil_airport__5km","cov","detect","A_anydetect",0.107668257961417,0.0258952345346644,3.21270036572287e-05,6314,3500,0.465473550839405,"***"
"PFHxA","idw__mil_airport__5km","cov","tobit","A_anydetect",0.115670149848797,0.0408915181024148,0.00467363715805499,6314,3500,0.465473550839405,"***"
"PFPeA","idw__mil_airport__5km","raw","detect","A_anydetect",0.144270126528118,0.0260243069400577,2.96199629765472e-08,6314,3500,0.541019955654102,"***"
"PFPeA","idw__mil_airport__5km","raw","tobit","A_anydetect",0.235202455784656,0.0512798882791476,4.50433489620791e-06,6314,3500,0.541019955654102,"***"
"PFPeA","idw__mil_airport__5km","cov","detect","A_anydetect",0.0949559385930493,0.0250735487553806,0.000152418164861447,6314,3500,0.541019955654102,"***"
"PFPeA","idw__mil_airport__5km","cov","tobit","A_anydetect",0.142423439590698,0.0445149541574956,0.00137689322311948,6314,3500,0.541019955654102,"***"
"PFBA","idw__mil_airport__5km","raw","detect","A_anydetect",0.068971644804001,0.0337365437687938,0.0409121317119747,6314,3500,0.432689261957555,"**"
"PFBA","idw__mil_airport__5km","raw","tobit","A_anydetect",0.264259753422381,0.105528265258844,0.0122742208576584,6314,3500,0.432689261957555,"**"
"PFBA","idw__mil_airport__5km","cov","detect","A_anydetect",0.0539909237906618,0.0300760931467376,0.072630730137629,6314,3500,0.432689261957555,"*"
"PFBA","idw__mil_airport__5km","cov","tobit","A_anydetect",0.20235250562193,0.0702160696161037,0.00395342074648294,6314,3500,0.432689261957555,"***"
"PFHpA","idw__mil_airport__5km","raw","detect","A_anydetect",0.0424921078154365,0.0215415384280541,0.0485450218139517,6314,3500,0.13588850174216,"**"
"PFHpA","idw__mil_airport__5km","raw","tobit","A_anydetect",0.0900606112804673,0.0573763877398717,0.116497515789793,6314,3500,0.13588850174216,""
"PFHpA","idw__mil_airport__5km","cov","detect","A_anydetect",0.0151219894924575,0.0224144935569885,0.499896700568083,6314,3500,0.13588850174216,""
"PFHpA","idw__mil_airport__5km","cov","tobit","A_anydetect",0.000555732659893636,0.0622720625554328,0.992879557775813,6314,3500,0.13588850174216,""
"PFOS","idw__mil_airport__10km","raw","detect","A_anydetect",0.00831086138040246,0.0126223738832918,0.510266355057511,6314,3500,0.360785555907507,""
"PFOS","idw__mil_airport__10km","raw","tobit","A_anydetect",0.0284734342937606,0.0317157856549732,0.369308964995571,6314,3500,0.360785555907507,""
"PFOS","idw__mil_airport__10km","cov","detect","A_anydetect",0.0113219314660678,0.0130778697307755,0.386637099084589,6314,3500,0.360785555907507,""
"PFOS","idw__mil_airport__10km","cov","tobit","A_anydetect",0.0301145010876399,0.0329673103893491,0.360997763700531,6314,3500,0.360785555907507,""
"PFOA","idw__mil_airport__10km","raw","detect","A_anydetect",0.0336884529298842,0.0141425503580384,0.0172159287417956,6314,3500,0.354450427621159,"**"
"PFOA","idw__mil_airport__10km","raw","tobit","A_anydetect",0.0808549336096352,0.0286434001006543,0.00476044770274242,6314,3500,0.354450427621159,"***"
"PFOA","idw__mil_airport__10km","cov","detect","A_anydetect",0.0104940081401665,0.0126863142719124,0.408128671228607,6314,3500,0.354450427621159,""
"PFOA","idw__mil_airport__10km","cov","tobit","A_anydetect",0.0296374338498449,0.0265553156280734,0.264394707153009,6314,3500,0.354450427621159,""
"PFHxS","idw__mil_airport__10km","raw","detect","A_anydetect",0.044365678536561,0.013834322296211,0.00134160468044646,6314,3500,0.276369971491923,"***"
"PFHxS","idw__mil_airport__10km","raw","tobit","A_anydetect",0.0695433119998809,0.0341369032618244,0.0416311404274058,6314,3500,0.276369971491923,"**"
"PFHxS","idw__mil_airport__10km","cov","detect","A_anydetect",0.0369913914257614,0.0131555630771083,0.0049258383308091,6314,3500,0.276369971491923,"***"
"PFHxS","idw__mil_airport__10km","cov","tobit","A_anydetect",0.0515841392213051,0.0312008231037435,0.0982710070790924,6314,3500,0.276369971491923,"*"
"PFBS","idw__mil_airport__10km","raw","detect","A_anydetect",-0.00822835867795113,0.0131398434838365,0.531174349553893,6314,3500,0.452011403230915,""
"PFBS","idw__mil_airport__10km","raw","tobit","A_anydetect",-0.0614098683314458,0.024464648779663,0.0120680862380674,6314,3500,0.452011403230915,"**"
"PFBS","idw__mil_airport__10km","cov","detect","A_anydetect",-0.0193256066646829,0.013734897477935,0.15941430791591,6314,3500,0.452011403230915,""
"PFBS","idw__mil_airport__10km","cov","tobit","A_anydetect",-0.0625349436462319,0.0250546764178681,0.0125624207506783,6314,3500,0.452011403230915,"**"
"PFHxA","idw__mil_airport__10km","raw","detect","A_anydetect",0.108108838165004,0.0117915204799534,4.80294893086044e-20,6314,3500,0.465473550839405,"***"
"PFHxA","idw__mil_airport__10km","raw","tobit","A_anydetect",0.143565843413885,0.0185412954703155,9.7073627209352e-15,6314,3500,0.465473550839405,"***"
"PFHxA","idw__mil_airport__10km","cov","detect","A_anydetect",0.0901426611421306,0.0117987045246496,2.17141884066126e-14,6314,3500,0.465473550839405,"***"
"PFHxA","idw__mil_airport__10km","cov","tobit","A_anydetect",0.108662649610727,0.0194904018050377,2.47263027936347e-08,6314,3500,0.465473550839405,"***"
"PFPeA","idw__mil_airport__10km","raw","detect","A_anydetect",0.104881133071073,0.0119345988857877,1.52259814411868e-18,6314,3500,0.541019955654102,"***"
"PFPeA","idw__mil_airport__10km","raw","tobit","A_anydetect",0.166614635035486,0.0223532976071282,9.07625345471239e-14,6314,3500,0.541019955654102,"***"
"PFPeA","idw__mil_airport__10km","cov","detect","A_anydetect",0.0792262771602427,0.0116869533009207,1.20980382051954e-11,6314,3500,0.541019955654102,"***"
"PFPeA","idw__mil_airport__10km","cov","tobit","A_anydetect",0.117946733773659,0.0219050617683566,7.26660580389757e-08,6314,3500,0.541019955654102,"***"
"PFBA","idw__mil_airport__10km","raw","detect","A_anydetect",0.0734499523610833,0.0141939418534876,2.28229113960767e-07,6314,3500,0.432689261957555,"***"
"PFBA","idw__mil_airport__10km","raw","tobit","A_anydetect",0.171594108453077,0.0396307364916026,1.49228655887091e-05,6314,3500,0.432689261957555,"***"
"PFBA","idw__mil_airport__10km","cov","detect","A_anydetect",0.0616667698227229,0.0130562585728293,2.32210504206308e-06,6314,3500,0.432689261957555,"***"
"PFBA","idw__mil_airport__10km","cov","tobit","A_anydetect",0.141225788806755,0.0272148991101353,2.11106375033941e-07,6314,3500,0.432689261957555,"***"
"PFHpA","idw__mil_airport__10km","raw","detect","A_anydetect",0.0250461770451095,0.00970666080174536,0.00987121563206142,6314,3500,0.13588850174216,"***"
"PFHpA","idw__mil_airport__10km","raw","tobit","A_anydetect",0.0600002097934353,0.0285979639972207,0.0358999521813916,6314,3500,0.13588850174216,"**"
"PFHpA","idw__mil_airport__10km","cov","detect","A_anydetect",0.0155177054505836,0.0103241477824414,0.132826272654524,6314,3500,0.13588850174216,""
"PFHpA","idw__mil_airport__10km","cov","tobit","A_anydetect",0.0214779686250496,0.0315934542753045,0.49661630583735,6314,3500,0.13588850174216,""
"PFOS","idw__mil_airport__25km","raw","detect","A_anydetect",0.00387181735519143,0.00567938890053528,0.495408852198045,6314,3500,0.360785555907507,""
"PFOS","idw__mil_airport__25km","raw","tobit","A_anydetect",0.0145230550960009,0.0148819325519587,0.329121444645171,6314,3500,0.360785555907507,""
"PFOS","idw__mil_airport__25km","cov","detect","A_anydetect",0.0062781733480774,0.00607159482558069,0.301125052844423,6314,3500,0.360785555907507,""
"PFOS","idw__mil_airport__25km","cov","tobit","A_anydetect",0.0162568074009402,0.0160527265961369,0.311197192409376,6314,3500,0.360785555907507,""
"PFOA","idw__mil_airport__25km","raw","detect","A_anydetect",0.0301653264539182,0.00621773708148535,1.22533694249898e-06,6314,3500,0.354450427621159,"***"
"PFOA","idw__mil_airport__25km","raw","tobit","A_anydetect",0.0692232353088996,0.0135277175630182,3.1020207782775e-07,6314,3500,0.354450427621159,"***"
"PFOA","idw__mil_airport__25km","cov","detect","A_anydetect",0.0193063799445699,0.00572941908317871,0.000752521356945953,6314,3500,0.354450427621159,"***"
"PFOA","idw__mil_airport__25km","cov","tobit","A_anydetect",0.0424209091841068,0.0128959766544406,0.00100376785724118,6314,3500,0.354450427621159,"***"
"PFHxS","idw__mil_airport__25km","raw","detect","A_anydetect",0.00815510181880691,0.00622890395574532,0.190454610417324,6314,3500,0.276369971491923,""
"PFHxS","idw__mil_airport__25km","raw","tobit","A_anydetect",-0.00149611728811898,0.0174136671185302,0.931532979467778,6314,3500,0.276369971491923,""
"PFHxS","idw__mil_airport__25km","cov","detect","A_anydetect",0.00350455529411604,0.00609446301088656,0.5652647681999,6314,3500,0.276369971491923,""
"PFHxS","idw__mil_airport__25km","cov","tobit","A_anydetect",-0.0139042146626101,0.0163443308154545,0.394932880699542,6314,3500,0.276369971491923,""
"PFBS","idw__mil_airport__25km","raw","detect","A_anydetect",-0.00200169517519618,0.00593960076566572,0.736110590131965,6314,3500,0.452011403230915,""
"PFBS","idw__mil_airport__25km","raw","tobit","A_anydetect",-0.0260770214446596,0.0116371320849419,0.0250360489947574,6314,3500,0.452011403230915,"**"
"PFBS","idw__mil_airport__25km","cov","detect","A_anydetect",-0.00572751727941308,0.00624844306996377,0.359335978852308,6314,3500,0.452011403230915,""
"PFBS","idw__mil_airport__25km","cov","tobit","A_anydetect",-0.0261350924522816,0.0124583611475453,0.0359232248595622,6314,3500,0.452011403230915,"**"
"PFHxA","idw__mil_airport__25km","raw","detect","A_anydetect",0.0582012572165496,0.00544520878848081,1.15186668581042e-26,6314,3500,0.465473550839405,"***"
"PFHxA","idw__mil_airport__25km","raw","tobit","A_anydetect",0.0800192816109701,0.00921139232015376,3.72165802958117e-18,6314,3500,0.465473550839405,"***"
"PFHxA","idw__mil_airport__25km","cov","detect","A_anydetect",0.0535653207414411,0.00554056049804245,4.12952887354706e-22,6314,3500,0.465473550839405,"***"
"PFHxA","idw__mil_airport__25km","cov","tobit","A_anydetect",0.067336259292192,0.00982241491512088,7.11296607039243e-12,6314,3500,0.465473550839405,"***"
"PFPeA","idw__mil_airport__25km","raw","detect","A_anydetect",0.0575908729483389,0.00557937501191344,5.59844062640246e-25,6314,3500,0.541019955654102,"***"
"PFPeA","idw__mil_airport__25km","raw","tobit","A_anydetect",0.0955773892348372,0.0106682996660116,3.27610376447639e-19,6314,3500,0.541019955654102,"***"
"PFPeA","idw__mil_airport__25km","cov","detect","A_anydetect",0.0488833233031487,0.0055829708447148,2.02677812308943e-18,6314,3500,0.541019955654102,"***"
"PFPeA","idw__mil_airport__25km","cov","tobit","A_anydetect",0.076678180348433,0.0108492395234037,1.57626193290736e-12,6314,3500,0.541019955654102,"***"
"PFBA","idw__mil_airport__25km","raw","detect","A_anydetect",0.0349878059910959,0.00616310491591486,1.37095750034797e-08,6314,3500,0.432689261957555,"***"
"PFBA","idw__mil_airport__25km","raw","tobit","A_anydetect",0.0847870861443849,0.0168596709178659,4.93074723759389e-07,6314,3500,0.432689261957555,"***"
"PFBA","idw__mil_airport__25km","cov","detect","A_anydetect",0.0356118957862862,0.00570633969026066,4.35450277958367e-10,6314,3500,0.432689261957555,"***"
"PFBA","idw__mil_airport__25km","cov","tobit","A_anydetect",0.0793681810302078,0.011918724148514,2.75477195450355e-11,6314,3500,0.432689261957555,"***"
"PFHpA","idw__mil_airport__25km","raw","detect","A_anydetect",0.0119217572708653,0.00453627692308541,0.00858650572099834,6314,3500,0.13588850174216,"***"
"PFHpA","idw__mil_airport__25km","raw","tobit","A_anydetect",0.0335832769601978,0.0151561507865234,0.0267039455185091,6314,3500,0.13588850174216,"**"
"PFHpA","idw__mil_airport__25km","cov","detect","A_anydetect",0.009005607040197,0.00479330571870876,0.0602733956162718,6314,3500,0.13588850174216,"*"
"PFHpA","idw__mil_airport__25km","cov","tobit","A_anydetect",0.0182266446883417,0.0161866070371935,0.26015178662682,6314,3500,0.13588850174216,""
"PFOS","idw__mil_milfire__5km","raw","detect","A_anydetect",0.124350348347431,0.0575916044834133,0.0308365985524733,6314,3500,0.360785555907507,"**"
"PFOS","idw__mil_milfire__5km","raw","tobit","A_anydetect",0.34104636320867,0.135139837927918,0.0116141760552809,6314,3500,0.360785555907507,"**"
"PFOS","idw__mil_milfire__5km","cov","detect","A_anydetect",0.140669519013469,0.063417854385507,0.026545460737371,6314,3500,0.360785555907507,"**"
"PFOS","idw__mil_milfire__5km","cov","tobit","A_anydetect",0.380845205919845,0.144716378363002,0.00849672898791892,6314,3500,0.360785555907507,"***"
"PFOA","idw__mil_milfire__5km","raw","detect","A_anydetect",0.100043377967512,0.0624880253417164,0.109376744064947,6314,3500,0.354450427621159,""
"PFOA","idw__mil_milfire__5km","raw","tobit","A_anydetect",0.206071275972429,0.126201740260053,0.102495940237679,6314,3500,0.354450427621159,""
"PFOA","idw__mil_milfire__5km","cov","detect","A_anydetect",0.0808564623170667,0.0648521399901024,0.212477546805255,6314,3500,0.354450427621159,""
"PFOA","idw__mil_milfire__5km","cov","tobit","A_anydetect",0.166492797822495,0.135596135963916,0.219500285243348,6314,3500,0.354450427621159,""
"PFHxS","idw__mil_milfire__5km","raw","detect","A_anydetect",0.281670204382993,0.0618732090671759,5.30430489300585e-06,6314,3500,0.276369971491923,"***"
"PFHxS","idw__mil_milfire__5km","raw","tobit","A_anydetect",0.760045015007275,0.1394529261467,5.03158911699018e-08,6314,3500,0.276369971491923,"***"
"PFHxS","idw__mil_milfire__5km","cov","detect","A_anydetect",0.204148089034823,0.0615042635234265,0.000902592559368129,6314,3500,0.276369971491923,"***"
"PFHxS","idw__mil_milfire__5km","cov","tobit","A_anydetect",0.519067160518749,0.138035341052152,0.000169646478827522,6314,3500,0.276369971491923,"***"
"PFBS","idw__mil_milfire__5km","raw","detect","A_anydetect",-0.111226905985861,0.0579387961450499,0.0548918800364504,6314,3500,0.452011403230915,"*"
"PFBS","idw__mil_milfire__5km","raw","tobit","A_anydetect",-0.244688691110088,0.111152540380807,0.0277093170820076,6314,3500,0.452011403230915,"**"
"PFBS","idw__mil_milfire__5km","cov","detect","A_anydetect",-0.0766947507202432,0.0616852854039506,0.213748732790378,6314,3500,0.452011403230915,""
"PFBS","idw__mil_milfire__5km","cov","tobit","A_anydetect",-0.185849004572745,0.113151291900707,0.100490072324651,6314,3500,0.452011403230915,""
"PFHxA","idw__mil_milfire__5km","raw","detect","A_anydetect",0.176083758571847,0.055498289223522,0.00150987858878386,6314,3500,0.465473550839405,"***"
"PFHxA","idw__mil_milfire__5km","raw","tobit","A_anydetect",0.32546035297511,0.0982158081932962,0.000920614202534074,6314,3500,0.465473550839405,"***"
"PFHxA","idw__mil_milfire__5km","cov","detect","A_anydetect",0.153522532031204,0.0618799277607292,0.0131023691367519,6314,3500,0.465473550839405,"**"
"PFHxA","idw__mil_milfire__5km","cov","tobit","A_anydetect",0.198747310702063,0.107612937141115,0.0647657068037298,6314,3500,0.465473550839405,"*"
"PFPeA","idw__mil_milfire__5km","raw","detect","A_anydetect",0.208717025338864,0.0495393102454676,2.5182288122562e-05,6314,3500,0.541019955654102,"***"
"PFPeA","idw__mil_milfire__5km","raw","tobit","A_anydetect",0.350375320804528,0.106704141560827,0.00102484818717182,6314,3500,0.541019955654102,"***"
"PFPeA","idw__mil_milfire__5km","cov","detect","A_anydetect",0.164302979450436,0.0529215990861748,0.00190505072827412,6314,3500,0.541019955654102,"***"
"PFPeA","idw__mil_milfire__5km","cov","tobit","A_anydetect",0.127804027414315,0.103443275472286,0.216644977802218,6314,3500,0.541019955654102,""
"PFBA","idw__mil_milfire__5km","raw","detect","A_anydetect",-0.188945093913065,0.0710354752664736,0.00781709336482446,6314,3500,0.432689261957555,"***"
"PFBA","idw__mil_milfire__5km","raw","tobit","A_anydetect",-0.398542503443793,0.146072583959901,0.00636449388471961,6314,3500,0.432689261957555,"***"
"PFBA","idw__mil_milfire__5km","cov","detect","A_anydetect",-0.148957075838669,0.0577495234042801,0.00989822560235265,6314,3500,0.432689261957555,"***"
"PFBA","idw__mil_milfire__5km","cov","tobit","A_anydetect",-0.394388870532629,0.121413195637565,0.00116088771094468,6314,3500,0.432689261957555,"***"
"PFHpA","idw__mil_milfire__5km","raw","detect","A_anydetect",0.132417917825765,0.050321138045012,0.00850195910402389,6314,3500,0.13588850174216,"***"
"PFHpA","idw__mil_milfire__5km","raw","tobit","A_anydetect",0.416995913671174,0.146150121591369,0.00432810120074083,6314,3500,0.13588850174216,"***"
"PFHpA","idw__mil_milfire__5km","cov","detect","A_anydetect",0.0816792020788831,0.0518085816206646,0.114897404326701,6314,3500,0.13588850174216,""
"PFHpA","idw__mil_milfire__5km","cov","tobit","A_anydetect",0.252311155386383,0.162639167577228,0.120816530545672,6314,3500,0.13588850174216,""
"PFOS","idw__mil_milfire__10km","raw","detect","A_anydetect",0.146356828538682,0.0334473823957611,1.21024858843709e-05,6314,3500,0.360785555907507,"***"
"PFOS","idw__mil_milfire__10km","raw","tobit","A_anydetect",0.367943870754044,0.0751408549364228,9.74485899834073e-07,6314,3500,0.360785555907507,"***"
"PFOS","idw__mil_milfire__10km","cov","detect","A_anydetect",0.164974966125569,0.0368101623262033,7.40238150952136e-06,6314,3500,0.360785555907507,"***"
"PFOS","idw__mil_milfire__10km","cov","tobit","A_anydetect",0.420333665562065,0.0810397111129814,2.13982312997343e-07,6314,3500,0.360785555907507,"***"
"PFOA","idw__mil_milfire__10km","raw","detect","A_anydetect",0.134370272802966,0.0366360460802222,0.0002447356579358,6314,3500,0.354450427621159,"***"
"PFOA","idw__mil_milfire__10km","raw","tobit","A_anydetect",0.270120304863256,0.075104540880531,0.000322415004714931,6314,3500,0.354450427621159,"***"
"PFOA","idw__mil_milfire__10km","cov","detect","A_anydetect",0.106045698063443,0.0399515721346426,0.00794599294539209,6314,3500,0.354450427621159,"***"
"PFOA","idw__mil_milfire__10km","cov","tobit","A_anydetect",0.228308446763449,0.0883350027910622,0.00974990746431617,6314,3500,0.354450427621159,"***"
"PFHxS","idw__mil_milfire__10km","raw","detect","A_anydetect",0.17564294625899,0.032942032241909,9.72014354791871e-08,6314,3500,0.276369971491923,"***"
"PFHxS","idw__mil_milfire__10km","raw","tobit","A_anydetect",0.45233464333498,0.0782899590422329,7.57358804322853e-09,6314,3500,0.276369971491923,"***"
"PFHxS","idw__mil_milfire__10km","cov","detect","A_anydetect",0.141493924063639,0.0332944683390696,2.13987507477275e-05,6314,3500,0.276369971491923,"***"
"PFHxS","idw__mil_milfire__10km","cov","tobit","A_anydetect",0.336279607697701,0.0776200394296715,1.47505189413002e-05,6314,3500,0.276369971491923,"***"
"PFBS","idw__mil_milfire__10km","raw","detect","A_anydetect",-0.0543412899915658,0.0349230838031797,0.119701476911104,6314,3500,0.452011403230915,""
"PFBS","idw__mil_milfire__10km","raw","tobit","A_anydetect",-0.129471289273404,0.0691032902005888,0.0609868460488764,6314,3500,0.452011403230915,"*"
"PFBS","idw__mil_milfire__10km","cov","detect","A_anydetect",-0.0338652379631628,0.0383451007639576,0.377144493787946,6314,3500,0.452011403230915,""
"PFBS","idw__mil_milfire__10km","cov","tobit","A_anydetect",-0.103985171850542,0.0733369685650322,0.156217238537695,6314,3500,0.452011403230915,""
"PFHxA","idw__mil_milfire__10km","raw","detect","A_anydetect",0.132512019687467,0.0319001360216821,3.2676446961748e-05,6314,3500,0.465473550839405,"***"
"PFHxA","idw__mil_milfire__10km","raw","tobit","A_anydetect",0.226993526975753,0.0571154043261275,7.05877123436777e-05,6314,3500,0.465473550839405,"***"
"PFHxA","idw__mil_milfire__10km","cov","detect","A_anydetect",0.112078910379881,0.0358644023614089,0.00177760351839403,6314,3500,0.465473550839405,"***"
"PFHxA","idw__mil_milfire__10km","cov","tobit","A_anydetect",0.139373560376503,0.0655104800048319,0.0333785433658249,6314,3500,0.465473550839405,"**"
"PFPeA","idw__mil_milfire__10km","raw","detect","A_anydetect",0.152860177498685,0.0285890496390934,8.95185734774134e-08,6314,3500,0.541019955654102,"***"
"PFPeA","idw__mil_milfire__10km","raw","tobit","A_anydetect",0.233499838770129,0.0603185138391499,0.000108339141474738,6314,3500,0.541019955654102,"***"
"PFPeA","idw__mil_milfire__10km","cov","detect","A_anydetect",0.118852655481598,0.0318819192503132,0.000193080787395087,6314,3500,0.541019955654102,"***"
"PFPeA","idw__mil_milfire__10km","cov","tobit","A_anydetect",0.0857047845298148,0.0636666896975307,0.178254803728024,6314,3500,0.541019955654102,""
"PFBA","idw__mil_milfire__10km","raw","detect","A_anydetect",-0.158392569258598,0.037962338338761,3.01459880225981e-05,6314,3500,0.432689261957555,"***"
"PFBA","idw__mil_milfire__10km","raw","tobit","A_anydetect",-0.352146815420165,0.0852205568356718,3.59336364578348e-05,6314,3500,0.432689261957555,"***"
"PFBA","idw__mil_milfire__10km","cov","detect","A_anydetect",-0.132598013756058,0.0324824703301449,4.4622769356411e-05,6314,3500,0.432689261957555,"***"
"PFBA","idw__mil_milfire__10km","cov","tobit","A_anydetect",-0.356093144436608,0.0700145497925562,3.65717607361445e-07,6314,3500,0.432689261957555,"***"
"PFHpA","idw__mil_milfire__10km","raw","detect","A_anydetect",0.0971852939756046,0.0314636369443637,0.00200957817307018,6314,3500,0.13588850174216,"***"
"PFHpA","idw__mil_milfire__10km","raw","tobit","A_anydetect",0.291694998702719,0.087924037664301,0.000908010200957355,6314,3500,0.13588850174216,"***"
"PFHpA","idw__mil_milfire__10km","cov","detect","A_anydetect",0.0701898973507362,0.0360630454518638,0.0516174087107438,6314,3500,0.13588850174216,"*"
"PFHpA","idw__mil_milfire__10km","cov","tobit","A_anydetect",0.208522075913582,0.106192628075559,0.0495740587066316,6314,3500,0.13588850174216,"**"
"PFOS","idw__mil_milfire__25km","raw","detect","A_anydetect",0.0823846545773266,0.0136184281068496,1.4529780354091e-09,6314,3500,0.360785555907507,"***"
"PFOS","idw__mil_milfire__25km","raw","tobit","A_anydetect",0.193638021215227,0.0318677270789591,1.22983590154018e-09,6314,3500,0.360785555907507,"***"
"PFOS","idw__mil_milfire__25km","cov","detect","A_anydetect",0.0883678012966608,0.0155309906650314,1.2720884582986e-08,6314,3500,0.360785555907507,"***"
"PFOS","idw__mil_milfire__25km","cov","tobit","A_anydetect",0.213618280094228,0.0349436457426567,9.76391081687115e-10,6314,3500,0.360785555907507,"***"
"PFOA","idw__mil_milfire__25km","raw","detect","A_anydetect",0.126548566043236,0.0145833660655288,4.04220271596424e-18,6314,3500,0.354450427621159,"***"
"PFOA","idw__mil_milfire__25km","raw","tobit","A_anydetect",0.228923854551544,0.02791873621452,2.41088702004866e-16,6314,3500,0.354450427621159,"***"
"PFOA","idw__mil_milfire__25km","cov","detect","A_anydetect",0.106490836129991,0.0156200177995187,9.25820981681758e-12,6314,3500,0.354450427621159,"***"
"PFOA","idw__mil_milfire__25km","cov","tobit","A_anydetect",0.189756932053063,0.03461321012352,4.2004208520867e-08,6314,3500,0.354450427621159,"***"
"PFHxS","idw__mil_milfire__25km","raw","detect","A_anydetect",0.0552211083151019,0.0120990944812615,5.01714532356329e-06,6314,3500,0.276369971491923,"***"
"PFHxS","idw__mil_milfire__25km","raw","tobit","A_anydetect",0.127457112828069,0.0300276831145056,2.18931373372676e-05,6314,3500,0.276369971491923,"***"
"PFHxS","idw__mil_milfire__25km","cov","detect","A_anydetect",0.0425318270159595,0.0137433011256129,0.00196991132171846,6314,3500,0.276369971491923,"***"
"PFHxS","idw__mil_milfire__25km","cov","tobit","A_anydetect",0.0840543393794759,0.0346509140237097,0.0152769298963642,6314,3500,0.276369971491923,"**"
"PFBS","idw__mil_milfire__25km","raw","detect","A_anydetect",-0.0160562544409753,0.015497345132803,0.300171892851362,6314,3500,0.452011403230915,""
"PFBS","idw__mil_milfire__25km","raw","tobit","A_anydetect",-0.0576585031267666,0.0308097011213265,0.0612841366955035,6314,3500,0.452011403230915,"*"
"PFBS","idw__mil_milfire__25km","cov","detect","A_anydetect",-0.0114065195136661,0.0172088815393067,0.507441054384699,6314,3500,0.452011403230915,""
"PFBS","idw__mil_milfire__25km","cov","tobit","A_anydetect",-0.0577645328519547,0.0342145550713582,0.0913530971368218,6314,3500,0.452011403230915,"*"
"PFHxA","idw__mil_milfire__25km","raw","detect","A_anydetect",0.0841911244367804,0.013469495173471,4.09132010108395e-10,6314,3500,0.465473550839405,"***"
"PFHxA","idw__mil_milfire__25km","raw","tobit","A_anydetect",0.126649233356551,0.0239797005988295,1.28117513117486e-07,6314,3500,0.465473550839405,"***"
"PFHxA","idw__mil_milfire__25km","cov","detect","A_anydetect",0.0766126881188481,0.0144904501641701,1.24259978000542e-07,6314,3500,0.465473550839405,"***"
"PFHxA","idw__mil_milfire__25km","cov","tobit","A_anydetect",0.0910321744158445,0.0279096779376245,0.00110757786117494,6314,3500,0.465473550839405,"***"
"PFPeA","idw__mil_milfire__25km","raw","detect","A_anydetect",0.0913897310736739,0.0119684724630905,2.24296016585411e-14,6314,3500,0.541019955654102,"***"
"PFPeA","idw__mil_milfire__25km","raw","tobit","A_anydetect",0.1198555960152,0.0250716900524561,1.74846515967296e-06,6314,3500,0.541019955654102,"***"
"PFPeA","idw__mil_milfire__25km","cov","detect","A_anydetect",0.0776413299821868,0.013255427379501,4.70385513279552e-09,6314,3500,0.541019955654102,"***"
"PFPeA","idw__mil_milfire__25km","cov","tobit","A_anydetect",0.0599327264934025,0.0276040855715741,0.0299195176654913,6314,3500,0.541019955654102,"**"
"PFBA","idw__mil_milfire__25km","raw","detect","A_anydetect",-0.0955314882027768,0.0154206824699462,5.8276384720119e-10,6314,3500,0.432689261957555,"***"
"PFBA","idw__mil_milfire__25km","raw","tobit","A_anydetect",-0.214579848057081,0.03804374012882,1.69709037750748e-08,6314,3500,0.432689261957555,"***"
"PFBA","idw__mil_milfire__25km","cov","detect","A_anydetect",-0.0818345615459388,0.0143746228887563,1.24834861819292e-08,6314,3500,0.432689261957555,"***"
"PFBA","idw__mil_milfire__25km","cov","tobit","A_anydetect",-0.212849571348921,0.0316428333571307,1.73639811198724e-11,6314,3500,0.432689261957555,"***"
"PFHpA","idw__mil_milfire__25km","raw","detect","A_anydetect",0.0443260852925701,0.0132259853140562,0.000803926976384666,6314,3500,0.13588850174216,"***"
"PFHpA","idw__mil_milfire__25km","raw","tobit","A_anydetect",0.135726369856203,0.0374874479779063,0.000293941360220366,6314,3500,0.13588850174216,"***"
"PFHpA","idw__mil_milfire__25km","cov","detect","A_anydetect",0.0340346270375623,0.0164430316331643,0.0384662908160143,6314,3500,0.13588850174216,"**"
"PFHpA","idw__mil_milfire__25km","cov","tobit","A_anydetect",0.105299594805332,0.0471374911616985,0.0254908357440942,6314,3500,0.13588850174216,"**"
"PFOS","idw__mil_milsusp__5km","raw","detect","A_anydetect",0.298021002959824,0.111582569108012,0.00756580380140842,6314,3500,0.360785555907507,"***"
"PFOS","idw__mil_milsusp__5km","raw","tobit","A_anydetect",1.19329293493524,0.286132781815224,3.04043163012427e-05,6314,3500,0.360785555907507,"***"
"PFOS","idw__mil_milsusp__5km","cov","detect","A_anydetect",0.282642586902536,0.109759105884091,0.0100206058386744,6314,3500,0.360785555907507,"**"
"PFOS","idw__mil_milsusp__5km","cov","tobit","A_anydetect",1.15983569139919,0.279450827027137,3.31879291520097e-05,6314,3500,0.360785555907507,"***"
"PFOA","idw__mil_milsusp__5km","raw","detect","A_anydetect",-0.112062156729434,0.139992352399687,0.423428284921455,6314,3500,0.354450427621159,""
"PFOA","idw__mil_milsusp__5km","raw","tobit","A_anydetect",0.0486750359235,0.355755168009414,0.89117171071468,6314,3500,0.354450427621159,""
"PFOA","idw__mil_milsusp__5km","cov","detect","A_anydetect",-0.224370170408826,0.114086682934831,0.0492219616267504,6314,3500,0.354450427621159,"**"
"PFOA","idw__mil_milsusp__5km","cov","tobit","A_anydetect",-0.174052280713628,0.308820010068006,0.573023470534495,6314,3500,0.354450427621159,""
"PFHxS","idw__mil_milsusp__5km","raw","detect","A_anydetect",0.7577968825845,0.185625749708883,4.45747276783073e-05,6314,3500,0.276369971491923,"***"
"PFHxS","idw__mil_milsusp__5km","raw","tobit","A_anydetect",1.83163394459525,0.365313026007626,5.33445758527364e-07,6314,3500,0.276369971491923,"***"
"PFHxS","idw__mil_milsusp__5km","cov","detect","A_anydetect",0.671733986323515,0.1351676356816,6.70786105886327e-07,6314,3500,0.276369971491923,"***"
"PFHxS","idw__mil_milsusp__5km","cov","tobit","A_anydetect",1.54263500200937,0.266717834534405,7.30441582316166e-09,6314,3500,0.276369971491923,"***"
"PFBS","idw__mil_milsusp__5km","raw","detect","A_anydetect",0.0318334698824338,0.102454899132088,0.756023259946939,6314,3500,0.452011403230915,""
"PFBS","idw__mil_milsusp__5km","raw","tobit","A_anydetect",0.0855745644859039,0.192861183530707,0.657251781936999,6314,3500,0.452011403230915,""
"PFBS","idw__mil_milsusp__5km","cov","detect","A_anydetect",0.0323888005907665,0.114316543625952,0.776927273210697,6314,3500,0.452011403230915,""
"PFBS","idw__mil_milsusp__5km","cov","tobit","A_anydetect",-0.0528947250293655,0.223825574259658,0.813183448883187,6314,3500,0.452011403230915,""
"PFHxA","idw__mil_milsusp__5km","raw","detect","A_anydetect",0.175449019784907,0.0975587838260961,0.0721147742181685,6314,3500,0.465473550839405,"*"
"PFHxA","idw__mil_milsusp__5km","raw","tobit","A_anydetect",0.490397714808322,0.161324586684978,0.00236719531929751,6314,3500,0.465473550839405,"***"
"PFHxA","idw__mil_milsusp__5km","cov","detect","A_anydetect",0.0670125150399277,0.103819065931417,0.518620016609365,6314,3500,0.465473550839405,""
"PFHxA","idw__mil_milsusp__5km","cov","tobit","A_anydetect",0.20456279321742,0.191265446989625,0.284834074081798,6314,3500,0.465473550839405,""
"PFPeA","idw__mil_milsusp__5km","raw","detect","A_anydetect",0.183206108277262,0.112381658606032,0.103056360499725,6314,3500,0.541019955654102,""
"PFPeA","idw__mil_milsusp__5km","raw","tobit","A_anydetect",0.501639175275411,0.238029990484212,0.0350775466197411,6314,3500,0.541019955654102,"**"
"PFPeA","idw__mil_milsusp__5km","cov","detect","A_anydetect",0.0740816812384556,0.105051068013135,0.480687747343288,6314,3500,0.541019955654102,""
"PFPeA","idw__mil_milsusp__5km","cov","tobit","A_anydetect",0.0784078380154737,0.199735450068063,0.694645635424391,6314,3500,0.541019955654102,""
"PFBA","idw__mil_milsusp__5km","raw","detect","A_anydetect",-0.265057270134177,0.157903743871764,0.0932299701677693,6314,3500,0.432689261957555,"*"
"PFBA","idw__mil_milsusp__5km","raw","tobit","A_anydetect",-0.30611080903724,0.449891355555684,0.496244564761982,6314,3500,0.432689261957555,""
"PFBA","idw__mil_milsusp__5km","cov","detect","A_anydetect",-0.164146887208339,0.0967049514640683,0.0896212528748131,6314,3500,0.432689261957555,"*"
"PFBA","idw__mil_milsusp__5km","cov","tobit","A_anydetect",-0.369769263597021,0.298686468784095,0.215721752442874,6314,3500,0.432689261957555,""
"PFHpA","idw__mil_milsusp__5km","raw","detect","A_anydetect",0.219513897482712,0.0756272169161823,0.00370104959082552,6314,3500,0.13588850174216,"***"
"PFHpA","idw__mil_milsusp__5km","raw","tobit","A_anydetect",0.788842578233443,0.212886856899424,0.000211011944865469,6314,3500,0.13588850174216,"***"
"PFHpA","idw__mil_milsusp__5km","cov","detect","A_anydetect",0.105074458410168,0.0744473202278483,0.158128640079083,6314,3500,0.13588850174216,""
"PFHpA","idw__mil_milsusp__5km","cov","tobit","A_anydetect",0.455005889311895,0.251338821765161,0.0702448246974233,6314,3500,0.13588850174216,"*"
"PFOS","idw__mil_milsusp__10km","raw","detect","A_anydetect",0.218293660103693,0.0669003468979511,0.00110252148492931,6314,3500,0.360785555907507,"***"
"PFOS","idw__mil_milsusp__10km","raw","tobit","A_anydetect",0.808342794337667,0.172554690311368,2.80562019853062e-06,6314,3500,0.360785555907507,"***"
"PFOS","idw__mil_milsusp__10km","cov","detect","A_anydetect",0.222417390771413,0.0649890636514109,0.000620750733048968,6314,3500,0.360785555907507,"***"
"PFOS","idw__mil_milsusp__10km","cov","tobit","A_anydetect",0.824925405891814,0.162184700155761,3.65052707792729e-07,6314,3500,0.360785555907507,"***"
"PFOA","idw__mil_milsusp__10km","raw","detect","A_anydetect",0.00421255425731173,0.0918367419099998,0.963413840310284,6314,3500,0.354450427621159,""
"PFOA","idw__mil_milsusp__10km","raw","tobit","A_anydetect",0.139269433191123,0.204079005543238,0.494967718852793,6314,3500,0.354450427621159,""
"PFOA","idw__mil_milsusp__10km","cov","detect","A_anydetect",-0.0615060474526435,0.0676907411845881,0.363543832751913,6314,3500,0.354450427621159,""
"PFOA","idw__mil_milsusp__10km","cov","tobit","A_anydetect",0.0114739894499568,0.161163449118286,0.943242769680033,6314,3500,0.354450427621159,""
"PFHxS","idw__mil_milsusp__10km","raw","detect","A_anydetect",0.429468072163563,0.094946285555136,6.08903091932126e-06,6314,3500,0.276369971491923,"***"
"PFHxS","idw__mil_milsusp__10km","raw","tobit","A_anydetect",1.0138181877749,0.199277251171366,3.62860719188931e-07,6314,3500,0.276369971491923,"***"
"PFHxS","idw__mil_milsusp__10km","cov","detect","A_anydetect",0.398146209410093,0.072674235460793,4.28932899984165e-08,6314,3500,0.276369971491923,"***"
"PFHxS","idw__mil_milsusp__10km","cov","tobit","A_anydetect",0.889043150420075,0.149948731648585,3.04820729097568e-09,6314,3500,0.276369971491923,"***"
"PFBS","idw__mil_milsusp__10km","raw","detect","A_anydetect",0.0256867901523065,0.0559197837936559,0.645982366541238,6314,3500,0.452011403230915,""
"PFBS","idw__mil_milsusp__10km","raw","tobit","A_anydetect",0.0827219486205708,0.104348576632046,0.427925645703567,6314,3500,0.452011403230915,""
"PFBS","idw__mil_milsusp__10km","cov","detect","A_anydetect",0.0491112295430079,0.0631184074249475,0.436521300552287,6314,3500,0.452011403230915,""
"PFBS","idw__mil_milsusp__10km","cov","tobit","A_anydetect",0.0629883076387215,0.124223323520837,0.61211481426707,6314,3500,0.452011403230915,""
"PFHxA","idw__mil_milsusp__10km","raw","detect","A_anydetect",0.123808031210162,0.0517173091255301,0.0166685664674663,6314,3500,0.465473550839405,"**"
"PFHxA","idw__mil_milsusp__10km","raw","tobit","A_anydetect",0.30695758607964,0.0905253370959225,0.000696769356030237,6314,3500,0.465473550839405,"***"
"PFHxA","idw__mil_milsusp__10km","cov","detect","A_anydetect",0.0698105650384986,0.0572648310499077,0.222812804133768,6314,3500,0.465473550839405,""
"PFHxA","idw__mil_milsusp__10km","cov","tobit","A_anydetect",0.159110011698662,0.104336923970401,0.127268175703864,6314,3500,0.465473550839405,""
"PFPeA","idw__mil_milsusp__10km","raw","detect","A_anydetect",0.13602060417399,0.0560506150506155,0.0152349191330544,6314,3500,0.541019955654102,"**"
"PFPeA","idw__mil_milsusp__10km","raw","tobit","A_anydetect",0.309615278621654,0.120850852726058,0.010408273993156,6314,3500,0.541019955654102,"**"
"PFPeA","idw__mil_milsusp__10km","cov","detect","A_anydetect",0.0731477178038755,0.0564761871319226,0.195252709017395,6314,3500,0.541019955654102,""
"PFPeA","idw__mil_milsusp__10km","cov","tobit","A_anydetect",0.0792679230087506,0.107388632424186,0.460428938277329,6314,3500,0.541019955654102,""
"PFBA","idw__mil_milsusp__10km","raw","detect","A_anydetect",-0.207665646553115,0.0708883805997751,0.00339536545530642,6314,3500,0.432689261957555,"***"
"PFBA","idw__mil_milsusp__10km","raw","tobit","A_anydetect",-0.336440811720721,0.214738501861911,0.117173940176421,6314,3500,0.432689261957555,""
"PFBA","idw__mil_milsusp__10km","cov","detect","A_anydetect",-0.151519377065082,0.0524425662679228,0.00386169131557536,6314,3500,0.432689261957555,"***"
"PFBA","idw__mil_milsusp__10km","cov","tobit","A_anydetect",-0.353403753538078,0.151432701982995,0.0196096171637313,6314,3500,0.432689261957555,"**"
"PFHpA","idw__mil_milsusp__10km","raw","detect","A_anydetect",0.132300028652054,0.0404321939680588,0.00106734565151885,6314,3500,0.13588850174216,"***"
"PFHpA","idw__mil_milsusp__10km","raw","tobit","A_anydetect",0.471776499223699,0.114773412889063,3.9479753666926e-05,6314,3500,0.13588850174216,"***"
"PFHpA","idw__mil_milsusp__10km","cov","detect","A_anydetect",0.0777433162684072,0.0404507963705926,0.05461544617756,6314,3500,0.13588850174216,"*"
"PFHpA","idw__mil_milsusp__10km","cov","tobit","A_anydetect",0.306853441661687,0.130996621814484,0.0191574420431723,6314,3500,0.13588850174216,"**"
"PFOS","idw__mil_milsusp__25km","raw","detect","A_anydetect",0.151249966366422,0.0328692219766327,4.19321824017494e-06,6314,3500,0.360785555907507,"***"
"PFOS","idw__mil_milsusp__25km","raw","tobit","A_anydetect",0.492733629885931,0.083583002121208,3.74360293593057e-09,6314,3500,0.360785555907507,"***"
"PFOS","idw__mil_milsusp__25km","cov","detect","A_anydetect",0.149136972624447,0.0330164552243802,6.27071604754924e-06,6314,3500,0.360785555907507,"***"
"PFOS","idw__mil_milsusp__25km","cov","tobit","A_anydetect",0.499056904026783,0.0823634064402643,1.36794516138905e-09,6314,3500,0.360785555907507,"***"
"PFOA","idw__mil_milsusp__25km","raw","detect","A_anydetect",0.104835088412729,0.0548280940473947,0.0558673690736093,6314,3500,0.354450427621159,"*"
"PFOA","idw__mil_milsusp__25km","raw","tobit","A_anydetect",0.239900058073258,0.101072847121539,0.0176186675055516,6314,3500,0.354450427621159,"**"
"PFOA","idw__mil_milsusp__25km","cov","detect","A_anydetect",0.0506503039676379,0.0379597538478957,0.182100341547727,6314,3500,0.354450427621159,""
"PFOA","idw__mil_milsusp__25km","cov","tobit","A_anydetect",0.133254137155497,0.0754567762023118,0.0774014733209387,6314,3500,0.354450427621159,"*"
"PFHxS","idw__mil_milsusp__25km","raw","detect","A_anydetect",0.188120277007007,0.0561006697378752,0.000798648972461493,6314,3500,0.276369971491923,"***"
"PFHxS","idw__mil_milsusp__25km","raw","tobit","A_anydetect",0.449640971546563,0.140416251680898,0.00136382103450754,6314,3500,0.276369971491923,"***"
"PFHxS","idw__mil_milsusp__25km","cov","detect","A_anydetect",0.167959132990203,0.0397508161427846,2.38622417445297e-05,6314,3500,0.276369971491923,"***"
"PFHxS","idw__mil_milsusp__25km","cov","tobit","A_anydetect",0.376238508773702,0.0861368022658098,1.25436436883442e-05,6314,3500,0.276369971491923,"***"
"PFBS","idw__mil_milsusp__25km","raw","detect","A_anydetect",0.0219006035836254,0.0303757356984663,0.470915628819637,6314,3500,0.452011403230915,""
"PFBS","idw__mil_milsusp__25km","raw","tobit","A_anydetect",0.0638605227699782,0.0587593557222292,0.277118775993558,6314,3500,0.452011403230915,""
"PFBS","idw__mil_milsusp__25km","cov","detect","A_anydetect",0.0433885793996227,0.0329683820877369,0.188151762597984,6314,3500,0.452011403230915,""
"PFBS","idw__mil_milsusp__25km","cov","tobit","A_anydetect",0.0773928220183284,0.0642310046847407,0.228236592125675,6314,3500,0.452011403230915,""
"PFHxA","idw__mil_milsusp__25km","raw","detect","A_anydetect",0.0868062461453981,0.0283129856282919,0.00216978369453302,6314,3500,0.465473550839405,"***"
"PFHxA","idw__mil_milsusp__25km","raw","tobit","A_anydetect",0.181000189550772,0.0521300358749547,0.000516422684763646,6314,3500,0.465473550839405,"***"
"PFHxA","idw__mil_milsusp__25km","cov","detect","A_anydetect",0.0613665188203902,0.0302982857833303,0.0428250518378124,6314,3500,0.465473550839405,"**"
"PFHxA","idw__mil_milsusp__25km","cov","tobit","A_anydetect",0.109471441385059,0.0555961494873772,0.0489476734506212,6314,3500,0.465473550839405,"**"
"PFPeA","idw__mil_milsusp__25km","raw","detect","A_anydetect",0.0883402780193781,0.0300109892753918,0.00324421441862937,6314,3500,0.541019955654102,"***"
"PFPeA","idw__mil_milsusp__25km","raw","tobit","A_anydetect",0.152037365188528,0.0642211869175348,0.0179134643567053,6314,3500,0.541019955654102,"**"
"PFPeA","idw__mil_milsusp__25km","cov","detect","A_anydetect",0.0565346057602723,0.0296896883230241,0.0568863287381624,6314,3500,0.541019955654102,"*"
"PFPeA","idw__mil_milsusp__25km","cov","tobit","A_anydetect",0.0433919147428567,0.0581865222769441,0.455825554049541,6314,3500,0.541019955654102,""
"PFBA","idw__mil_milsusp__25km","raw","detect","A_anydetect",-0.204287182894812,0.0321554188829789,2.10993206735181e-10,6314,3500,0.432689261957555,"***"
"PFBA","idw__mil_milsusp__25km","raw","tobit","A_anydetect",-0.41131735698347,0.096154912908812,1.88874090286853e-05,6314,3500,0.432689261957555,"***"
"PFBA","idw__mil_milsusp__25km","cov","detect","A_anydetect",-0.147785324058625,0.0291805369525999,4.09437205059636e-07,6314,3500,0.432689261957555,"***"
"PFBA","idw__mil_milsusp__25km","cov","tobit","A_anydetect",-0.337615675874859,0.0770419678772147,1.17470329066224e-05,6314,3500,0.432689261957555,"***"
"PFHpA","idw__mil_milsusp__25km","raw","detect","A_anydetect",0.0742358101742415,0.0229552667024627,0.0012209780386086,6314,3500,0.13588850174216,"***"
"PFHpA","idw__mil_milsusp__25km","raw","tobit","A_anydetect",0.271330762998802,0.0709434787584092,0.000130982069641261,6314,3500,0.13588850174216,"***"
"PFHpA","idw__mil_milsusp__25km","cov","detect","A_anydetect",0.0494581751942165,0.0215244029476711,0.0215747565287965,6314,3500,0.13588850174216,"**"
"PFHpA","idw__mil_milsusp__25km","cov","tobit","A_anydetect",0.194681315767903,0.0714069032638206,0.00640360496722499,6314,3500,0.13588850174216,"***"
"PFOS","idw__mil_milbase__5km","raw","detect","A_anydetect",0.051552164891938,0.0372284701089157,0.166128588375893,6314,3500,0.360785555907507,""
"PFOS","idw__mil_milbase__5km","raw","tobit","A_anydetect",0.20145554218056,0.095926728190978,0.0357202100789953,6314,3500,0.360785555907507,"**"
"PFOS","idw__mil_milbase__5km","cov","detect","A_anydetect",0.0501947605532056,0.0385558984193221,0.192960890797656,6314,3500,0.360785555907507,""
"PFOS","idw__mil_milbase__5km","cov","tobit","A_anydetect",0.207458586448611,0.094756649163258,0.0285690221550228,6314,3500,0.360785555907507,"**"
"PFOA","idw__mil_milbase__5km","raw","detect","A_anydetect",0.0223286412519665,0.0365627229117443,0.541402074861696,6314,3500,0.354450427621159,""
"PFOA","idw__mil_milbase__5km","raw","tobit","A_anydetect",0.0680933486217446,0.0778763382827422,0.381912492190042,6314,3500,0.354450427621159,""
"PFOA","idw__mil_milbase__5km","cov","detect","A_anydetect",-0.00372443938164696,0.0312999077263381,0.905281674551401,6314,3500,0.354450427621159,""
"PFOA","idw__mil_milbase__5km","cov","tobit","A_anydetect",0.0253759996707127,0.0693672388844659,0.714498573679807,6314,3500,0.354450427621159,""
"PFHxS","idw__mil_milbase__5km","raw","detect","A_anydetect",0.14708882511509,0.0560197932185371,0.0086481630316698,6314,3500,0.276369971491923,"***"
"PFHxS","idw__mil_milbase__5km","raw","tobit","A_anydetect",0.423894193525879,0.136445862179938,0.00189198445952747,6314,3500,0.276369971491923,"***"
"PFHxS","idw__mil_milbase__5km","cov","detect","A_anydetect",0.119560769313958,0.0443033976369088,0.00696147198416051,6314,3500,0.276369971491923,"***"
"PFHxS","idw__mil_milbase__5km","cov","tobit","A_anydetect",0.315290344448567,0.0969615574323934,0.00114715169491481,6314,3500,0.276369971491923,"***"
"PFBS","idw__mil_milbase__5km","raw","detect","A_anydetect",-0.0276282378918698,0.0324174375077276,0.394067189583882,6314,3500,0.452011403230915,""
"PFBS","idw__mil_milbase__5km","raw","tobit","A_anydetect",-0.0533957966836546,0.0615719917145864,0.385827405196871,6314,3500,0.452011403230915,""
"PFBS","idw__mil_milbase__5km","cov","detect","A_anydetect",-0.00830150734869551,0.0344135950937102,0.809378756812508,6314,3500,0.452011403230915,""
"PFBS","idw__mil_milbase__5km","cov","tobit","A_anydetect",-0.0310294208841926,0.0615069073612737,0.613919358460765,6314,3500,0.452011403230915,""
"PFHxA","idw__mil_milbase__5km","raw","detect","A_anydetect",0.0831276190515306,0.0267108239871004,0.00185741216041395,6314,3500,0.465473550839405,"***"
"PFHxA","idw__mil_milbase__5km","raw","tobit","A_anydetect",0.140020640303974,0.0468948701477559,0.00282799359139176,6314,3500,0.465473550839405,"***"
"PFHxA","idw__mil_milbase__5km","cov","detect","A_anydetect",0.0682368094189049,0.0280575082962934,0.015014304804664,6314,3500,0.465473550839405,"**"
"PFHxA","idw__mil_milbase__5km","cov","tobit","A_anydetect",0.0714429353043835,0.0427803362032182,0.0949204095344527,6314,3500,0.465473550839405,"*"
"PFPeA","idw__mil_milbase__5km","raw","detect","A_anydetect",0.0896363975633218,0.0277994994871897,0.00126241830672783,6314,3500,0.541019955654102,"***"
"PFPeA","idw__mil_milbase__5km","raw","tobit","A_anydetect",0.151188471817814,0.0590068741535417,0.0104006028813677,6314,3500,0.541019955654102,"**"
"PFPeA","idw__mil_milbase__5km","cov","detect","A_anydetect",0.0669421942732601,0.0275965521482084,0.0152770065590146,6314,3500,0.541019955654102,"**"
"PFPeA","idw__mil_milbase__5km","cov","tobit","A_anydetect",0.0461028184274314,0.0475165846161516,0.331923443440508,6314,3500,0.541019955654102,""
"PFBA","idw__mil_milbase__5km","raw","detect","A_anydetect",-0.0765510020673444,0.0379157319149759,0.0434895788770472,6314,3500,0.432689261957555,"**"
"PFBA","idw__mil_milbase__5km","raw","tobit","A_anydetect",-0.119308975891716,0.0878267565212786,0.174318343630433,6314,3500,0.432689261957555,""
"PFBA","idw__mil_milbase__5km","cov","detect","A_anydetect",-0.0601545091752454,0.0286317613301082,0.0356434846061294,6314,3500,0.432689261957555,"**"
"PFBA","idw__mil_milbase__5km","cov","tobit","A_anydetect",-0.15723946327387,0.0668222097375793,0.0186175354200629,6314,3500,0.432689261957555,"**"
"PFHpA","idw__mil_milbase__5km","raw","detect","A_anydetect",0.0376477036661352,0.0249668719554322,0.131578508451071,6314,3500,0.13588850174216,""
"PFHpA","idw__mil_milbase__5km","raw","tobit","A_anydetect",0.150897468354622,0.0835084549089073,0.0707665917076964,6314,3500,0.13588850174216,"*"
"PFHpA","idw__mil_milbase__5km","cov","detect","A_anydetect",0.0074606858194249,0.0202957545695861,0.713172747981289,6314,3500,0.13588850174216,""
"PFHpA","idw__mil_milbase__5km","cov","tobit","A_anydetect",0.0434221221803568,0.0722182901361841,0.547665415715111,6314,3500,0.13588850174216,""
"PFOS","idw__mil_milbase__10km","raw","detect","A_anydetect",0.0658095959391256,0.0220268154052089,0.00281081994909161,6314,3500,0.360785555907507,"***"
"PFOS","idw__mil_milbase__10km","raw","tobit","A_anydetect",0.20491495187153,0.0548784822935387,0.000188480243505561,6314,3500,0.360785555907507,"***"
"PFOS","idw__mil_milbase__10km","cov","detect","A_anydetect",0.0645508220174103,0.0236867017801686,0.00642640069750319,6314,3500,0.360785555907507,"***"
"PFOS","idw__mil_milbase__10km","cov","tobit","A_anydetect",0.208354460941221,0.0562374991693683,0.000211471916685745,6314,3500,0.360785555907507,"***"
"PFOA","idw__mil_milbase__10km","raw","detect","A_anydetect",0.0680125883824148,0.025277964549839,0.00713262182037293,6314,3500,0.354450427621159,"***"
"PFOA","idw__mil_milbase__10km","raw","tobit","A_anydetect",0.14924331671007,0.0475287220897944,0.00168909867544015,6314,3500,0.354450427621159,"***"
"PFOA","idw__mil_milbase__10km","cov","detect","A_anydetect",0.037315515781862,0.0217564795480158,0.086318656919321,6314,3500,0.354450427621159,"*"
"PFOA","idw__mil_milbase__10km","cov","tobit","A_anydetect",0.0973709000408491,0.0431251661935382,0.023953937479366,6314,3500,0.354450427621159,"**"
"PFHxS","idw__mil_milbase__10km","raw","detect","A_anydetect",0.0880978860255784,0.0298926763866807,0.0032072852434264,6314,3500,0.276369971491923,"***"
"PFHxS","idw__mil_milbase__10km","raw","tobit","A_anydetect",0.244335085567887,0.0750613685806942,0.00113337426768637,6314,3500,0.276369971491923,"***"
"PFHxS","idw__mil_milbase__10km","cov","detect","A_anydetect",0.0757080433040807,0.0237436686248519,0.00142984764771309,6314,3500,0.276369971491923,"***"
"PFHxS","idw__mil_milbase__10km","cov","tobit","A_anydetect",0.1916141278086,0.0524609350081598,0.000259688745563569,6314,3500,0.276369971491923,"***"
"PFBS","idw__mil_milbase__10km","raw","detect","A_anydetect",-0.0167995272180212,0.0181887110041935,0.355682193812476,6314,3500,0.452011403230915,""
"PFBS","idw__mil_milbase__10km","raw","tobit","A_anydetect",-0.0264293576344219,0.0364291062825327,0.46814465422141,6314,3500,0.452011403230915,""
"PFBS","idw__mil_milbase__10km","cov","detect","A_anydetect",-0.0069672234684743,0.0194455859757845,0.720123820076681,6314,3500,0.452011403230915,""
"PFBS","idw__mil_milbase__10km","cov","tobit","A_anydetect",-0.0133391467420694,0.0375014400528894,0.722067551476794,6314,3500,0.452011403230915,""
"PFHxA","idw__mil_milbase__10km","raw","detect","A_anydetect",0.0666118211410852,0.0155869543315263,1.92374459668959e-05,6314,3500,0.465473550839405,"***"
"PFHxA","idw__mil_milbase__10km","raw","tobit","A_anydetect",0.118345625320874,0.0284693301462306,3.22522393007327e-05,6314,3500,0.465473550839405,"***"
"PFHxA","idw__mil_milbase__10km","cov","detect","A_anydetect",0.0553084982240939,0.0163909931347467,0.000739975991721605,6314,3500,0.465473550839405,"***"
"PFHxA","idw__mil_milbase__10km","cov","tobit","A_anydetect",0.0744756731956658,0.0265028409113053,0.00495258771507455,6314,3500,0.465473550839405,"***"
"PFPeA","idw__mil_milbase__10km","raw","detect","A_anydetect",0.0703811145114925,0.0161514044540323,1.31505554485023e-05,6314,3500,0.541019955654102,"***"
"PFPeA","idw__mil_milbase__10km","raw","tobit","A_anydetect",0.119529755789522,0.0333977769553106,0.000344946553985943,6314,3500,0.541019955654102,"***"
"PFPeA","idw__mil_milbase__10km","cov","detect","A_anydetect",0.0546731367883308,0.015893167834595,0.000581627716885906,6314,3500,0.541019955654102,"***"
"PFPeA","idw__mil_milbase__10km","cov","tobit","A_anydetect",0.0569127532695596,0.0274247638836171,0.0379650190756552,6314,3500,0.541019955654102,"**"
"PFBA","idw__mil_milbase__10km","raw","detect","A_anydetect",-0.0608485162526174,0.0207342733123093,0.00333888766698093,6314,3500,0.432689261957555,"***"
"PFBA","idw__mil_milbase__10km","raw","tobit","A_anydetect",-0.0759539804098125,0.0464183841358664,0.101778715864902,6314,3500,0.432689261957555,""
"PFBA","idw__mil_milbase__10km","cov","detect","A_anydetect",-0.0413638280406664,0.0162932924726176,0.0111264280438117,6314,3500,0.432689261957555,"**"
"PFBA","idw__mil_milbase__10km","cov","tobit","A_anydetect",-0.0846756526927603,0.0375436564267634,0.0241087505910495,6314,3500,0.432689261957555,"**"
"PFHpA","idw__mil_milbase__10km","raw","detect","A_anydetect",0.0346586353013284,0.0150122965825642,0.0209611732316129,6314,3500,0.13588850174216,"**"
"PFHpA","idw__mil_milbase__10km","raw","tobit","A_anydetect",0.127268393720118,0.0481973689943562,0.00827673663529034,6314,3500,0.13588850174216,"***"
"PFHpA","idw__mil_milbase__10km","cov","detect","A_anydetect",0.0163682171108234,0.0132567571949628,0.216939395495317,6314,3500,0.13588850174216,""
"PFHpA","idw__mil_milbase__10km","cov","tobit","A_anydetect",0.0662911005718977,0.043083645467938,0.123887216719578,6314,3500,0.13588850174216,""
"PFOS","idw__mil_milbase__25km","raw","detect","A_anydetect",0.0499292822507881,0.00961057418815298,2.04451005012527e-07,6314,3500,0.360785555907507,"***"
"PFOS","idw__mil_milbase__25km","raw","tobit","A_anydetect",0.131926395024032,0.0251732085054319,1.59928615101518e-07,6314,3500,0.360785555907507,"***"
"PFOS","idw__mil_milbase__25km","cov","detect","A_anydetect",0.0489929022516375,0.0109562623978845,7.76074043395164e-06,6314,3500,0.360785555907507,"***"
"PFOS","idw__mil_milbase__25km","cov","tobit","A_anydetect",0.134135192839078,0.0265258239121236,4.26399956743612e-07,6314,3500,0.360785555907507,"***"
"PFOA","idw__mil_milbase__25km","raw","detect","A_anydetect",0.095761498405998,0.0115829674870204,1.36865123608126e-16,6314,3500,0.354450427621159,"***"
"PFOA","idw__mil_milbase__25km","raw","tobit","A_anydetect",0.186182335162247,0.0208123832030195,3.69439168438493e-19,6314,3500,0.354450427621159,"***"
"PFOA","idw__mil_milbase__25km","cov","detect","A_anydetect",0.0682879198963485,0.0117098251913022,5.48730155224999e-09,6314,3500,0.354450427621159,"***"
"PFOA","idw__mil_milbase__25km","cov","tobit","A_anydetect",0.134261036780569,0.0220388222568316,1.11491879862669e-09,6314,3500,0.354450427621159,"***"
"PFHxS","idw__mil_milbase__25km","raw","detect","A_anydetect",0.0280626397768571,0.011424979865531,0.0140394321884424,6314,3500,0.276369971491923,"**"
"PFHxS","idw__mil_milbase__25km","raw","tobit","A_anydetect",0.0735107848438552,0.0322509418513972,0.0226470037273002,6314,3500,0.276369971491923,"**"
"PFHxS","idw__mil_milbase__25km","cov","detect","A_anydetect",0.0218829421904367,0.0102609366221708,0.032953802811706,6314,3500,0.276369971491923,"**"
"PFHxS","idw__mil_milbase__25km","cov","tobit","A_anydetect",0.048684116257744,0.025439190533084,0.0556527834982569,6314,3500,0.276369971491923,"*"
"PFBS","idw__mil_milbase__25km","raw","detect","A_anydetect",-0.00847204218207667,0.00930457407949612,0.362545994198907,6314,3500,0.452011403230915,""
"PFBS","idw__mil_milbase__25km","raw","tobit","A_anydetect",-0.0188693925991507,0.0191712554469628,0.324990442341772,6314,3500,0.452011403230915,""
"PFBS","idw__mil_milbase__25km","cov","detect","A_anydetect",-0.00376755895104005,0.0101862372525528,0.711481156381565,6314,3500,0.452011403230915,""
"PFBS","idw__mil_milbase__25km","cov","tobit","A_anydetect",-0.0127122815814295,0.0202669842673129,0.530501332775636,6314,3500,0.452011403230915,""
"PFHxA","idw__mil_milbase__25km","raw","detect","A_anydetect",0.051601482636704,0.00847069252848874,1.11671352384507e-09,6314,3500,0.465473550839405,"***"
"PFHxA","idw__mil_milbase__25km","raw","tobit","A_anydetect",0.0884117107393651,0.0155931607086796,1.42878279320474e-08,6314,3500,0.465473550839405,"***"
"PFHxA","idw__mil_milbase__25km","cov","detect","A_anydetect",0.0475401696984158,0.00921696707245393,2.4973851108546e-07,6314,3500,0.465473550839405,"***"
"PFHxA","idw__mil_milbase__25km","cov","tobit","A_anydetect",0.0681899426304718,0.0162499817822618,2.71300208999182e-05,6314,3500,0.465473550839405,"***"
"PFPeA","idw__mil_milbase__25km","raw","detect","A_anydetect",0.0540240946265226,0.00833480413252153,9.06663733637908e-11,6314,3500,0.541019955654102,"***"
"PFPeA","idw__mil_milbase__25km","raw","tobit","A_anydetect",0.0838507994553769,0.0177393661895766,2.28062720041836e-06,6314,3500,0.541019955654102,"***"
"PFPeA","idw__mil_milbase__25km","cov","detect","A_anydetect",0.0469901735552026,0.0088373862050059,1.05374674891467e-07,6314,3500,0.541019955654102,"***"
"PFPeA","idw__mil_milbase__25km","cov","tobit","A_anydetect",0.0550910877906665,0.0165776079248182,0.000889837513147279,6314,3500,0.541019955654102,"***"
"PFBA","idw__mil_milbase__25km","raw","detect","A_anydetect",-0.052669142316469,0.00941572747242411,2.22228185650167e-08,6314,3500,0.432689261957555,"***"
"PFBA","idw__mil_milbase__25km","raw","tobit","A_anydetect",-0.0681750961797268,0.0192476622536941,0.000397115135519454,6314,3500,0.432689261957555,"***"
"PFBA","idw__mil_milbase__25km","cov","detect","A_anydetect",-0.0325599121484385,0.00892523179034754,0.000264212842565512,6314,3500,0.432689261957555,"***"
"PFBA","idw__mil_milbase__25km","cov","tobit","A_anydetect",-0.0547508087113099,0.0188868670901664,0.00374495194705249,6314,3500,0.432689261957555,"***"
"PFHpA","idw__mil_milbase__25km","raw","detect","A_anydetect",0.0253410503129233,0.00750501358294689,0.000734011470588525,6314,3500,0.13588850174216,"***"
"PFHpA","idw__mil_milbase__25km","raw","tobit","A_anydetect",0.0907888525609123,0.0244211915363291,0.000201103824424176,6314,3500,0.13588850174216,"***"
"PFHpA","idw__mil_milbase__25km","cov","detect","A_anydetect",0.0158173573669044,0.00782983857325161,0.0433690363622048,6314,3500,0.13588850174216,"**"
"PFHpA","idw__mil_milbase__25km","cov","tobit","A_anydetect",0.059901391875778,0.0257603381390521,0.0200541039768492,6314,3500,0.13588850174216,"**"
"PFOS","idw__mil_airport.milfire__5km","raw","detect","A_anydetect",0.0590378894240962,0.0254570924788575,0.0203888774550733,6314,3500,0.360785555907507,"**"
"PFOS","idw__mil_airport.milfire__5km","raw","tobit","A_anydetect",0.154347308015277,0.0603259219739277,0.0105107597082513,6314,3500,0.360785555907507,"**"
"PFOS","idw__mil_airport.milfire__5km","cov","detect","A_anydetect",0.0582859344645416,0.0267676139030793,0.029444798789388,6314,3500,0.360785555907507,"**"
"PFOS","idw__mil_airport.milfire__5km","cov","tobit","A_anydetect",0.145322672351724,0.0617970277964173,0.0186922286635733,6314,3500,0.360785555907507,"**"
"PFOA","idw__mil_airport.milfire__5km","raw","detect","A_anydetect",0.0590623473706652,0.0266844057744733,0.02687244623789,6314,3500,0.354450427621159,"**"
"PFOA","idw__mil_airport.milfire__5km","raw","tobit","A_anydetect",0.116432893272213,0.0508721255695516,0.0220946639050823,6314,3500,0.354450427621159,"**"
"PFOA","idw__mil_airport.milfire__5km","cov","detect","A_anydetect",0.0148610197648935,0.0251331988048473,0.554325845026808,6314,3500,0.354450427621159,""
"PFOA","idw__mil_airport.milfire__5km","cov","tobit","A_anydetect",0.0265202985048042,0.0494282334402103,0.591584362478835,6314,3500,0.354450427621159,""
"PFHxS","idw__mil_airport.milfire__5km","raw","detect","A_anydetect",0.144325789316511,0.0284890259122787,4.06233160762159e-07,6314,3500,0.276369971491923,"***"
"PFHxS","idw__mil_airport.milfire__5km","raw","tobit","A_anydetect",0.319991838011335,0.0635632071676451,4.7977203827567e-07,6314,3500,0.276369971491923,"***"
"PFHxS","idw__mil_airport.milfire__5km","cov","detect","A_anydetect",0.111045709344282,0.0278526507123552,6.69424643387445e-05,6314,3500,0.276369971491923,"***"
"PFHxS","idw__mil_airport.milfire__5km","cov","tobit","A_anydetect",0.223412303755777,0.0603777543985811,0.000215393950358259,6314,3500,0.276369971491923,"***"
"PFBS","idw__mil_airport.milfire__5km","raw","detect","A_anydetect",-0.0383384101885714,0.0261005557685863,0.141867150494351,6314,3500,0.452011403230915,""
"PFBS","idw__mil_airport.milfire__5km","raw","tobit","A_anydetect",-0.130649784975566,0.049146668188856,0.0078520790444279,6314,3500,0.452011403230915,"***"
"PFBS","idw__mil_airport.milfire__5km","cov","detect","A_anydetect",-0.0492367690862125,0.0271910157192417,0.0701759291948602,6314,3500,0.452011403230915,"*"
"PFBS","idw__mil_airport.milfire__5km","cov","tobit","A_anydetect",-0.128943685254383,0.0491276078905757,0.00867333635168155,6314,3500,0.452011403230915,"***"
"PFHxA","idw__mil_airport.milfire__5km","raw","detect","A_anydetect",0.141554388091527,0.0237025080095701,2.34180109965632e-09,6314,3500,0.465473550839405,"***"
"PFHxA","idw__mil_airport.milfire__5km","raw","tobit","A_anydetect",0.212518174809149,0.0405380101436683,1.58465045664926e-07,6314,3500,0.465473550839405,"***"
"PFHxA","idw__mil_airport.milfire__5km","cov","detect","A_anydetect",0.111742791623632,0.0241921128538025,3.85638226692784e-06,6314,3500,0.465473550839405,"***"
"PFHxA","idw__mil_airport.milfire__5km","cov","tobit","A_anydetect",0.132317896811545,0.0402513194453917,0.00101155381951354,6314,3500,0.465473550839405,"***"
"PFPeA","idw__mil_airport.milfire__5km","raw","detect","A_anydetect",0.153465201456029,0.0231967739594506,3.69549409942432e-11,6314,3500,0.541019955654102,"***"
"PFPeA","idw__mil_airport.milfire__5km","raw","tobit","A_anydetect",0.260624883347889,0.0474094091101129,3.85597806043773e-08,6314,3500,0.541019955654102,"***"
"PFPeA","idw__mil_airport.milfire__5km","cov","detect","A_anydetect",0.109010598909733,0.0229928036543699,2.12587562782498e-06,6314,3500,0.541019955654102,"***"
"PFPeA","idw__mil_airport.milfire__5km","cov","tobit","A_anydetect",0.144301092718731,0.0424621866619591,0.000677952583035827,6314,3500,0.541019955654102,"***"
"PFBA","idw__mil_airport.milfire__5km","raw","detect","A_anydetect",0.0145206735534211,0.0286934416154765,0.612812805247484,6314,3500,0.432689261957555,""
"PFBA","idw__mil_airport.milfire__5km","raw","tobit","A_anydetect",0.130949691544422,0.0790384616821831,0.0975630689156446,6314,3500,0.432689261957555,"*"
"PFBA","idw__mil_airport.milfire__5km","cov","detect","A_anydetect",0.0137938341803827,0.0261328780236895,0.597614220729715,6314,3500,0.432689261957555,""
"PFBA","idw__mil_airport.milfire__5km","cov","tobit","A_anydetect",0.0913959047899314,0.0579922937055234,0.115025604871486,6314,3500,0.432689261957555,""
"PFHpA","idw__mil_airport.milfire__5km","raw","detect","A_anydetect",0.0670327834804134,0.0198105214894005,0.000715171259121152,6314,3500,0.13588850174216,"***"
"PFHpA","idw__mil_airport.milfire__5km","raw","tobit","A_anydetect",0.175933739527207,0.0537798744586568,0.00107028685969123,6314,3500,0.13588850174216,"***"
"PFHpA","idw__mil_airport.milfire__5km","cov","detect","A_anydetect",0.0349734349214424,0.0202425287248207,0.0840383191783888,6314,3500,0.13588850174216,"*"
"PFHpA","idw__mil_airport.milfire__5km","cov","tobit","A_anydetect",0.0689537158763681,0.0568183086919518,0.224907120596434,6314,3500,0.13588850174216,""
"PFOS","idw__mil_airport.milfire__10km","raw","detect","A_anydetect",0.0283028922575831,0.011777315461707,0.0162536254948167,6314,3500,0.360785555907507,"**"
"PFOS","idw__mil_airport.milfire__10km","raw","tobit","A_anydetect",0.0804990028000977,0.0291697031919044,0.00578582691662852,6314,3500,0.360785555907507,"***"
"PFOS","idw__mil_airport.milfire__10km","cov","detect","A_anydetect",0.0323752058782253,0.0128362076128812,0.0116630534046292,6314,3500,0.360785555907507,"**"
"PFOS","idw__mil_airport.milfire__10km","cov","tobit","A_anydetect",0.0863396438602936,0.0316735800707397,0.00641225473061681,6314,3500,0.360785555907507,"***"
"PFOA","idw__mil_airport.milfire__10km","raw","detect","A_anydetect",0.0479422412574322,0.0128421738029374,0.000189071822424363,6314,3500,0.354450427621159,"***"
"PFOA","idw__mil_airport.milfire__10km","raw","tobit","A_anydetect",0.107499685385564,0.0261517926099321,3.94624044523647e-05,6314,3500,0.354450427621159,"***"
"PFOA","idw__mil_airport.milfire__10km","cov","detect","A_anydetect",0.0259319700019528,0.0125043501818032,0.0380945561180473,6314,3500,0.354450427621159,"**"
"PFOA","idw__mil_airport.milfire__10km","cov","tobit","A_anydetect",0.0612939215959257,0.0269299462553958,0.0228429784667528,6314,3500,0.354450427621159,"**"
"PFHxS","idw__mil_airport.milfire__10km","raw","detect","A_anydetect",0.0583781293382476,0.0119414170594259,1.01498698616971e-06,6314,3500,0.276369971491923,"***"
"PFHxS","idw__mil_airport.milfire__10km","raw","tobit","A_anydetect",0.115517815097336,0.0290148580129213,6.85298276171261e-05,6314,3500,0.276369971491923,"***"
"PFHxS","idw__mil_airport.milfire__10km","cov","detect","A_anydetect",0.047113894227744,0.0122028357815264,0.000112971440309175,6314,3500,0.276369971491923,"***"
"PFHxS","idw__mil_airport.milfire__10km","cov","tobit","A_anydetect",0.0799995575440591,0.0294038584597462,0.00651406361685143,6314,3500,0.276369971491923,"***"
"PFBS","idw__mil_airport.milfire__10km","raw","detect","A_anydetect",-0.016086545676999,0.0123893875446656,0.194145348237645,6314,3500,0.452011403230915,""
"PFBS","idw__mil_airport.milfire__10km","raw","tobit","A_anydetect",-0.0693474110105681,0.0238256267230587,0.00360709255812379,6314,3500,0.452011403230915,"***"
"PFBS","idw__mil_airport.milfire__10km","cov","detect","A_anydetect",-0.021818189665098,0.0131607683855641,0.0973537323554369,6314,3500,0.452011403230915,"*"
"PFBS","idw__mil_airport.milfire__10km","cov","tobit","A_anydetect",-0.0671371421964745,0.0245730159704063,0.00629226682050555,6314,3500,0.452011403230915,"***"
"PFHxA","idw__mil_airport.milfire__10km","raw","detect","A_anydetect",0.103159539345398,0.0110903323035826,1.38148006352835e-20,6314,3500,0.465473550839405,"***"
"PFHxA","idw__mil_airport.milfire__10km","raw","tobit","A_anydetect",0.147900409973532,0.0185502136701134,1.54898157755483e-15,6314,3500,0.465473550839405,"***"
"PFHxA","idw__mil_airport.milfire__10km","cov","detect","A_anydetect",0.0889967769341174,0.0114924807796551,9.64026135222625e-15,6314,3500,0.465473550839405,"***"
"PFHxA","idw__mil_airport.milfire__10km","cov","tobit","A_anydetect",0.110917580595591,0.019780168256249,2.05252804940696e-08,6314,3500,0.465473550839405,"***"
"PFPeA","idw__mil_airport.milfire__10km","raw","detect","A_anydetect",0.104532647294719,0.0108680788834892,6.69158854130542e-22,6314,3500,0.541019955654102,"***"
"PFPeA","idw__mil_airport.milfire__10km","raw","tobit","A_anydetect",0.169740244094916,0.0211800156402928,1.108833300325e-15,6314,3500,0.541019955654102,"***"
"PFPeA","idw__mil_airport.milfire__10km","cov","detect","A_anydetect",0.0817016257149677,0.0111809573733627,2.72742102494439e-13,6314,3500,0.541019955654102,"***"
"PFPeA","idw__mil_airport.milfire__10km","cov","tobit","A_anydetect",0.113000243577961,0.0213586119047553,1.21904147795938e-07,6314,3500,0.541019955654102,"***"
"PFBA","idw__mil_airport.milfire__10km","raw","detect","A_anydetect",0.037544028734353,0.012712688773048,0.00314424705891566,6314,3500,0.432689261957555,"***"
"PFBA","idw__mil_airport.milfire__10km","raw","tobit","A_anydetect",0.101279705483444,0.0314490403616282,0.00127994579362276,6314,3500,0.432689261957555,"***"
"PFBA","idw__mil_airport.milfire__10km","cov","detect","A_anydetect",0.0352004047041775,0.0119851433014615,0.00331400641731184,6314,3500,0.432689261957555,"***"
"PFBA","idw__mil_airport.milfire__10km","cov","tobit","A_anydetect",0.0843005054318728,0.0241217141927048,0.000474421629668758,6314,3500,0.432689261957555,"***"
"PFHpA","idw__mil_airport.milfire__10km","raw","detect","A_anydetect",0.0358477740554839,0.0095195782007829,0.000166090209045453,6314,3500,0.13588850174216,"***"
"PFHpA","idw__mil_airport.milfire__10km","raw","tobit","A_anydetect",0.0972730838230116,0.0276978200448624,0.000444848314646559,6314,3500,0.13588850174216,"***"
"PFHpA","idw__mil_airport.milfire__10km","cov","detect","A_anydetect",0.0243932030944205,0.0103673082827001,0.018627819541777,6314,3500,0.13588850174216,"**"
"PFHpA","idw__mil_airport.milfire__10km","cov","tobit","A_anydetect",0.052598790416787,0.0316892858899379,0.0969488915628514,6314,3500,0.13588850174216,"*"
"PFOS","idw__mil_airport.milfire__25km","raw","detect","A_anydetect",0.0122821347423403,0.00558329023631978,0.0278209242369927,6314,3500,0.360785555907507,"**"
"PFOS","idw__mil_airport.milfire__25km","raw","tobit","A_anydetect",0.0358337222072733,0.0146437787200585,0.0144040040143153,6314,3500,0.360785555907507,"**"
"PFOS","idw__mil_airport.milfire__25km","cov","detect","A_anydetect",0.0153426973328203,0.00628461760792968,0.0146341026537362,6314,3500,0.360785555907507,"**"
"PFOS","idw__mil_airport.milfire__25km","cov","tobit","A_anydetect",0.0403364958717123,0.0164411972726526,0.0141520957266874,6314,3500,0.360785555907507,"**"
"PFOA","idw__mil_airport.milfire__25km","raw","detect","A_anydetect",0.0363369082540272,0.00586850109365562,5.94602132013866e-10,6314,3500,0.354450427621159,"***"
"PFOA","idw__mil_airport.milfire__25km","raw","tobit","A_anydetect",0.0796572277030817,0.0129126461863098,6.87530735180967e-10,6314,3500,0.354450427621159,"***"
"PFOA","idw__mil_airport.milfire__25km","cov","detect","A_anydetect",0.0258242809211923,0.0058696169492847,1.08423847126472e-05,6314,3500,0.354450427621159,"***"
"PFOA","idw__mil_airport.milfire__25km","cov","tobit","A_anydetect",0.0548296572583262,0.013616085980717,5.65339860933253e-05,6314,3500,0.354450427621159,"***"
"PFHxS","idw__mil_airport.milfire__25km","raw","detect","A_anydetect",0.0155703549136596,0.00568782489633318,0.00619102955278437,6314,3500,0.276369971491923,"***"
"PFHxS","idw__mil_airport.milfire__25km","raw","tobit","A_anydetect",0.0194337111948547,0.0157441784345529,0.217075243328954,6314,3500,0.276369971491923,""
"PFHxS","idw__mil_airport.milfire__25km","cov","detect","A_anydetect",0.0100672295476052,0.00596027557506723,0.0912090098019925,6314,3500,0.276369971491923,"*"
"PFHxS","idw__mil_airport.milfire__25km","cov","tobit","A_anydetect",0.00186741750832882,0.0160735881888599,0.907510477154583,6314,3500,0.276369971491923,""
"PFBS","idw__mil_airport.milfire__25km","raw","detect","A_anydetect",-0.00501521694376537,0.00585162328428242,0.391409394099422,6314,3500,0.452011403230915,""
"PFBS","idw__mil_airport.milfire__25km","raw","tobit","A_anydetect",-0.0315852544343318,0.0118289965737814,0.00758162377900072,6314,3500,0.452011403230915,"***"
"PFBS","idw__mil_airport.milfire__25km","cov","detect","A_anydetect",-0.00735873196547223,0.00627889832026211,0.241205807750037,6314,3500,0.452011403230915,""
"PFBS","idw__mil_airport.milfire__25km","cov","tobit","A_anydetect",-0.0312773638635213,0.0127184095006746,0.0139239359568336,6314,3500,0.452011403230915,"**"
"PFHxA","idw__mil_airport.milfire__25km","raw","detect","A_anydetect",0.0578510625411386,0.00525234167611472,3.25926384565714e-28,6314,3500,0.465473550839405,"***"
"PFHxA","idw__mil_airport.milfire__25km","raw","tobit","A_anydetect",0.0827022157599199,0.00929452269647522,5.68866676939774e-19,6314,3500,0.465473550839405,"***"
"PFHxA","idw__mil_airport.milfire__25km","cov","detect","A_anydetect",0.0548564235607322,0.00556137182664702,5.97269687264348e-23,6314,3500,0.465473550839405,"***"
"PFHxA","idw__mil_airport.milfire__25km","cov","tobit","A_anydetect",0.0697951994287694,0.0102194328956706,8.5119174172241e-12,6314,3500,0.465473550839405,"***"
"PFPeA","idw__mil_airport.milfire__25km","raw","detect","A_anydetect",0.058577292595519,0.00525070222866379,6.68702668493928e-29,6314,3500,0.541019955654102,"***"
"PFPeA","idw__mil_airport.milfire__25km","raw","tobit","A_anydetect",0.0967817755017878,0.0103472526843165,8.48914374128064e-21,6314,3500,0.541019955654102,"***"
"PFPeA","idw__mil_airport.milfire__25km","cov","detect","A_anydetect",0.0511623439681964,0.00554418595764677,2.75455522217549e-20,6314,3500,0.541019955654102,"***"
"PFPeA","idw__mil_airport.milfire__25km","cov","tobit","A_anydetect",0.0756243451881492,0.0109712628353201,5.46478212700082e-12,6314,3500,0.541019955654102,"***"
"PFBA","idw__mil_airport.milfire__25km","raw","detect","A_anydetect",0.0204710641097394,0.00588232617726661,0.000501232773635463,6314,3500,0.432689261957555,"***"
"PFBA","idw__mil_airport.milfire__25km","raw","tobit","A_anydetect",0.057534945512867,0.0145622106601376,7.78331148676748e-05,6314,3500,0.432689261957555,"***"
"PFBA","idw__mil_airport.milfire__25km","cov","detect","A_anydetect",0.0237783821662628,0.00556474540464952,1.92825466330187e-05,6314,3500,0.432689261957555,"***"
"PFBA","idw__mil_airport.milfire__25km","cov","tobit","A_anydetect",0.056331073395161,0.0112184617774145,5.13274219110302e-07,6314,3500,0.432689261957555,"***"
"PFHpA","idw__mil_airport.milfire__25km","raw","detect","A_anydetect",0.0150639224981574,0.00459678984286601,0.0010489679420402,6314,3500,0.13588850174216,"***"
"PFHpA","idw__mil_airport.milfire__25km","raw","tobit","A_anydetect",0.0446320075819722,0.0151659851802244,0.00325151366594932,6314,3500,0.13588850174216,"***"
"PFHpA","idw__mil_airport.milfire__25km","cov","detect","A_anydetect",0.0114201897304463,0.00514070737507241,0.02631568947184,6314,3500,0.13588850174216,"**"
"PFHpA","idw__mil_airport.milfire__25km","cov","tobit","A_anydetect",0.026919587998453,0.0172286711982757,0.118173125338378,6314,3500,0.13588850174216,""
"PFOS","idw__mil_airport.milsusp__5km","raw","detect","A_anydetect",0.0512044304208212,0.0286725378348942,0.0741259280978213,6314,3500,0.360785555907507,"*"
"PFOS","idw__mil_airport.milsusp__5km","raw","tobit","A_anydetect",0.159541339804754,0.0701183279685834,0.0228869920318033,6314,3500,0.360785555907507,"**"
"PFOS","idw__mil_airport.milsusp__5km","cov","detect","A_anydetect",0.0445270886598111,0.0281619518644011,0.113853335545725,6314,3500,0.360785555907507,""
"PFOS","idw__mil_airport.milsusp__5km","cov","tobit","A_anydetect",0.136581154397325,0.0666760325859822,0.0405179300641949,6314,3500,0.360785555907507,"**"
"PFOA","idw__mil_airport.milsusp__5km","raw","detect","A_anydetect",0.0280593502849765,0.029213347818159,0.336804841442163,6314,3500,0.354450427621159,""
"PFOA","idw__mil_airport.milsusp__5km","raw","tobit","A_anydetect",0.0714529821264974,0.0564750365755787,0.205794782547963,6314,3500,0.354450427621159,""
"PFOA","idw__mil_airport.milsusp__5km","cov","detect","A_anydetect",-0.025314885489618,0.0263575919263679,0.336833816595062,6314,3500,0.354450427621159,""
"PFOA","idw__mil_airport.milsusp__5km","cov","tobit","A_anydetect",-0.0349828012394774,0.0536129513746096,0.514074457199701,6314,3500,0.354450427621159,""
"PFHxS","idw__mil_airport.milsusp__5km","raw","detect","A_anydetect",0.158512685974666,0.0360848647488349,1.11913015993957e-05,6314,3500,0.276369971491923,"***"
"PFHxS","idw__mil_airport.milsusp__5km","raw","tobit","A_anydetect",0.337986475802047,0.082382237063724,4.08423642971872e-05,6314,3500,0.276369971491923,"***"
"PFHxS","idw__mil_airport.milsusp__5km","cov","detect","A_anydetect",0.130820940413937,0.0316721437374517,3.62017322006259e-05,6314,3500,0.276369971491923,"***"
"PFHxS","idw__mil_airport.milsusp__5km","cov","tobit","A_anydetect",0.25800030487332,0.0647708587322473,6.79713059873181e-05,6314,3500,0.276369971491923,"***"
"PFBS","idw__mil_airport.milsusp__5km","raw","detect","A_anydetect",-0.0181460765615934,0.0283308078884234,0.521843136234763,6314,3500,0.452011403230915,""
"PFBS","idw__mil_airport.milsusp__5km","raw","tobit","A_anydetect",-0.0961524266069183,0.0520090164825885,0.0644918164749349,6314,3500,0.452011403230915,"*"
"PFBS","idw__mil_airport.milsusp__5km","cov","detect","A_anydetect",-0.0403106183477538,0.0289616288742473,0.163963901592006,6314,3500,0.452011403230915,""
"PFBS","idw__mil_airport.milsusp__5km","cov","tobit","A_anydetect",-0.114605943016287,0.0513265916760818,0.0255570862968923,6314,3500,0.452011403230915,"**"
"PFHxA","idw__mil_airport.milsusp__5km","raw","detect","A_anydetect",0.139613272531611,0.0252357801990092,3.15961197419533e-08,6314,3500,0.465473550839405,"***"
"PFHxA","idw__mil_airport.milsusp__5km","raw","tobit","A_anydetect",0.200728539549527,0.0416854036499484,1.46964511294266e-06,6314,3500,0.465473550839405,"***"
"PFHxA","idw__mil_airport.milsusp__5km","cov","detect","A_anydetect",0.100704467316455,0.0253399020657023,7.06322650246482e-05,6314,3500,0.465473550839405,"***"
"PFHxA","idw__mil_airport.milsusp__5km","cov","tobit","A_anydetect",0.117422364474959,0.0404733609161134,0.00371705765008974,6314,3500,0.465473550839405,"***"
"PFPeA","idw__mil_airport.milsusp__5km","raw","detect","A_anydetect",0.140245075847004,0.025552343376012,4.05267965095947e-08,6314,3500,0.541019955654102,"***"
"PFPeA","idw__mil_airport.milsusp__5km","raw","tobit","A_anydetect",0.246334661621663,0.0535572654672311,4.23581386766245e-06,6314,3500,0.541019955654102,"***"
"PFPeA","idw__mil_airport.milsusp__5km","cov","detect","A_anydetect",0.0889159238250378,0.0245856707925392,0.000298526779922388,6314,3500,0.541019955654102,"***"
"PFPeA","idw__mil_airport.milsusp__5km","cov","tobit","A_anydetect",0.135648910040181,0.0434024778649678,0.00177580042489774,6314,3500,0.541019955654102,"***"
"PFBA","idw__mil_airport.milsusp__5km","raw","detect","A_anydetect",0.046878568127241,0.033572775422837,0.162616088533262,6314,3500,0.432689261957555,""
"PFBA","idw__mil_airport.milsusp__5km","raw","tobit","A_anydetect",0.228514958613783,0.100546608187464,0.0230426560670939,6314,3500,0.432689261957555,"**"
"PFBA","idw__mil_airport.milsusp__5km","cov","detect","A_anydetect",0.0414519203986163,0.0284831508945131,0.145582428959806,6314,3500,0.432689261957555,""
"PFBA","idw__mil_airport.milsusp__5km","cov","tobit","A_anydetect",0.1709323316942,0.0655201864201319,0.00908470819185524,6314,3500,0.432689261957555,"***"
"PFHpA","idw__mil_airport.milsusp__5km","raw","detect","A_anydetect",0.0545192777778869,0.0209207439620872,0.00916087753948181,6314,3500,0.13588850174216,"***"
"PFHpA","idw__mil_airport.milsusp__5km","raw","tobit","A_anydetect",0.140074201071954,0.0577790665332763,0.0153376293361912,6314,3500,0.13588850174216,"**"
"PFHpA","idw__mil_airport.milsusp__5km","cov","detect","A_anydetect",0.0224962021488528,0.0213641192695205,0.292345613896703,6314,3500,0.13588850174216,""
"PFHpA","idw__mil_airport.milsusp__5km","cov","tobit","A_anydetect",0.0358851812610254,0.0599720286677365,0.549596210246894,6314,3500,0.13588850174216,""
"PFOS","idw__mil_airport.milsusp__10km","raw","detect","A_anydetect",0.0155246726047804,0.0125388144211536,0.215668148348177,6314,3500,0.360785555907507,""
"PFOS","idw__mil_airport.milsusp__10km","raw","tobit","A_anydetect",0.0608926549375372,0.0320728119946549,0.0576203127738363,6314,3500,0.360785555907507,"*"
"PFOS","idw__mil_airport.milsusp__10km","cov","detect","A_anydetect",0.0182740698569052,0.0127837526948361,0.152867418997777,6314,3500,0.360785555907507,""
"PFOS","idw__mil_airport.milsusp__10km","cov","tobit","A_anydetect",0.0623297347538512,0.0325420822386007,0.0554468744870968,6314,3500,0.360785555907507,"*"
"PFOA","idw__mil_airport.milsusp__10km","raw","detect","A_anydetect",0.0314779557067412,0.0136358855200334,0.0209733230411833,6314,3500,0.354450427621159,"**"
"PFOA","idw__mil_airport.milsusp__10km","raw","tobit","A_anydetect",0.0817995153620994,0.0276424227192867,0.00308436750680215,6314,3500,0.354450427621159,"***"
"PFOA","idw__mil_airport.milsusp__10km","cov","detect","A_anydetect",0.00805753338440923,0.0123384253722732,0.513727979438232,6314,3500,0.354450427621159,""
"PFOA","idw__mil_airport.milsusp__10km","cov","tobit","A_anydetect",0.0305212437922515,0.0257512346182308,0.235924863982695,6314,3500,0.354450427621159,""
"PFHxS","idw__mil_airport.milsusp__10km","raw","detect","A_anydetect",0.059073617364334,0.0132685749338578,8.50167874180725e-06,6314,3500,0.276369971491923,"***"
"PFHxS","idw__mil_airport.milsusp__10km","raw","tobit","A_anydetect",0.113425724500644,0.0320803535120404,0.000406733758904404,6314,3500,0.276369971491923,"***"
"PFHxS","idw__mil_airport.milsusp__10km","cov","detect","A_anydetect",0.0501850208690133,0.0126969709404447,7.73327360946218e-05,6314,3500,0.276369971491923,"***"
"PFHxS","idw__mil_airport.milsusp__10km","cov","tobit","A_anydetect",0.0861193510208833,0.0296082200632213,0.00363016452278987,6314,3500,0.276369971491923,"***"
"PFBS","idw__mil_airport.milsusp__10km","raw","detect","A_anydetect",-0.00895960476451967,0.0128611751478588,0.486028325339431,6314,3500,0.452011403230915,""
"PFBS","idw__mil_airport.milsusp__10km","raw","tobit","A_anydetect",-0.0563665833090154,0.0243998287681915,0.0208813960654833,6314,3500,0.452011403230915,"**"
"PFBS","idw__mil_airport.milsusp__10km","cov","detect","A_anydetect",-0.0181301140083452,0.0133359074813298,0.173989442290613,6314,3500,0.452011403230915,""
"PFBS","idw__mil_airport.milsusp__10km","cov","tobit","A_anydetect",-0.0572258777525308,0.0243235026775537,0.018637719586269,6314,3500,0.452011403230915,"**"
"PFHxA","idw__mil_airport.milsusp__10km","raw","detect","A_anydetect",0.104715522544306,0.0114754800834064,7.16343651829418e-20,6314,3500,0.465473550839405,"***"
"PFHxA","idw__mil_airport.milsusp__10km","raw","tobit","A_anydetect",0.146189290440577,0.0184474088301376,2.28786624051005e-15,6314,3500,0.465473550839405,"***"
"PFHxA","idw__mil_airport.milsusp__10km","cov","detect","A_anydetect",0.0861405350550102,0.0116153423932007,1.20619884763484e-13,6314,3500,0.465473550839405,"***"
"PFHxA","idw__mil_airport.milsusp__10km","cov","tobit","A_anydetect",0.107688979460131,0.0192651139605575,2.27273850306653e-08,6314,3500,0.465473550839405,"***"
"PFPeA","idw__mil_airport.milsusp__10km","raw","detect","A_anydetect",0.102121325393307,0.011661789330462,2.00662671915753e-18,6314,3500,0.541019955654102,"***"
"PFPeA","idw__mil_airport.milsusp__10km","raw","tobit","A_anydetect",0.168951530044956,0.0225713548350982,7.14280254624476e-14,6314,3500,0.541019955654102,"***"
"PFPeA","idw__mil_airport.milsusp__10km","cov","detect","A_anydetect",0.0757862265357312,0.0114594093043746,3.75465725791552e-11,6314,3500,0.541019955654102,"***"
"PFPeA","idw__mil_airport.milsusp__10km","cov","tobit","A_anydetect",0.113784058403094,0.0214267088463832,1.09394310632919e-07,6314,3500,0.541019955654102,"***"
"PFBA","idw__mil_airport.milsusp__10km","raw","detect","A_anydetect",0.0608301598160365,0.0139280919336807,1.25709084978336e-05,6314,3500,0.432689261957555,"***"
"PFBA","idw__mil_airport.milsusp__10km","raw","tobit","A_anydetect",0.152830972759639,0.0376929042116032,5.02126218649687e-05,6314,3500,0.432689261957555,"***"
"PFBA","idw__mil_airport.milsusp__10km","cov","detect","A_anydetect",0.0528707696889678,0.012634052008275,2.85438281559635e-05,6314,3500,0.432689261957555,"***"
"PFBA","idw__mil_airport.milsusp__10km","cov","tobit","A_anydetect",0.124557126729614,0.0257678320856165,1.33936012928028e-06,6314,3500,0.432689261957555,"***"
"PFHpA","idw__mil_airport.milsusp__10km","raw","detect","A_anydetect",0.029343138634945,0.00930489637264523,0.00161316441852202,6314,3500,0.13588850174216,"***"
"PFHpA","idw__mil_airport.milsusp__10km","raw","tobit","A_anydetect",0.0790031101474031,0.0276357418920758,0.00425341333069847,6314,3500,0.13588850174216,"***"
"PFHpA","idw__mil_airport.milsusp__10km","cov","detect","A_anydetect",0.0184290303096491,0.00990654963191142,0.0628448630897143,6314,3500,0.13588850174216,"*"
"PFHpA","idw__mil_airport.milsusp__10km","cov","tobit","A_anydetect",0.0359151787357344,0.0304379702776735,0.238021464671069,6314,3500,0.13588850174216,""
"PFOS","idw__mil_airport.milsusp__25km","raw","detect","A_anydetect",0.00652238435703373,0.00566273266404747,0.249399720431989,6314,3500,0.360785555907507,""
"PFOS","idw__mil_airport.milsusp__25km","raw","tobit","A_anydetect",0.0252400341513318,0.0149172024056053,0.0906443416519564,6314,3500,0.360785555907507,"*"
"PFOS","idw__mil_airport.milsusp__25km","cov","detect","A_anydetect",0.00909887241395426,0.00601096486988853,0.130098783626318,6314,3500,0.360785555907507,""
"PFOS","idw__mil_airport.milsusp__25km","cov","tobit","A_anydetect",0.0280009282418769,0.0159948290926868,0.0800107355197643,6314,3500,0.360785555907507,"*"
"PFOA","idw__mil_airport.milsusp__25km","raw","detect","A_anydetect",0.0295095383467914,0.00604940259289648,1.07117326464597e-06,6314,3500,0.354450427621159,"***"
"PFOA","idw__mil_airport.milsusp__25km","raw","tobit","A_anydetect",0.0692064430060811,0.0132213897529484,1.6549451397356e-07,6314,3500,0.354450427621159,"***"
"PFOA","idw__mil_airport.milsusp__25km","cov","detect","A_anydetect",0.0186134899623697,0.0056102971202557,0.000907499113642005,6314,3500,0.354450427621159,"***"
"PFOA","idw__mil_airport.milsusp__25km","cov","tobit","A_anydetect",0.0427859932477738,0.0125515117608652,0.000652416766299066,6314,3500,0.354450427621159,"***"
"PFHxS","idw__mil_airport.milsusp__25km","raw","detect","A_anydetect",0.0130650959000596,0.00541739203295273,0.0158785693860239,6314,3500,0.276369971491923,"**"
"PFHxS","idw__mil_airport.milsusp__25km","raw","tobit","A_anydetect",0.0129236357123658,0.0143756046611256,0.368653878859828,6314,3500,0.276369971491923,""
"PFHxS","idw__mil_airport.milsusp__25km","cov","detect","A_anydetect",0.00830904012452608,0.00579286013777175,0.151469888222286,6314,3500,0.276369971491923,""
"PFHxS","idw__mil_airport.milsusp__25km","cov","tobit","A_anydetect",-0.00133529646602581,0.0155971197616236,0.931775070437048,6314,3500,0.276369971491923,""
"PFBS","idw__mil_airport.milsusp__25km","raw","detect","A_anydetect",-0.00277099403065846,0.00589268305209081,0.638181285748089,6314,3500,0.452011403230915,""
"PFBS","idw__mil_airport.milsusp__25km","raw","tobit","A_anydetect",-0.0248771910379617,0.0117463189550654,0.0341859742852327,6314,3500,0.452011403230915,"**"
"PFBS","idw__mil_airport.milsusp__25km","cov","detect","A_anydetect",-0.00576322485374816,0.00616388599301562,0.349789014255446,6314,3500,0.452011403230915,""
"PFBS","idw__mil_airport.milsusp__25km","cov","tobit","A_anydetect",-0.0241360061737457,0.0122865153623769,0.0494801825070181,6314,3500,0.452011403230915,"**"
"PFHxA","idw__mil_airport.milsusp__25km","raw","detect","A_anydetect",0.0568859351232935,0.00526576105768908,3.33193819617385e-27,6314,3500,0.465473550839405,"***"
"PFHxA","idw__mil_airport.milsusp__25km","raw","tobit","A_anydetect",0.0801056327123296,0.00904014237955571,7.92266294496199e-19,6314,3500,0.465473550839405,"***"
"PFHxA","idw__mil_airport.milsusp__25km","cov","detect","A_anydetect",0.0521340683023603,0.00546712192663144,1.4855428052201e-21,6314,3500,0.465473550839405,"***"
"PFHxA","idw__mil_airport.milsusp__25km","cov","tobit","A_anydetect",0.0665213279765064,0.00976598571360483,9.65645515832707e-12,6314,3500,0.465473550839405,"***"
"PFPeA","idw__mil_airport.milsusp__25km","raw","detect","A_anydetect",0.0565619213112617,0.00538125207515882,7.69375778145853e-26,6314,3500,0.541019955654102,"***"
"PFPeA","idw__mil_airport.milsusp__25km","raw","tobit","A_anydetect",0.0952484089963838,0.0104563293896577,8.30199504950452e-20,6314,3500,0.541019955654102,"***"
"PFPeA","idw__mil_airport.milsusp__25km","cov","detect","A_anydetect",0.0476753741693328,0.0054797273845361,3.309536449055e-18,6314,3500,0.541019955654102,"***"
"PFPeA","idw__mil_airport.milsusp__25km","cov","tobit","A_anydetect",0.0745249650518523,0.0107362117502563,3.88073073886205e-12,6314,3500,0.541019955654102,"***"
"PFBA","idw__mil_airport.milsusp__25km","raw","detect","A_anydetect",0.0300530070388914,0.00604394172964505,6.61228075256509e-07,6314,3500,0.432689261957555,"***"
"PFBA","idw__mil_airport.milsusp__25km","raw","tobit","A_anydetect",0.0771786789039713,0.0161701037950035,1.81570187056443e-06,6314,3500,0.432689261957555,"***"
"PFBA","idw__mil_airport.milsusp__25km","cov","detect","A_anydetect",0.0317494581362832,0.00562892962023748,1.69647961057344e-08,6314,3500,0.432689261957555,"***"
"PFBA","idw__mil_airport.milsusp__25km","cov","tobit","A_anydetect",0.0727405171588117,0.0115394669626597,2.90756230127345e-10,6314,3500,0.432689261957555,"***"
"PFHpA","idw__mil_airport.milsusp__25km","raw","detect","A_anydetect",0.0130804869153029,0.00436271244699934,0.00271538033626442,6314,3500,0.13588850174216,"***"
"PFHpA","idw__mil_airport.milsusp__25km","raw","tobit","A_anydetect",0.0390800759332412,0.0145822435234898,0.00736272388120717,6314,3500,0.13588850174216,"***"
"PFHpA","idw__mil_airport.milsusp__25km","cov","detect","A_anydetect",0.00991834362718205,0.00468022196088598,0.0340732569930993,6314,3500,0.13588850174216,"**"
"PFHpA","idw__mil_airport.milsusp__25km","cov","tobit","A_anydetect",0.0228699689182147,0.015867459024319,0.149496383939705,6314,3500,0.13588850174216,""
"PFOS","idw__mil_airport.milbase__5km","raw","detect","A_anydetect",0.0573092459785019,0.0236793672818215,0.0155111778825374,6314,3500,0.360785555907507,"**"
"PFOS","idw__mil_airport.milbase__5km","raw","tobit","A_anydetect",0.172051742054309,0.0576078148545409,0.00282094680808034,6314,3500,0.360785555907507,"***"
"PFOS","idw__mil_airport.milbase__5km","cov","detect","A_anydetect",0.0539683275470926,0.0244058969444186,0.0270162953518528,6314,3500,0.360785555907507,"**"
"PFOS","idw__mil_airport.milbase__5km","cov","tobit","A_anydetect",0.163080034020371,0.0566500891349153,0.00399286204067821,6314,3500,0.360785555907507,"***"
"PFOA","idw__mil_airport.milbase__5km","raw","detect","A_anydetect",0.0408808774545876,0.0241047238861693,0.0898916489364311,6314,3500,0.354450427621159,"*"
"PFOA","idw__mil_airport.milbase__5km","raw","tobit","A_anydetect",0.0904971465377881,0.0467956056058935,0.0531277239802286,6314,3500,0.354450427621159,"*"
"PFOA","idw__mil_airport.milbase__5km","cov","detect","A_anydetect",0.0028319062261396,0.0216598028085499,0.895977204381289,6314,3500,0.354450427621159,""
"PFOA","idw__mil_airport.milbase__5km","cov","tobit","A_anydetect",0.0174502382346803,0.0427483221182948,0.683120440259422,6314,3500,0.354450427621159,""
"PFHxS","idw__mil_airport.milbase__5km","raw","detect","A_anydetect",0.143550592958968,0.0297699598633273,1.42129620673127e-06,6314,3500,0.276369971491923,"***"
"PFHxS","idw__mil_airport.milbase__5km","raw","tobit","A_anydetect",0.338711393657364,0.0698987796258504,1.26139882737101e-06,6314,3500,0.276369971491923,"***"
"PFHxS","idw__mil_airport.milbase__5km","cov","detect","A_anydetect",0.117601392659851,0.0263811819759463,8.28144788626381e-06,6314,3500,0.276369971491923,"***"
"PFHxS","idw__mil_airport.milbase__5km","cov","tobit","A_anydetect",0.253916964796883,0.055598112303922,4.94737635066094e-06,6314,3500,0.276369971491923,"***"
"PFBS","idw__mil_airport.milbase__5km","raw","detect","A_anydetect",-0.0164556339473707,0.0227412544804746,0.469309661612971,6314,3500,0.452011403230915,""
"PFBS","idw__mil_airport.milbase__5km","raw","tobit","A_anydetect",-0.0668829057122947,0.0425912364576143,0.116335031532517,6314,3500,0.452011403230915,""
"PFBS","idw__mil_airport.milbase__5km","cov","detect","A_anydetect",-0.0213017054640146,0.0233143764158421,0.360888938405516,6314,3500,0.452011403230915,""
"PFBS","idw__mil_airport.milbase__5km","cov","tobit","A_anydetect",-0.0638167918840492,0.0412583061403847,0.121920577719196,6314,3500,0.452011403230915,""
"PFHxA","idw__mil_airport.milbase__5km","raw","detect","A_anydetect",0.113108120098461,0.0200065338205968,1.571590953484e-08,6314,3500,0.465473550839405,"***"
"PFHxA","idw__mil_airport.milbase__5km","raw","tobit","A_anydetect",0.171518794092756,0.0341607593442439,5.14217987463527e-07,6314,3500,0.465473550839405,"***"
"PFHxA","idw__mil_airport.milbase__5km","cov","detect","A_anydetect",0.0878657269507717,0.0203825932331005,1.62648953331235e-05,6314,3500,0.465473550839405,"***"
"PFHxA","idw__mil_airport.milbase__5km","cov","tobit","A_anydetect",0.103355465752247,0.0322545867776558,0.00135360800301115,6314,3500,0.465473550839405,"***"
"PFPeA","idw__mil_airport.milbase__5km","raw","detect","A_anydetect",0.117972212942279,0.0203035867072837,6.23191173092959e-09,6314,3500,0.541019955654102,"***"
"PFPeA","idw__mil_airport.milbase__5km","raw","tobit","A_anydetect",0.199149558499264,0.0412225208556978,1.35790080695476e-06,6314,3500,0.541019955654102,"***"
"PFPeA","idw__mil_airport.milbase__5km","cov","detect","A_anydetect",0.0816128016550918,0.0200005218704578,4.49324319444671e-05,6314,3500,0.541019955654102,"***"
"PFPeA","idw__mil_airport.milbase__5km","cov","tobit","A_anydetect",0.10412839749294,0.0350802066925655,0.00299456907038176,6314,3500,0.541019955654102,"***"
"PFBA","idw__mil_airport.milbase__5km","raw","detect","A_anydetect",0.00617624463125635,0.0262686624798243,0.814116875083994,6314,3500,0.432689261957555,""
"PFBA","idw__mil_airport.milbase__5km","raw","tobit","A_anydetect",0.105918513276862,0.0679345646454099,0.118966675095606,6314,3500,0.432689261957555,""
"PFBA","idw__mil_airport.milbase__5km","cov","detect","A_anydetect",0.0109251577740087,0.0227096221884217,0.630459243503809,6314,3500,0.432689261957555,""
"PFBA","idw__mil_airport.milbase__5km","cov","tobit","A_anydetect",0.0723292794963082,0.0482344623671078,0.133734815461073,6314,3500,0.432689261957555,""
"PFHpA","idw__mil_airport.milbase__5km","raw","detect","A_anydetect",0.0485634745246118,0.0169410400807972,0.00414884691008076,6314,3500,0.13588850174216,"***"
"PFHpA","idw__mil_airport.milbase__5km","raw","tobit","A_anydetect",0.135225520188942,0.0494996124659307,0.00629797923108212,6314,3500,0.13588850174216,"***"
"PFHpA","idw__mil_airport.milbase__5km","cov","detect","A_anydetect",0.0198257079900579,0.0161748345958654,0.220306627641248,6314,3500,0.13588850174216,""
"PFHpA","idw__mil_airport.milbase__5km","cov","tobit","A_anydetect",0.0359969558963015,0.0482774511845873,0.455892958285347,6314,3500,0.13588850174216,""
"PFOS","idw__mil_airport.milbase__10km","raw","detect","A_anydetect",0.0310497154089997,0.0109426428782123,0.00454687861964937,6314,3500,0.360785555907507,"***"
"PFOS","idw__mil_airport.milbase__10km","raw","tobit","A_anydetect",0.0954764884015556,0.0279417393621737,0.000633189003698779,6314,3500,0.360785555907507,"***"
"PFOS","idw__mil_airport.milbase__10km","cov","detect","A_anydetect",0.032825418442395,0.0115640758902282,0.00453164297735188,6314,3500,0.360785555907507,"***"
"PFOS","idw__mil_airport.milbase__10km","cov","tobit","A_anydetect",0.0982741077201199,0.0284406499155744,0.000549456480889951,6314,3500,0.360785555907507,"***"
"PFOA","idw__mil_airport.milbase__10km","raw","detect","A_anydetect",0.0450013694861227,0.0119416716596184,0.000164276670345856,6314,3500,0.354450427621159,"***"
"PFOA","idw__mil_airport.milbase__10km","raw","tobit","A_anydetect",0.103593195489228,0.0236966345439854,1.23315782357295e-05,6314,3500,0.354450427621159,"***"
"PFOA","idw__mil_airport.milbase__10km","cov","detect","A_anydetect",0.0224391162487881,0.0111903531711117,0.0449395685533617,6314,3500,0.354450427621159,"**"
"PFOA","idw__mil_airport.milbase__10km","cov","tobit","A_anydetect",0.0582554290441414,0.0226552773832174,0.0101292797430062,6314,3500,0.354450427621159,"**"
"PFHxS","idw__mil_airport.milbase__10km","raw","detect","A_anydetect",0.0625300910795621,0.0123228521854005,3.88884849677302e-07,6314,3500,0.276369971491923,"***"
"PFHxS","idw__mil_airport.milbase__10km","raw","tobit","A_anydetect",0.138433292230489,0.0311762458695106,8.98147110817318e-06,6314,3500,0.276369971491923,"***"
"PFHxS","idw__mil_airport.milbase__10km","cov","detect","A_anydetect",0.0529872323842697,0.0114485354435578,3.68683441830693e-06,6314,3500,0.276369971491923,"***"
"PFHxS","idw__mil_airport.milbase__10km","cov","tobit","A_anydetect",0.105264682728625,0.0263446631214704,6.45104836708422e-05,6314,3500,0.276369971491923,"***"
"PFBS","idw__mil_airport.milbase__10km","raw","detect","A_anydetect",-0.00642024356010716,0.0110121401314844,0.559883160849214,6314,3500,0.452011403230915,""
"PFBS","idw__mil_airport.milbase__10km","raw","tobit","A_anydetect",-0.0380101050462988,0.0212263057068111,0.0733402438797329,6314,3500,0.452011403230915,"*"
"PFBS","idw__mil_airport.milbase__10km","cov","detect","A_anydetect",-0.010090972505567,0.0115567878922109,0.382573629713268,6314,3500,0.452011403230915,""
"PFBS","idw__mil_airport.milbase__10km","cov","tobit","A_anydetect",-0.0338513836554835,0.021009558090839,0.107128010812711,6314,3500,0.452011403230915,""
"PFHxA","idw__mil_airport.milbase__10km","raw","detect","A_anydetect",0.091803636340948,0.0101009265592654,1.0029004293421e-19,6314,3500,0.465473550839405,"***"
"PFHxA","idw__mil_airport.milbase__10km","raw","tobit","A_anydetect",0.137053431466966,0.0170153355416817,7.96736633694922e-16,6314,3500,0.465473550839405,"***"
"PFHxA","idw__mil_airport.milbase__10km","cov","detect","A_anydetect",0.0778605749764905,0.0103102702606814,4.29450946244434e-14,6314,3500,0.465473550839405,"***"
"PFHxA","idw__mil_airport.milbase__10km","cov","tobit","A_anydetect",0.10225121542645,0.0169638417747925,1.66414547578676e-09,6314,3500,0.465473550839405,"***"
"PFPeA","idw__mil_airport.milbase__10km","raw","detect","A_anydetect",0.0904699729741842,0.0101601899864696,5.36957082384461e-19,6314,3500,0.541019955654102,"***"
"PFPeA","idw__mil_airport.milbase__10km","raw","tobit","A_anydetect",0.150579964033494,0.0199227874239313,4.08755944237679e-14,6314,3500,0.541019955654102,"***"
"PFPeA","idw__mil_airport.milbase__10km","cov","detect","A_anydetect",0.069659431551573,0.0101174273334282,5.7749656803534e-12,6314,3500,0.541019955654102,"***"
"PFPeA","idw__mil_airport.milbase__10km","cov","tobit","A_anydetect",0.100308671103624,0.0185957411701759,6.88393294485476e-08,6314,3500,0.541019955654102,"***"
"PFBA","idw__mil_airport.milbase__10km","raw","detect","A_anydetect",0.027198281353124,0.0123768241667474,0.0279835446333561,6314,3500,0.432689261957555,"**"
"PFBA","idw__mil_airport.milbase__10km","raw","tobit","A_anydetect",0.0882657112577308,0.0298713233442553,0.00312806458071777,6314,3500,0.432689261957555,"***"
"PFBA","idw__mil_airport.milbase__10km","cov","detect","A_anydetect",0.0283713780434868,0.0112071647236092,0.0113563087477333,6314,3500,0.432689261957555,"**"
"PFBA","idw__mil_airport.milbase__10km","cov","tobit","A_anydetect",0.0736429734599719,0.0223403272384096,0.000979274976430853,6314,3500,0.432689261957555,"***"
"PFHpA","idw__mil_airport.milbase__10km","raw","detect","A_anydetect",0.0306228749425356,0.00824000270871789,0.00020210787544956,6314,3500,0.13588850174216,"***"
"PFHpA","idw__mil_airport.milbase__10km","raw","tobit","A_anydetect",0.0887158494697888,0.0252441922536562,0.000440902412410889,6314,3500,0.13588850174216,"***"
"PFHpA","idw__mil_airport.milbase__10km","cov","detect","A_anydetect",0.0187992652141796,0.00835926246771711,0.0245179466409344,6314,3500,0.13588850174216,"**"
"PFHpA","idw__mil_airport.milbase__10km","cov","tobit","A_anydetect",0.0435440338580544,0.0263501778956345,0.0984298445957248,6314,3500,0.13588850174216,"*"
"PFOS","idw__mil_airport.milbase__25km","raw","detect","A_anydetect",0.0155341230478192,0.00543984340736103,0.00429529520325903,6314,3500,0.360785555907507,"***"
"PFOS","idw__mil_airport.milbase__25km","raw","tobit","A_anydetect",0.0464890406309923,0.0144487212291158,0.00129304289272986,6314,3500,0.360785555907507,"***"
"PFOS","idw__mil_airport.milbase__25km","cov","detect","A_anydetect",0.0176812957894834,0.00594005334965399,0.00291442730169039,6314,3500,0.360785555907507,"***"
"PFOS","idw__mil_airport.milbase__25km","cov","tobit","A_anydetect",0.04993893265228,0.0154229402162214,0.00120385795426786,6314,3500,0.360785555907507,"***"
"PFOA","idw__mil_airport.milbase__25km","raw","detect","A_anydetect",0.0386236098541426,0.00571946186790489,1.44804300823762e-11,6314,3500,0.354450427621159,"***"
"PFOA","idw__mil_airport.milbase__25km","raw","tobit","A_anydetect",0.0853595587889189,0.0124072653629382,5.99347991593931e-12,6314,3500,0.354450427621159,"***"
"PFOA","idw__mil_airport.milbase__25km","cov","detect","A_anydetect",0.0258370097800037,0.00560645360833006,4.05699770625659e-06,6314,3500,0.354450427621159,"***"
"PFOA","idw__mil_airport.milbase__25km","cov","tobit","A_anydetect",0.0571746282753158,0.0123567840480564,3.71031166307234e-06,6314,3500,0.354450427621159,"***"
"PFHxS","idw__mil_airport.milbase__25km","raw","detect","A_anydetect",0.0187580284611104,0.00531432701054348,0.000416016799584199,6314,3500,0.276369971491923,"***"
"PFHxS","idw__mil_airport.milbase__25km","raw","tobit","A_anydetect",0.0330222081701288,0.0143193354993652,0.0211035294261246,6314,3500,0.276369971491923,"**"
"PFHxS","idw__mil_airport.milbase__25km","cov","detect","A_anydetect",0.013859497255986,0.00556827973208532,0.0128099794855125,6314,3500,0.276369971491923,"**"
"PFHxS","idw__mil_airport.milbase__25km","cov","tobit","A_anydetect",0.0165579620344895,0.0145732782492417,0.255878518500179,6314,3500,0.276369971491923,""
"PFBS","idw__mil_airport.milbase__25km","raw","detect","A_anydetect",3.80196145343603e-05,0.00561701847463905,0.99459944239986,6314,3500,0.452011403230915,""
"PFBS","idw__mil_airport.milbase__25km","raw","tobit","A_anydetect",-0.0165933648453142,0.0114188284896443,0.146179820534799,6314,3500,0.452011403230915,""
"PFBS","idw__mil_airport.milbase__25km","cov","detect","A_anydetect",-0.00112596092709525,0.0060309334331326,0.851897721118419,6314,3500,0.452011403230915,""
"PFBS","idw__mil_airport.milbase__25km","cov","tobit","A_anydetect",-0.013398411861637,0.0116240891381579,0.249057409370526,6314,3500,0.452011403230915,""
"PFHxA","idw__mil_airport.milbase__25km","raw","detect","A_anydetect",0.0581031462807577,0.00510634223182754,5.34364212096958e-30,6314,3500,0.465473550839405,"***"
"PFHxA","idw__mil_airport.milbase__25km","raw","tobit","A_anydetect",0.0871090380685887,0.00913437233090718,1.47875112278106e-21,6314,3500,0.465473550839405,"***"
"PFHxA","idw__mil_airport.milbase__25km","cov","detect","A_anydetect",0.0544856375901889,0.00532395317758083,1.39548734772178e-24,6314,3500,0.465473550839405,"***"
"PFHxA","idw__mil_airport.milbase__25km","cov","tobit","A_anydetect",0.0739234932690645,0.00953697167727418,9.09892199950335e-15,6314,3500,0.465473550839405,"***"
"PFPeA","idw__mil_airport.milbase__25km","raw","detect","A_anydetect",0.0576938018527685,0.00514629284937946,3.61120932577038e-29,6314,3500,0.541019955654102,"***"
"PFPeA","idw__mil_airport.milbase__25km","raw","tobit","A_anydetect",0.0983460173137662,0.0103092321479696,1.43375386231507e-21,6314,3500,0.541019955654102,"***"
"PFPeA","idw__mil_airport.milbase__25km","cov","detect","A_anydetect",0.0500755951317081,0.00533850865803824,6.59277459293664e-21,6314,3500,0.541019955654102,"***"
"PFPeA","idw__mil_airport.milbase__25km","cov","tobit","A_anydetect",0.0780460469954221,0.0103843509895972,5.65913818317695e-14,6314,3500,0.541019955654102,"***"
"PFBA","idw__mil_airport.milbase__25km","raw","detect","A_anydetect",0.0150814987562663,0.0057557034229878,0.00878600958440361,6314,3500,0.432689261957555,"***"
"PFBA","idw__mil_airport.milbase__25km","raw","tobit","A_anydetect",0.0508463959075632,0.0144038573033341,0.000415474659613979,6314,3500,0.432689261957555,"***"
"PFBA","idw__mil_airport.milbase__25km","cov","detect","A_anydetect",0.0198168893620836,0.00546194856821352,0.000285434982739118,6314,3500,0.432689261957555,"***"
"PFBA","idw__mil_airport.milbase__25km","cov","tobit","A_anydetect",0.0507370218400706,0.0109880619267866,3.88450982493047e-06,6314,3500,0.432689261957555,"***"
"PFHpA","idw__mil_airport.milbase__25km","raw","detect","A_anydetect",0.015215398710399,0.00429957908789335,0.000401933182063808,6314,3500,0.13588850174216,"***"
"PFHpA","idw__mil_airport.milbase__25km","raw","tobit","A_anydetect",0.0477403240750046,0.0145144481997148,0.00100487334024659,6314,3500,0.13588850174216,"***"
"PFHpA","idw__mil_airport.milbase__25km","cov","detect","A_anydetect",0.0108435637801384,0.00454263092121792,0.0169834017660988,6314,3500,0.13588850174216,"**"
"PFHpA","idw__mil_airport.milbase__25km","cov","tobit","A_anydetect",0.0280769492228479,0.0156573026667053,0.0729381521253789,6314,3500,0.13588850174216,"*"
"PFOS","idw__mil_milfire.milsusp__5km","raw","detect","A_anydetect",0.147452994818261,0.0509815372948986,0.00382454204780562,6314,3500,0.360785555907507,"***"
"PFOS","idw__mil_milfire.milsusp__5km","raw","tobit","A_anydetect",0.49822276895798,0.127761198842463,9.63355479257673e-05,6314,3500,0.360785555907507,"***"
"PFOS","idw__mil_milfire.milsusp__5km","cov","detect","A_anydetect",0.162432621662202,0.055958341735715,0.00369911390626569,6314,3500,0.360785555907507,"***"
"PFOS","idw__mil_milfire.milsusp__5km","cov","tobit","A_anydetect",0.537861671548834,0.130502495062586,3.76468096607814e-05,6314,3500,0.360785555907507,"***"
"PFOA","idw__mil_milfire.milsusp__5km","raw","detect","A_anydetect",0.0708025968413172,0.0647246075167783,0.273996475831979,6314,3500,0.354450427621159,""
"PFOA","idw__mil_milfire.milsusp__5km","raw","tobit","A_anydetect",0.205709623038696,0.13007171095015,0.113761629818495,6314,3500,0.354450427621159,""
"PFOA","idw__mil_milfire.milsusp__5km","cov","detect","A_anydetect",0.0355321900789267,0.0604629597854561,0.556754676295676,6314,3500,0.354450427621159,""
"PFOA","idw__mil_milfire.milsusp__5km","cov","tobit","A_anydetect",0.139609459427411,0.129049169473115,0.279327397162522,6314,3500,0.354450427621159,""
"PFHxS","idw__mil_milfire.milsusp__5km","raw","detect","A_anydetect",0.344158447257135,0.0794013020029387,1.46146127864609e-05,6314,3500,0.276369971491923,"***"
"PFHxS","idw__mil_milfire.milsusp__5km","raw","tobit","A_anydetect",0.912964795636338,0.183242448047113,6.28401048883243e-07,6314,3500,0.276369971491923,"***"
"PFHxS","idw__mil_milfire.milsusp__5km","cov","detect","A_anydetect",0.279812582559374,0.0625934928534217,7.81047548744881e-06,6314,3500,0.276369971491923,"***"
"PFHxS","idw__mil_milfire.milsusp__5km","cov","tobit","A_anydetect",0.697850409532144,0.131945131702644,1.23024561919165e-07,6314,3500,0.276369971491923,"***"
"PFBS","idw__mil_milfire.milsusp__5km","raw","detect","A_anydetect",-0.0772486932257059,0.0514413334531024,0.133178407251841,6314,3500,0.452011403230915,""
"PFBS","idw__mil_milfire.milsusp__5km","raw","tobit","A_anydetect",-0.155651965985668,0.0995448914761732,0.117903098966678,6314,3500,0.452011403230915,""
"PFBS","idw__mil_milfire.milsusp__5km","cov","detect","A_anydetect",-0.0535687417242852,0.0550512615813086,0.33051841710916,6314,3500,0.452011403230915,""
"PFBS","idw__mil_milfire.milsusp__5km","cov","tobit","A_anydetect",-0.144018842646896,0.1019904152162,0.157925780144975,6314,3500,0.452011403230915,""
"PFHxA","idw__mil_milfire.milsusp__5km","raw","detect","A_anydetect",0.165780247571988,0.0482765332292289,0.000594806352531428,6314,3500,0.465473550839405,"***"
"PFHxA","idw__mil_milfire.milsusp__5km","raw","tobit","A_anydetect",0.352035392372673,0.0860014858734995,4.25159358632845e-05,6314,3500,0.465473550839405,"***"
"PFHxA","idw__mil_milfire.milsusp__5km","cov","detect","A_anydetect",0.12944543891052,0.0543949720925342,0.0173252477700636,6314,3500,0.465473550839405,"**"
"PFHxA","idw__mil_milfire.milsusp__5km","cov","tobit","A_anydetect",0.202844210656681,0.0936021010848658,0.0302279650600694,6314,3500,0.465473550839405,"**"
"PFPeA","idw__mil_milfire.milsusp__5km","raw","detect","A_anydetect",0.197525231906343,0.0459970214381294,1.75241551832076e-05,6314,3500,0.541019955654102,"***"
"PFPeA","idw__mil_milfire.milsusp__5km","raw","tobit","A_anydetect",0.381601611871872,0.0970464021990241,8.41873327194427e-05,6314,3500,0.541019955654102,"***"
"PFPeA","idw__mil_milfire.milsusp__5km","cov","detect","A_anydetect",0.144067591777913,0.0490524656589114,0.00331393208025629,6314,3500,0.541019955654102,"***"
"PFPeA","idw__mil_milfire.milsusp__5km","cov","tobit","A_anydetect",0.127345296843293,0.0925203369347198,0.168696807652776,6314,3500,0.541019955654102,""
"PFBA","idw__mil_milfire.milsusp__5km","raw","detect","A_anydetect",-0.184169676467822,0.0659450420581572,0.00522579985354689,6314,3500,0.432689261957555,"***"
"PFBA","idw__mil_milfire.milsusp__5km","raw","tobit","A_anydetect",-0.350551959558514,0.141946884671282,0.013526438460299,6314,3500,0.432689261957555,"**"
"PFBA","idw__mil_milfire.milsusp__5km","cov","detect","A_anydetect",-0.141625595162435,0.0503395922904144,0.00490200665921011,6314,3500,0.432689261957555,"***"
"PFBA","idw__mil_milfire.milsusp__5km","cov","tobit","A_anydetect",-0.379213263458055,0.112340056634388,0.00073659284126126,6314,3500,0.432689261957555,"***"
"PFHpA","idw__mil_milfire.milsusp__5km","raw","detect","A_anydetect",0.151287322261178,0.0439739208904839,0.000580882137921636,6314,3500,0.13588850174216,"***"
"PFHpA","idw__mil_milfire.milsusp__5km","raw","tobit","A_anydetect",0.50125997764768,0.127271410614805,8.19884951727316e-05,6314,3500,0.13588850174216,"***"
"PFHpA","idw__mil_milfire.milsusp__5km","cov","detect","A_anydetect",0.0967151811216386,0.0443930427438872,0.029360561783428,6314,3500,0.13588850174216,"**"
"PFHpA","idw__mil_milfire.milsusp__5km","cov","tobit","A_anydetect",0.337301500311495,0.134404232825718,0.0120866364085746,6314,3500,0.13588850174216,"**"
"PFOS","idw__mil_milfire.milsusp__10km","raw","detect","A_anydetect",0.138996370763363,0.0276173284101413,4.83013066500899e-07,6314,3500,0.360785555907507,"***"
"PFOS","idw__mil_milfire.milsusp__10km","raw","tobit","A_anydetect",0.405390334748785,0.0650788168497824,4.68760046227646e-10,6314,3500,0.360785555907507,"***"
"PFOS","idw__mil_milfire.milsusp__10km","cov","detect","A_anydetect",0.157390845602176,0.0308829249226641,3.46226141659642e-07,6314,3500,0.360785555907507,"***"
"PFOS","idw__mil_milfire.milsusp__10km","cov","tobit","A_anydetect",0.459191268540627,0.0690470932179921,2.92283739955225e-11,6314,3500,0.360785555907507,"***"
"PFOA","idw__mil_milfire.milsusp__10km","raw","detect","A_anydetect",0.104294216239499,0.0386090702729328,0.00690715097334994,6314,3500,0.354450427621159,"***"
"PFOA","idw__mil_milfire.milsusp__10km","raw","tobit","A_anydetect",0.239326078157098,0.0749089220685367,0.00139882125641913,6314,3500,0.354450427621159,"***"
"PFOA","idw__mil_milfire.milsusp__10km","cov","detect","A_anydetect",0.0737131800855784,0.0362006832068834,0.0417265361744049,6314,3500,0.354450427621159,"**"
"PFOA","idw__mil_milfire.milsusp__10km","cov","tobit","A_anydetect",0.192470217994555,0.0778869164100974,0.0134679485697887,6314,3500,0.354450427621159,"**"
"PFHxS","idw__mil_milfire.milsusp__10km","raw","detect","A_anydetect",0.192811574488357,0.0392953780192179,9.26102082444453e-07,6314,3500,0.276369971491923,"***"
"PFHxS","idw__mil_milfire.milsusp__10km","raw","tobit","A_anydetect",0.489644160972588,0.0953369523180551,2.8074827754009e-07,6314,3500,0.276369971491923,"***"
"PFHxS","idw__mil_milfire.milsusp__10km","cov","detect","A_anydetect",0.171655680612898,0.0322936724389038,1.06389006257505e-07,6314,3500,0.276369971491923,"***"
"PFHxS","idw__mil_milfire.milsusp__10km","cov","tobit","A_anydetect",0.403431935284954,0.0708207960321338,1.22279028624193e-08,6314,3500,0.276369971491923,"***"
"PFBS","idw__mil_milfire.milsusp__10km","raw","detect","A_anydetect",-0.0340912666100218,0.0287525369047169,0.235749263835807,6314,3500,0.452011403230915,""
"PFBS","idw__mil_milfire.milsusp__10km","raw","tobit","A_anydetect",-0.0697685030107583,0.0572347866383948,0.222848847135487,6314,3500,0.452011403230915,""
"PFBS","idw__mil_milfire.milsusp__10km","cov","detect","A_anydetect",-0.0156413035173018,0.0317411417005228,0.622170187556193,6314,3500,0.452011403230915,""
"PFBS","idw__mil_milfire.milsusp__10km","cov","tobit","A_anydetect",-0.0565145210019055,0.0605480992134004,0.350622642307223,6314,3500,0.452011403230915,""
"PFHxA","idw__mil_milfire.milsusp__10km","raw","detect","A_anydetect",0.114397310424666,0.0262815156418093,1.34430082979558e-05,6314,3500,0.465473550839405,"***"
"PFHxA","idw__mil_milfire.milsusp__10km","raw","tobit","A_anydetect",0.222468447969579,0.0471775720425529,2.4105245759018e-06,6314,3500,0.465473550839405,"***"
"PFHxA","idw__mil_milfire.milsusp__10km","cov","detect","A_anydetect",0.0917342032815611,0.0302862853690239,0.00245443940266502,6314,3500,0.465473550839405,"***"
"PFHxA","idw__mil_milfire.milsusp__10km","cov","tobit","A_anydetect",0.136532908286092,0.0537843060867845,0.0111320241772,6314,3500,0.465473550839405,"**"
"PFPeA","idw__mil_milfire.milsusp__10km","raw","detect","A_anydetect",0.132739784285884,0.0250791979231643,1.20441727306526e-07,6314,3500,0.541019955654102,"***"
"PFPeA","idw__mil_milfire.milsusp__10km","raw","tobit","A_anydetect",0.232225116364713,0.0514485614268877,6.36961252123527e-06,6314,3500,0.541019955654102,"***"
"PFPeA","idw__mil_milfire.milsusp__10km","cov","detect","A_anydetect",0.0983121867013351,0.0281449477884117,0.000477506790004595,6314,3500,0.541019955654102,"***"
"PFPeA","idw__mil_milfire.milsusp__10km","cov","tobit","A_anydetect",0.0858795391702602,0.053405646132106,0.107821809603338,6314,3500,0.541019955654102,""
"PFBA","idw__mil_milfire.milsusp__10km","raw","detect","A_anydetect",-0.142091718447458,0.0314108129930014,6.07804299590399e-06,6314,3500,0.432689261957555,"***"
"PFBA","idw__mil_milfire.milsusp__10km","raw","tobit","A_anydetect",-0.299141530079518,0.0736722860927785,4.89813693158144e-05,6314,3500,0.432689261957555,"***"
"PFBA","idw__mil_milfire.milsusp__10km","cov","detect","A_anydetect",-0.118335299860342,0.0265266540407701,8.15795802998223e-06,6314,3500,0.432689261957555,"***"
"PFBA","idw__mil_milfire.milsusp__10km","cov","tobit","A_anydetect",-0.317248540420801,0.0603541885410596,1.46865774570787e-07,6314,3500,0.432689261957555,"***"
"PFHpA","idw__mil_milfire.milsusp__10km","raw","detect","A_anydetect",0.0963712593745001,0.0248705902763696,0.000106664811381238,6314,3500,0.13588850174216,"***"
"PFHpA","idw__mil_milfire.milsusp__10km","raw","tobit","A_anydetect",0.307965664144799,0.0702392902649801,1.16241110246574e-05,6314,3500,0.13588850174216,"***"
"PFHpA","idw__mil_milfire.milsusp__10km","cov","detect","A_anydetect",0.0714195537992139,0.0280111064540036,0.0107819672609948,6314,3500,0.13588850174216,"**"
"PFHpA","idw__mil_milfire.milsusp__10km","cov","tobit","A_anydetect",0.234860717286778,0.0813707395774664,0.00389795051201181,6314,3500,0.13588850174216,"***"
"PFOS","idw__mil_milfire.milsusp__25km","raw","detect","A_anydetect",0.074615465547464,0.0114954488844214,8.5342035882634e-11,6314,3500,0.360785555907507,"***"
"PFOS","idw__mil_milfire.milsusp__25km","raw","tobit","A_anydetect",0.194682884015697,0.02861591785908,1.02244196647916e-11,6314,3500,0.360785555907507,"***"
"PFOS","idw__mil_milfire.milsusp__25km","cov","detect","A_anydetect",0.0806123769455834,0.0132189838707112,1.0725073260024e-09,6314,3500,0.360785555907507,"***"
"PFOS","idw__mil_milfire.milsusp__25km","cov","tobit","A_anydetect",0.215644945710625,0.0305320118415324,1.63047724253358e-12,6314,3500,0.360785555907507,"***"
"PFOA","idw__mil_milfire.milsusp__25km","raw","detect","A_anydetect",0.105783147177456,0.0139552077698335,3.45045310425636e-14,6314,3500,0.354450427621159,"***"
"PFOA","idw__mil_milfire.milsusp__25km","raw","tobit","A_anydetect",0.200529952014558,0.025675333886505,5.70892055636493e-15,6314,3500,0.354450427621159,"***"
"PFOA","idw__mil_milfire.milsusp__25km","cov","detect","A_anydetect",0.0866622562074866,0.0143650402521404,1.61084388769736e-09,6314,3500,0.354450427621159,"***"
"PFOA","idw__mil_milfire.milsusp__25km","cov","tobit","A_anydetect",0.163497824447271,0.0302157011358065,6.26660620101858e-08,6314,3500,0.354450427621159,"***"
"PFHxS","idw__mil_milfire.milsusp__25km","raw","detect","A_anydetect",0.0582017038305994,0.0136842779298027,2.10755575726016e-05,6314,3500,0.276369971491923,"***"
"PFHxS","idw__mil_milfire.milsusp__25km","raw","tobit","A_anydetect",0.139987926062137,0.0367467140572841,0.000139227895680156,6314,3500,0.276369971491923,"***"
"PFHxS","idw__mil_milfire.milsusp__25km","cov","detect","A_anydetect",0.0496465355144188,0.0130477079754488,0.000141803897948735,6314,3500,0.276369971491923,"***"
"PFHxS","idw__mil_milfire.milsusp__25km","cov","tobit","A_anydetect",0.105596001459685,0.0316253904607496,0.000840918325694537,6314,3500,0.276369971491923,"***"
"PFBS","idw__mil_milfire.milsusp__25km","raw","detect","A_anydetect",-0.00948293106314009,0.0127589177714446,0.457336721332617,6314,3500,0.452011403230915,""
"PFBS","idw__mil_milfire.milsusp__25km","raw","tobit","A_anydetect",-0.0309448262714816,0.0252863049930031,0.221035948113703,6314,3500,0.452011403230915,""
"PFBS","idw__mil_milfire.milsusp__25km","cov","detect","A_anydetect",-0.00335495489780566,0.0142328646731567,0.813650819752545,6314,3500,0.452011403230915,""
"PFBS","idw__mil_milfire.milsusp__25km","cov","tobit","A_anydetect",-0.0291975513207301,0.0279139880480111,0.295568974567947,6314,3500,0.452011403230915,""
"PFHxA","idw__mil_milfire.milsusp__25km","raw","detect","A_anydetect",0.0697356381245564,0.0116199132013066,1.95634707528924e-09,6314,3500,0.465473550839405,"***"
"PFHxA","idw__mil_milfire.milsusp__25km","raw","tobit","A_anydetect",0.114914501435015,0.0208768383763581,3.70424397023411e-08,6314,3500,0.465473550839405,"***"
"PFHxA","idw__mil_milfire.milsusp__25km","cov","detect","A_anydetect",0.0626201161788866,0.0127313768412762,8.71805607559233e-07,6314,3500,0.465473550839405,"***"
"PFHxA","idw__mil_milfire.milsusp__25km","cov","tobit","A_anydetect",0.083038186204689,0.0238532320897451,0.000499148028204069,6314,3500,0.465473550839405,"***"
"PFPeA","idw__mil_milfire.milsusp__25km","raw","detect","A_anydetect",0.0752302820286752,0.010786760187123,3.07360928673374e-12,6314,3500,0.541019955654102,"***"
"PFPeA","idw__mil_milfire.milsusp__25km","raw","tobit","A_anydetect",0.108742803796542,0.0222523032293424,1.02482303290003e-06,6314,3500,0.541019955654102,"***"
"PFPeA","idw__mil_milfire.milsusp__25km","cov","detect","A_anydetect",0.0625471973816639,0.0119424057386953,1.62851416386142e-07,6314,3500,0.541019955654102,"***"
"PFPeA","idw__mil_milfire.milsusp__25km","cov","tobit","A_anydetect",0.0541988160242862,0.0239257307661284,0.0234946397079028,6314,3500,0.541019955654102,"**"
"PFBA","idw__mil_milfire.milsusp__25km","raw","detect","A_anydetect",-0.088498008011251,0.01320839773705,2.08231392118783e-11,6314,3500,0.432689261957555,"***"
"PFBA","idw__mil_milfire.milsusp__25km","raw","tobit","A_anydetect",-0.191364485584143,0.0336614761391097,1.30835543456479e-08,6314,3500,0.432689261957555,"***"
"PFBA","idw__mil_milfire.milsusp__25km","cov","detect","A_anydetect",-0.0744959495298211,0.0121277988090246,8.11928108958546e-10,6314,3500,0.432689261957555,"***"
"PFBA","idw__mil_milfire.milsusp__25km","cov","tobit","A_anydetect",-0.188109558954125,0.027867876431421,1.47794227636304e-11,6314,3500,0.432689261957555,"***"
"PFHpA","idw__mil_milfire.milsusp__25km","raw","detect","A_anydetect",0.0418575404995167,0.0107725231744431,0.000102084311009303,6314,3500,0.13588850174216,"***"
"PFHpA","idw__mil_milfire.milsusp__25km","raw","tobit","A_anydetect",0.135781148247979,0.0315737651690343,1.70457722923238e-05,6314,3500,0.13588850174216,"***"
"PFHpA","idw__mil_milfire.milsusp__25km","cov","detect","A_anydetect",0.0328086220146744,0.012978837171549,0.0114761647521476,6314,3500,0.13588850174216,"**"
"PFHpA","idw__mil_milfire.milsusp__25km","cov","tobit","A_anydetect",0.109662945664678,0.0379983630353918,0.0039018292559914,6314,3500,0.13588850174216,"***"
"PFOS","idw__mil_milfire.milbase__5km","raw","detect","A_anydetect",0.0585520393731652,0.0331012296934695,0.0769142242355005,6314,3500,0.360785555907507,"*"
"PFOS","idw__mil_milfire.milbase__5km","raw","tobit","A_anydetect",0.199260425081077,0.0836401567386917,0.017202372426457,6314,3500,0.360785555907507,"**"
"PFOS","idw__mil_milfire.milbase__5km","cov","detect","A_anydetect",0.0664513933845088,0.0363774006483668,0.0677415980762499,6314,3500,0.360785555907507,"*"
"PFOS","idw__mil_milfire.milbase__5km","cov","tobit","A_anydetect",0.220934186200104,0.0859412232121478,0.0101475871500721,6314,3500,0.360785555907507,"**"
"PFOA","idw__mil_milfire.milbase__5km","raw","detect","A_anydetect",0.0552130196078976,0.0354278563677559,0.119123423447965,6314,3500,0.354450427621159,""
"PFOA","idw__mil_milfire.milbase__5km","raw","tobit","A_anydetect",0.127320134515923,0.0702355504639122,0.0698689819334276,6314,3500,0.354450427621159,"*"
"PFOA","idw__mil_milfire.milbase__5km","cov","detect","A_anydetect",0.0325568397026061,0.0332620091378115,0.327679030236065,6314,3500,0.354450427621159,""
"PFOA","idw__mil_milfire.milbase__5km","cov","tobit","A_anydetect",0.0887122950097564,0.0663423984134069,0.181161101037515,6314,3500,0.354450427621159,""
"PFHxS","idw__mil_milfire.milbase__5km","raw","detect","A_anydetect",0.13629185424937,0.0465443236194752,0.0034091262140691,6314,3500,0.276369971491923,"***"
"PFHxS","idw__mil_milfire.milbase__5km","raw","tobit","A_anydetect",0.385737054654697,0.115219155679178,0.000814395372389808,6314,3500,0.276369971491923,"***"
"PFHxS","idw__mil_milfire.milbase__5km","cov","detect","A_anydetect",0.102781112197619,0.0373910153771334,0.00598105077099061,6314,3500,0.276369971491923,"***"
"PFHxS","idw__mil_milfire.milbase__5km","cov","tobit","A_anydetect",0.27063211087503,0.0842480182616586,0.00131664815833868,6314,3500,0.276369971491923,"***"
"PFBS","idw__mil_milfire.milbase__5km","raw","detect","A_anydetect",-0.0528757964994848,0.02847544176151,0.063326638436103,6314,3500,0.452011403230915,"*"
"PFBS","idw__mil_milfire.milbase__5km","raw","tobit","A_anydetect",-0.113255126955166,0.0572435996382536,0.0478749568392602,6314,3500,0.452011403230915,"**"
"PFBS","idw__mil_milfire.milbase__5km","cov","detect","A_anydetect",-0.0376488768755924,0.0302388154249204,0.21311288867718,6314,3500,0.452011403230915,""
"PFBS","idw__mil_milfire.milbase__5km","cov","tobit","A_anydetect",-0.0943042839204905,0.057567082518467,0.101387625732817,6314,3500,0.452011403230915,""
"PFHxA","idw__mil_milfire.milbase__5km","raw","detect","A_anydetect",0.094667419979767,0.0248825921775093,0.000142054053200502,6314,3500,0.465473550839405,"***"
"PFHxA","idw__mil_milfire.milbase__5km","raw","tobit","A_anydetect",0.150951151731,0.0430790184549347,0.00045823463302027,6314,3500,0.465473550839405,"***"
"PFHxA","idw__mil_milfire.milbase__5km","cov","detect","A_anydetect",0.0782568976053435,0.0262348452831914,0.00285496508360348,6314,3500,0.465473550839405,"***"
"PFHxA","idw__mil_milfire.milbase__5km","cov","tobit","A_anydetect",0.0779446632555934,0.0400693592481579,0.0517456707459069,6314,3500,0.465473550839405,"*"
"PFPeA","idw__mil_milfire.milbase__5km","raw","detect","A_anydetect",0.106220408101359,0.0245260799020193,1.48489878327125e-05,6314,3500,0.541019955654102,"***"
"PFPeA","idw__mil_milfire.milbase__5km","raw","tobit","A_anydetect",0.16648688190524,0.0521650536346342,0.00141516264296886,6314,3500,0.541019955654102,"***"
"PFPeA","idw__mil_milfire.milbase__5km","cov","detect","A_anydetect",0.0812909994187058,0.0245372834432985,0.00092314707988048,6314,3500,0.541019955654102,"***"
"PFPeA","idw__mil_milfire.milbase__5km","cov","tobit","A_anydetect",0.0510103742535635,0.0412382221502826,0.216098845177416,6314,3500,0.541019955654102,""
"PFBA","idw__mil_milfire.milbase__5km","raw","detect","A_anydetect",-0.092993560428229,0.0327797140335601,0.00455504402258328,6314,3500,0.432689261957555,"***"
"PFBA","idw__mil_milfire.milbase__5km","raw","tobit","A_anydetect",-0.161449026943973,0.0785564806532829,0.0398600009731443,6314,3500,0.432689261957555,"**"
"PFBA","idw__mil_milfire.milbase__5km","cov","detect","A_anydetect",-0.0816514402165563,0.0262733143590356,0.0018850417322285,6314,3500,0.432689261957555,"***"
"PFBA","idw__mil_milfire.milbase__5km","cov","tobit","A_anydetect",-0.205513052052894,0.0644955454069749,0.00144020952091439,6314,3500,0.432689261957555,"***"
"PFHpA","idw__mil_milfire.milbase__5km","raw","detect","A_anydetect",0.0506247940709655,0.0243360157849569,0.0375033721236545,6314,3500,0.13588850174216,"**"
"PFHpA","idw__mil_milfire.milbase__5km","raw","tobit","A_anydetect",0.177157363944223,0.0768051428799842,0.0210781311497368,6314,3500,0.13588850174216,"**"
"PFHpA","idw__mil_milfire.milbase__5km","cov","detect","A_anydetect",0.0230293678273063,0.0213615392536775,0.280999735902836,6314,3500,0.13588850174216,""
"PFHpA","idw__mil_milfire.milbase__5km","cov","tobit","A_anydetect",0.0852641275940538,0.0698355565898025,0.222113600961074,6314,3500,0.13588850174216,""
"PFOS","idw__mil_milfire.milbase__10km","raw","detect","A_anydetect",0.0681171911336335,0.0188597120041093,0.000304098740376408,6314,3500,0.360785555907507,"***"
"PFOS","idw__mil_milfire.milbase__10km","raw","tobit","A_anydetect",0.195389026002029,0.0461337840442789,2.2827737317783e-05,6314,3500,0.360785555907507,"***"
"PFOS","idw__mil_milfire.milbase__10km","cov","detect","A_anydetect",0.0734679718798371,0.0214653406706904,0.000620178710683848,6314,3500,0.360785555907507,"***"
"PFOS","idw__mil_milfire.milbase__10km","cov","tobit","A_anydetect",0.211091527597744,0.0490490286104696,1.67981089963562e-05,6314,3500,0.360785555907507,"***"
"PFOA","idw__mil_milfire.milbase__10km","raw","detect","A_anydetect",0.0819280881436518,0.0220172176630627,0.000198363305934028,6314,3500,0.354450427621159,"***"
"PFOA","idw__mil_milfire.milbase__10km","raw","tobit","A_anydetect",0.171367897729622,0.0414195628046243,3.51315237872673e-05,6314,3500,0.354450427621159,"***"
"PFOA","idw__mil_milfire.milbase__10km","cov","detect","A_anydetect",0.0560264485895253,0.021254942590226,0.00839081119128254,6314,3500,0.354450427621159,"***"
"PFOA","idw__mil_milfire.milbase__10km","cov","tobit","A_anydetect",0.127156190432088,0.0416119827757552,0.00224491627709058,6314,3500,0.354450427621159,"***"
"PFHxS","idw__mil_milfire.milbase__10km","raw","detect","A_anydetect",0.0818948786385386,0.0236086753524362,0.00052269736738025,6314,3500,0.276369971491923,"***"
"PFHxS","idw__mil_milfire.milbase__10km","raw","tobit","A_anydetect",0.220271709097866,0.0602824462672397,0.00025819210074251,6314,3500,0.276369971491923,"***"
"PFHxS","idw__mil_milfire.milbase__10km","cov","detect","A_anydetect",0.0669570453491993,0.0197145304858027,0.000682960419927939,6314,3500,0.276369971491923,"***"
"PFHxS","idw__mil_milfire.milbase__10km","cov","tobit","A_anydetect",0.166042814645142,0.0444415815732769,0.000186819129752442,6314,3500,0.276369971491923,"***"
"PFBS","idw__mil_milfire.milbase__10km","raw","detect","A_anydetect",-0.0256617354065128,0.016412613137314,0.117926232575522,6314,3500,0.452011403230915,""
"PFBS","idw__mil_milfire.milbase__10km","raw","tobit","A_anydetect",-0.0519047070351464,0.0334863467440594,0.121135283281872,6314,3500,0.452011403230915,""
"PFBS","idw__mil_milfire.milbase__10km","cov","detect","A_anydetect",-0.0178553469643485,0.017702425290462,0.313148055880008,6314,3500,0.452011403230915,""
"PFBS","idw__mil_milfire.milbase__10km","cov","tobit","A_anydetect",-0.0429519797668849,0.0345900220649767,0.214330737787941,6314,3500,0.452011403230915,""
"PFHxA","idw__mil_milfire.milbase__10km","raw","detect","A_anydetect",0.069362859033903,0.0146230008146314,2.10152408245865e-06,6314,3500,0.465473550839405,"***"
"PFHxA","idw__mil_milfire.milbase__10km","raw","tobit","A_anydetect",0.118461126228313,0.026582278625878,8.33495026526727e-06,6314,3500,0.465473550839405,"***"
"PFHxA","idw__mil_milfire.milbase__10km","cov","detect","A_anydetect",0.0580343011590935,0.0155639019258985,0.000192412228922293,6314,3500,0.465473550839405,"***"
"PFHxA","idw__mil_milfire.milbase__10km","cov","tobit","A_anydetect",0.0735414940393533,0.0260682314413823,0.00478569559860319,6314,3500,0.465473550839405,"***"
"PFPeA","idw__mil_milfire.milbase__10km","raw","detect","A_anydetect",0.0759728502909168,0.014315876357036,1.11508468260776e-07,6314,3500,0.541019955654102,"***"
"PFPeA","idw__mil_milfire.milbase__10km","raw","tobit","A_anydetect",0.121786970567072,0.0301537555726233,5.37102936765937e-05,6314,3500,0.541019955654102,"***"
"PFPeA","idw__mil_milfire.milbase__10km","cov","detect","A_anydetect",0.0599469415820341,0.0146059280580281,4.05561220722864e-05,6314,3500,0.541019955654102,"***"
"PFPeA","idw__mil_milfire.milbase__10km","cov","tobit","A_anydetect",0.054730429223654,0.0260110620489817,0.0353678688534759,6314,3500,0.541019955654102,"**"
"PFBA","idw__mil_milfire.milbase__10km","raw","detect","A_anydetect",-0.0703348514438717,0.017258403427579,4.59358440021056e-05,6314,3500,0.432689261957555,"***"
"PFBA","idw__mil_milfire.milbase__10km","raw","tobit","A_anydetect",-0.109632136047298,0.038694006593779,0.00460686102551865,6314,3500,0.432689261957555,"***"
"PFBA","idw__mil_milfire.milbase__10km","cov","detect","A_anydetect",-0.0544983052450629,0.0148237898762649,0.000236540758689744,6314,3500,0.432689261957555,"***"
"PFBA","idw__mil_milfire.milbase__10km","cov","tobit","A_anydetect",-0.120476330121626,0.0344332136845576,0.000467285637201881,6314,3500,0.432689261957555,"***"
"PFHpA","idw__mil_milfire.milbase__10km","raw","detect","A_anydetect",0.0416295236726964,0.0147196361343355,0.00468160285345272,6314,3500,0.13588850174216,"***"
"PFHpA","idw__mil_milfire.milbase__10km","raw","tobit","A_anydetect",0.138485520928612,0.0446547940053343,0.00192707835542173,6314,3500,0.13588850174216,"***"
"PFHpA","idw__mil_milfire.milbase__10km","cov","detect","A_anydetect",0.0262110078203566,0.0145414386818231,0.071466076427935,6314,3500,0.13588850174216,"*"
"PFHpA","idw__mil_milfire.milbase__10km","cov","tobit","A_anydetect",0.088826065136163,0.0443051085608094,0.0449767484070005,6314,3500,0.13588850174216,"**"
"PFOS","idw__mil_milfire.milbase__25km","raw","detect","A_anydetect",0.0460630277801298,0.00819783559758692,1.92148641675053e-08,6314,3500,0.360785555907507,"***"
"PFOS","idw__mil_milfire.milbase__25km","raw","tobit","A_anydetect",0.116091937099601,0.0209945362659833,3.2091392609618e-08,6314,3500,0.360785555907507,"***"
"PFOS","idw__mil_milfire.milbase__25km","cov","detect","A_anydetect",0.0485745298909258,0.00961289874367535,4.34792977714116e-07,6314,3500,0.360785555907507,"***"
"PFOS","idw__mil_milfire.milbase__25km","cov","tobit","A_anydetect",0.125268961655128,0.0228473500718409,4.18489721818171e-08,6314,3500,0.360785555907507,"***"
"PFOA","idw__mil_milfire.milbase__25km","raw","detect","A_anydetect",0.0871960438775865,0.00911314537706632,1.08823883426434e-21,6314,3500,0.354450427621159,"***"
"PFOA","idw__mil_milfire.milbase__25km","raw","tobit","A_anydetect",0.167254278076562,0.016894404479578,4.16355436563841e-23,6314,3500,0.354450427621159,"***"
"PFOA","idw__mil_milfire.milbase__25km","cov","detect","A_anydetect",0.0670676211530848,0.0100281029156122,2.2629218029735e-11,6314,3500,0.354450427621159,"***"
"PFOA","idw__mil_milfire.milbase__25km","cov","tobit","A_anydetect",0.128759538807452,0.0199319906199078,1.04741887160313e-10,6314,3500,0.354450427621159,"***"
"PFHxS","idw__mil_milfire.milbase__25km","raw","detect","A_anydetect",0.0274648873285422,0.008726199602971,0.00164726426418514,6314,3500,0.276369971491923,"***"
"PFHxS","idw__mil_milfire.milbase__25km","raw","tobit","A_anydetect",0.0683718333032891,0.0242697138411791,0.00484493491493565,6314,3500,0.276369971491923,"***"
"PFHxS","idw__mil_milfire.milbase__25km","cov","detect","A_anydetect",0.0210352700736219,0.00866111336556851,0.0151529489502753,6314,3500,0.276369971491923,"**"
"PFHxS","idw__mil_milfire.milbase__25km","cov","tobit","A_anydetect",0.0445519944761267,0.0217779028627509,0.0407816530393993,6314,3500,0.276369971491923,"**"
"PFBS","idw__mil_milfire.milbase__25km","raw","detect","A_anydetect",-0.00846996898217387,0.00839763534842142,0.313159995979434,6314,3500,0.452011403230915,""
"PFBS","idw__mil_milfire.milbase__25km","raw","tobit","A_anydetect",-0.022943304978329,0.0170641814627565,0.178777041671961,6314,3500,0.452011403230915,""
"PFBS","idw__mil_milfire.milbase__25km","cov","detect","A_anydetect",-0.00505430051864769,0.00933420382160676,0.588175610395064,6314,3500,0.452011403230915,""
"PFBS","idw__mil_milfire.milbase__25km","cov","tobit","A_anydetect",-0.0202711594837122,0.0183451162900074,0.269164171804617,6314,3500,0.452011403230915,""
"PFHxA","idw__mil_milfire.milbase__25km","raw","detect","A_anydetect",0.0472872830714431,0.00752694657463229,3.33387452171553e-10,6314,3500,0.465473550839405,"***"
"PFHxA","idw__mil_milfire.milbase__25km","raw","tobit","A_anydetect",0.0788225533863224,0.0138534936260986,1.27244966569053e-08,6314,3500,0.465473550839405,"***"
"PFHxA","idw__mil_milfire.milbase__25km","cov","detect","A_anydetect",0.0439153931462522,0.0083048619321988,1.23719322896912e-07,6314,3500,0.465473550839405,"***"
"PFHxA","idw__mil_milfire.milbase__25km","cov","tobit","A_anydetect",0.060370525687316,0.0152468873588739,7.50970440887903e-05,6314,3500,0.465473550839405,"***"
"PFPeA","idw__mil_milfire.milbase__25km","raw","detect","A_anydetect",0.0507179758480808,0.00709858400107854,9.01258260629966e-13,6314,3500,0.541019955654102,"***"
"PFPeA","idw__mil_milfire.milbase__25km","raw","tobit","A_anydetect",0.0751060911286037,0.0153884975701991,1.05729072064608e-06,6314,3500,0.541019955654102,"***"
"PFPeA","idw__mil_milfire.milbase__25km","cov","detect","A_anydetect",0.045001720287526,0.00782751052957918,8.96804710119187e-09,6314,3500,0.541019955654102,"***"
"PFPeA","idw__mil_milfire.milbase__25km","cov","tobit","A_anydetect",0.0474126367059339,0.0153006985486855,0.00194356204489891,6314,3500,0.541019955654102,"***"
"PFBA","idw__mil_milfire.milbase__25km","raw","detect","A_anydetect",-0.0525537464275369,0.00813859144547563,1.06551155997053e-10,6314,3500,0.432689261957555,"***"
"PFBA","idw__mil_milfire.milbase__25km","raw","tobit","A_anydetect",-0.0806018688966305,0.0161476345105103,5.98939095836425e-07,6314,3500,0.432689261957555,"***"
"PFBA","idw__mil_milfire.milbase__25km","cov","detect","A_anydetect",-0.0366973480993491,0.00790068862020018,3.40358151260077e-06,6314,3500,0.432689261957555,"***"
"PFBA","idw__mil_milfire.milbase__25km","cov","tobit","A_anydetect",-0.0717899284245736,0.016376004451029,1.16600685001206e-05,6314,3500,0.432689261957555,"***"
"PFHpA","idw__mil_milfire.milbase__25km","raw","detect","A_anydetect",0.0251566652665907,0.00709765772746246,0.000393565119011089,6314,3500,0.13588850174216,"***"
"PFHpA","idw__mil_milfire.milbase__25km","raw","tobit","A_anydetect",0.0849379864065859,0.022060704043287,0.000118024388647635,6314,3500,0.13588850174216,"***"
"PFHpA","idw__mil_milfire.milbase__25km","cov","detect","A_anydetect",0.0180930067850171,0.00813149793512787,0.0260777389207985,6314,3500,0.13588850174216,"**"
"PFHpA","idw__mil_milfire.milbase__25km","cov","tobit","A_anydetect",0.062129847005263,0.0255257483419772,0.0149327113758105,6314,3500,0.13588850174216,"**"
"PFOS","idw__mil_milsusp.milbase__5km","raw","detect","A_anydetect",0.0470161093593181,0.0355225815504816,0.185650701499569,6314,3500,0.360785555907507,""
"PFOS","idw__mil_milsusp.milbase__5km","raw","tobit","A_anydetect",0.202529680933948,0.0950614094322851,0.0331291862430308,6314,3500,0.360785555907507,"**"
"PFOS","idw__mil_milsusp.milbase__5km","cov","detect","A_anydetect",0.0455341744506137,0.0362452821501892,0.209014956597736,6314,3500,0.360785555907507,""
"PFOS","idw__mil_milsusp.milbase__5km","cov","tobit","A_anydetect",0.207413181165206,0.0925331311047317,0.0249935882003634,6314,3500,0.360785555907507,"**"
"PFOA","idw__mil_milsusp.milbase__5km","raw","detect","A_anydetect",0.0182837725385408,0.0366276402753063,0.617652831650785,6314,3500,0.354450427621159,""
"PFOA","idw__mil_milsusp.milbase__5km","raw","tobit","A_anydetect",0.0705257749201527,0.078902973584533,0.371413329735885,6314,3500,0.354450427621159,""
"PFOA","idw__mil_milsusp.milbase__5km","cov","detect","A_anydetect",-0.0108323426861911,0.0307873047080732,0.724954911416654,6314,3500,0.354450427621159,""
"PFOA","idw__mil_milsusp.milbase__5km","cov","tobit","A_anydetect",0.0232201628303178,0.0700780824174889,0.740382388670853,6314,3500,0.354450427621159,""
"PFHxS","idw__mil_milsusp.milbase__5km","raw","detect","A_anydetect",0.143929036911961,0.0580517466165355,0.0131632003565207,6314,3500,0.276369971491923,"**"
"PFHxS","idw__mil_milsusp.milbase__5km","raw","tobit","A_anydetect",0.42045916353229,0.142029280770152,0.00307270180082574,6314,3500,0.276369971491923,"***"
"PFHxS","idw__mil_milsusp.milbase__5km","cov","detect","A_anydetect",0.117340545974587,0.0437296027480913,0.00728950625931448,6314,3500,0.276369971491923,"***"
"PFHxS","idw__mil_milsusp.milbase__5km","cov","tobit","A_anydetect",0.312195930270676,0.0964190918379886,0.00120410588419424,6314,3500,0.276369971491923,"***"
"PFBS","idw__mil_milsusp.milbase__5km","raw","detect","A_anydetect",-0.0242986072027936,0.0312110739135303,0.436259463218801,6314,3500,0.452011403230915,""
"PFBS","idw__mil_milsusp.milbase__5km","raw","tobit","A_anydetect",-0.0400042667603771,0.0610703778009292,0.51243434194678,6314,3500,0.452011403230915,""
"PFBS","idw__mil_milsusp.milbase__5km","cov","detect","A_anydetect",-0.00636492619315704,0.0334550258977068,0.849110713986392,6314,3500,0.452011403230915,""
"PFBS","idw__mil_milsusp.milbase__5km","cov","tobit","A_anydetect",-0.0252561359401023,0.0620422251065183,0.683949386679036,6314,3500,0.452011403230915,""
"PFHxA","idw__mil_milsusp.milbase__5km","raw","detect","A_anydetect",0.0784329322971599,0.0258717995512401,0.00243261802415172,6314,3500,0.465473550839405,"***"
"PFHxA","idw__mil_milsusp.milbase__5km","raw","tobit","A_anydetect",0.149090623477984,0.0468087394451418,0.00144702847437623,6314,3500,0.465473550839405,"***"
"PFHxA","idw__mil_milsusp.milbase__5km","cov","detect","A_anydetect",0.0614280238603817,0.0277283676680106,0.0267360886315681,6314,3500,0.465473550839405,"**"
"PFHxA","idw__mil_milsusp.milbase__5km","cov","tobit","A_anydetect",0.0742780507447001,0.04321284157867,0.0856347005591717,6314,3500,0.465473550839405,"*"
"PFPeA","idw__mil_milsusp.milbase__5km","raw","detect","A_anydetect",0.0865853592504314,0.0276645313191406,0.00174905788116219,6314,3500,0.541019955654102,"***"
"PFPeA","idw__mil_milsusp.milbase__5km","raw","tobit","A_anydetect",0.167197303062839,0.0630223018202125,0.00797831099916701,6314,3500,0.541019955654102,"***"
"PFPeA","idw__mil_milsusp.milbase__5km","cov","detect","A_anydetect",0.0617640997140055,0.0274660189208799,0.0245286618315803,6314,3500,0.541019955654102,"**"
"PFPeA","idw__mil_milsusp.milbase__5km","cov","tobit","A_anydetect",0.0504870650767879,0.0474477025818304,0.287302830875232,6314,3500,0.541019955654102,""
"PFBA","idw__mil_milsusp.milbase__5km","raw","detect","A_anydetect",-0.0784945829979611,0.0392806298204631,0.045683868501976,6314,3500,0.432689261957555,"**"
"PFBA","idw__mil_milsusp.milbase__5km","raw","tobit","A_anydetect",-0.102702407941438,0.0996116186770775,0.30252750144048,6314,3500,0.432689261957555,""
"PFBA","idw__mil_milsusp.milbase__5km","cov","detect","A_anydetect",-0.0655482972912598,0.0276696043092992,0.0178379882680493,6314,3500,0.432689261957555,"**"
"PFBA","idw__mil_milsusp.milbase__5km","cov","tobit","A_anydetect",-0.15894175560173,0.0695460340378732,0.0222883315867936,6314,3500,0.432689261957555,"**"
"PFHpA","idw__mil_milsusp.milbase__5km","raw","detect","A_anydetect",0.044516361898939,0.0250819298954264,0.0759246424967996,6314,3500,0.13588850174216,"*"
"PFHpA","idw__mil_milsusp.milbase__5km","raw","tobit","A_anydetect",0.184028767328054,0.0829751118625324,0.0265630761555802,6314,3500,0.13588850174216,"**"
"PFHpA","idw__mil_milsusp.milbase__5km","cov","detect","A_anydetect",0.013466176984004,0.020499982498107,0.511253421537873,6314,3500,0.13588850174216,""
"PFHpA","idw__mil_milsusp.milbase__5km","cov","tobit","A_anydetect",0.0801021044673905,0.0715433314761847,0.262871202265713,6314,3500,0.13588850174216,""
"PFOS","idw__mil_milsusp.milbase__10km","raw","detect","A_anydetect",0.0611250935859762,0.0204248937311175,0.00276542971319342,6314,3500,0.360785555907507,"***"
"PFOS","idw__mil_milsusp.milbase__10km","raw","tobit","A_anydetect",0.199197848124078,0.0513195330114201,0.00010380516097236,6314,3500,0.360785555907507,"***"
"PFOS","idw__mil_milsusp.milbase__10km","cov","detect","A_anydetect",0.0605783882912776,0.0220315385355395,0.00596641697460913,6314,3500,0.360785555907507,"***"
"PFOS","idw__mil_milsusp.milbase__10km","cov","tobit","A_anydetect",0.204250807050743,0.053192261917214,0.00012310479091245,6314,3500,0.360785555907507,"***"
"PFOA","idw__mil_milsusp.milbase__10km","raw","detect","A_anydetect",0.0630241626360002,0.0254140796325455,0.0131422329331515,6314,3500,0.354450427621159,"**"
"PFOA","idw__mil_milsusp.milbase__10km","raw","tobit","A_anydetect",0.143353273659947,0.0477026838701902,0.00265458078883414,6314,3500,0.354450427621159,"***"
"PFOA","idw__mil_milsusp.milbase__10km","cov","detect","A_anydetect",0.0330308636324927,0.0211789395151346,0.118852320053332,6314,3500,0.354450427621159,""
"PFOA","idw__mil_milsusp.milbase__10km","cov","tobit","A_anydetect",0.0934032872926615,0.0427571003409969,0.0289248378633417,6314,3500,0.354450427621159,"**"
"PFHxS","idw__mil_milsusp.milbase__10km","raw","detect","A_anydetect",0.0856126090415585,0.030574128956321,0.00510764749213,6314,3500,0.276369971491923,"***"
"PFHxS","idw__mil_milsusp.milbase__10km","raw","tobit","A_anydetect",0.239306412099825,0.0766155223869798,0.0017873108290586,6314,3500,0.276369971491923,"***"
"PFHxS","idw__mil_milsusp.milbase__10km","cov","detect","A_anydetect",0.0742737075368215,0.0232771356152803,0.00141857873784785,6314,3500,0.276369971491923,"***"
"PFHxS","idw__mil_milsusp.milbase__10km","cov","tobit","A_anydetect",0.188645407048653,0.0515122074256237,0.000250107776903651,6314,3500,0.276369971491923,"***"
"PFBS","idw__mil_milsusp.milbase__10km","raw","detect","A_anydetect",-0.0118261409898698,0.017270631804738,0.493498919391492,6314,3500,0.452011403230915,""
"PFBS","idw__mil_milsusp.milbase__10km","raw","tobit","A_anydetect",-0.0116318822262947,0.0345918720416527,0.736674389385344,6314,3500,0.452011403230915,""
"PFBS","idw__mil_milsusp.milbase__10km","cov","detect","A_anydetect",-0.00161249525027404,0.0188366849837827,0.931781232567261,6314,3500,0.452011403230915,""
"PFBS","idw__mil_milsusp.milbase__10km","cov","tobit","A_anydetect",0.000123170692047447,0.036630466905219,0.997317101947157,6314,3500,0.452011403230915,""
"PFHxA","idw__mil_milsusp.milbase__10km","raw","detect","A_anydetect",0.0625551029981172,0.0144999486886173,1.60210670647145e-05,6314,3500,0.465473550839405,"***"
"PFHxA","idw__mil_milsusp.milbase__10km","raw","tobit","A_anydetect",0.120079647870207,0.0267646352593557,7.2401298802735e-06,6314,3500,0.465473550839405,"***"
"PFHxA","idw__mil_milsusp.milbase__10km","cov","detect","A_anydetect",0.0518416076021629,0.0157477439945486,0.00099476839674597,6314,3500,0.465473550839405,"***"
"PFHxA","idw__mil_milsusp.milbase__10km","cov","tobit","A_anydetect",0.0765858665451652,0.0260759831760657,0.00331375255289537,6314,3500,0.465473550839405,"***"
"PFPeA","idw__mil_milsusp.milbase__10km","raw","detect","A_anydetect",0.0667340448076203,0.0153534549155444,1.38316663992934e-05,6314,3500,0.541019955654102,"***"
"PFPeA","idw__mil_milsusp.milbase__10km","raw","tobit","A_anydetect",0.12401775655316,0.0334484669395328,0.000209128605603023,6314,3500,0.541019955654102,"***"
"PFPeA","idw__mil_milsusp.milbase__10km","cov","detect","A_anydetect",0.0515893454735803,0.0153776852644954,0.000794170261475941,6314,3500,0.541019955654102,"***"
"PFPeA","idw__mil_milsusp.milbase__10km","cov","tobit","A_anydetect",0.0596928888467961,0.026919512627543,0.0265918095246721,6314,3500,0.541019955654102,"**"
"PFBA","idw__mil_milsusp.milbase__10km","raw","detect","A_anydetect",-0.0634720906530474,0.0204837579178621,0.00194401515137902,6314,3500,0.432689261957555,"***"
"PFBA","idw__mil_milsusp.milbase__10km","raw","tobit","A_anydetect",-0.0737974720479104,0.0506708679496095,0.145279785747272,6314,3500,0.432689261957555,""
"PFBA","idw__mil_milsusp.milbase__10km","cov","detect","A_anydetect",-0.0463637782295005,0.0155021338075227,0.00278247875308172,6314,3500,0.432689261957555,"***"
"PFBA","idw__mil_milsusp.milbase__10km","cov","tobit","A_anydetect",-0.0904675957628812,0.0379619360271142,0.017166908502387,6314,3500,0.432689261957555,"**"
"PFHpA","idw__mil_milsusp.milbase__10km","raw","detect","A_anydetect",0.0381510530810214,0.0143563932690017,0.00787398692837147,6314,3500,0.13588850174216,"***"
"PFHpA","idw__mil_milsusp.milbase__10km","raw","tobit","A_anydetect",0.143796221997894,0.0455600339046316,0.00159843513851481,6314,3500,0.13588850174216,"***"
"PFHpA","idw__mil_milsusp.milbase__10km","cov","detect","A_anydetect",0.0203793698176813,0.0130261434464927,0.117700762311097,6314,3500,0.13588850174216,""
"PFHpA","idw__mil_milsusp.milbase__10km","cov","tobit","A_anydetect",0.086874386703937,0.0420535924938051,0.0388471989032947,6314,3500,0.13588850174216,"**"
"PFOS","idw__mil_milsusp.milbase__25km","raw","detect","A_anydetect",0.0486330462417393,0.00905757356314633,7.9032364365465e-08,6314,3500,0.360785555907507,"***"
"PFOS","idw__mil_milsusp.milbase__25km","raw","tobit","A_anydetect",0.131925251139619,0.023578174261016,2.20332546150683e-08,6314,3500,0.360785555907507,"***"
"PFOS","idw__mil_milsusp.milbase__25km","cov","detect","A_anydetect",0.047674983527826,0.0103378938770078,3.99441490202785e-06,6314,3500,0.360785555907507,"***"
"PFOS","idw__mil_milsusp.milbase__25km","cov","tobit","A_anydetect",0.134098896398538,0.0249645517980504,7.80530356591843e-08,6314,3500,0.360785555907507,"***"
"PFOA","idw__mil_milsusp.milbase__25km","raw","detect","A_anydetect",0.0906829700832968,0.0117617293711695,1.25814667792739e-14,6314,3500,0.354450427621159,"***"
"PFOA","idw__mil_milsusp.milbase__25km","raw","tobit","A_anydetect",0.177366382017648,0.0205588795329488,6.28503569866375e-18,6314,3500,0.354450427621159,"***"
"PFOA","idw__mil_milsusp.milbase__25km","cov","detect","A_anydetect",0.064167085325283,0.0112716941071785,1.24999700708782e-08,6314,3500,0.354450427621159,"***"
"PFOA","idw__mil_milsusp.milbase__25km","cov","tobit","A_anydetect",0.127416112679782,0.0212279613528551,1.94568909956593e-09,6314,3500,0.354450427621159,"***"
"PFHxS","idw__mil_milsusp.milbase__25km","raw","detect","A_anydetect",0.0282194152784057,0.0122555832861497,0.0213026954502315,6314,3500,0.276369971491923,"**"
"PFHxS","idw__mil_milsusp.milbase__25km","raw","tobit","A_anydetect",0.0752346698678894,0.0351523947085434,0.0323351265181955,6314,3500,0.276369971491923,"**"
"PFHxS","idw__mil_milsusp.milbase__25km","cov","detect","A_anydetect",0.0220664424147982,0.0103310522069213,0.0326848194487463,6314,3500,0.276369971491923,"**"
"PFHxS","idw__mil_milsusp.milbase__25km","cov","tobit","A_anydetect",0.0499232689848071,0.0254745428363677,0.0500271586635409,6314,3500,0.276369971491923,"*"
"PFBS","idw__mil_milsusp.milbase__25km","raw","detect","A_anydetect",-0.00421488919092243,0.00880289922616334,0.632075983160765,6314,3500,0.452011403230915,""
"PFBS","idw__mil_milsusp.milbase__25km","raw","tobit","A_anydetect",-0.00551036511214645,0.017854909757953,0.757611335469054,6314,3500,0.452011403230915,""
"PFBS","idw__mil_milsusp.milbase__25km","cov","detect","A_anydetect",0.00115443971374503,0.00974252821186562,0.905675551490965,6314,3500,0.452011403230915,""
"PFBS","idw__mil_milsusp.milbase__25km","cov","tobit","A_anydetect",0.00135362582536411,0.0192027887204787,0.943802778904041,6314,3500,0.452011403230915,""
"PFHxA","idw__mil_milsusp.milbase__25km","raw","detect","A_anydetect",0.0473898729798502,0.0079443393465068,2.44278090654363e-09,6314,3500,0.465473550839405,"***"
"PFHxA","idw__mil_milsusp.milbase__25km","raw","tobit","A_anydetect",0.0854645256227415,0.0146525362920534,5.45224636040839e-09,6314,3500,0.465473550839405,"***"
"PFHxA","idw__mil_milsusp.milbase__25km","cov","detect","A_anydetect",0.0440241178414225,0.00874196276229705,4.75476021020436e-07,6314,3500,0.465473550839405,"***"
"PFHxA","idw__mil_milsusp.milbase__25km","cov","tobit","A_anydetect",0.0669611973083984,0.01559501331937,1.75674761238803e-05,6314,3500,0.465473550839405,"***"
"PFPeA","idw__mil_milsusp.milbase__25km","raw","detect","A_anydetect",0.0494101213709731,0.00791964327831151,4.40566492565273e-10,6314,3500,0.541019955654102,"***"
"PFPeA","idw__mil_milsusp.milbase__25km","raw","tobit","A_anydetect",0.0812386053009634,0.0172181440442461,2.37943366039366e-06,6314,3500,0.541019955654102,"***"
"PFPeA","idw__mil_milsusp.milbase__25km","cov","detect","A_anydetect",0.0435537860783412,0.0084228587367597,2.32965395248708e-07,6314,3500,0.541019955654102,"***"
"PFPeA","idw__mil_milsusp.milbase__25km","cov","tobit","A_anydetect",0.0547675394100943,0.0159541387991913,0.000597358868552195,6314,3500,0.541019955654102,"***"
"PFBA","idw__mil_milsusp.milbase__25km","raw","detect","A_anydetect",-0.0559174786743825,0.00904284314313614,6.264925724004e-10,6314,3500,0.432689261957555,"***"
"PFBA","idw__mil_milsusp.milbase__25km","raw","tobit","A_anydetect",-0.0728288446325007,0.0196768879624475,0.000214550151499406,6314,3500,0.432689261957555,"***"
"PFBA","idw__mil_milsusp.milbase__25km","cov","detect","A_anydetect",-0.0361918008612424,0.0084721981637211,1.93874269702853e-05,6314,3500,0.432689261957555,"***"
"PFBA","idw__mil_milsusp.milbase__25km","cov","tobit","A_anydetect",-0.0597176011208517,0.0184649839421006,0.00122026800731606,6314,3500,0.432689261957555,"***"
"PFHpA","idw__mil_milsusp.milbase__25km","raw","detect","A_anydetect",0.0269652967910701,0.00708950430248894,0.000142636155462754,6314,3500,0.13588850174216,"***"
"PFHpA","idw__mil_milsusp.milbase__25km","raw","tobit","A_anydetect",0.0986080051817498,0.0229980282656285,1.80555321091924e-05,6314,3500,0.13588850174216,"***"
"PFHpA","idw__mil_milsusp.milbase__25km","cov","detect","A_anydetect",0.0179720800416456,0.00747740897557938,0.0162382092998779,6314,3500,0.13588850174216,"**"
"PFHpA","idw__mil_milsusp.milbase__25km","cov","tobit","A_anydetect",0.0701577036819958,0.0245320133864219,0.00423850953573001,6314,3500,0.13588850174216,"***"
"PFOS","idw__mil_airport.milfire.milsusp__5km","raw","detect","A_anydetect",0.0658938064887268,0.0253463403165828,0.00932953626754988,6314,3500,0.360785555907507,"***"
"PFOS","idw__mil_airport.milfire.milsusp__5km","raw","tobit","A_anydetect",0.199448027925089,0.062261594222289,0.00135820978204383,6314,3500,0.360785555907507,"***"
"PFOS","idw__mil_airport.milfire.milsusp__5km","cov","detect","A_anydetect",0.0653241426675755,0.0261140028638513,0.0123668917168428,6314,3500,0.360785555907507,"**"
"PFOS","idw__mil_airport.milfire.milsusp__5km","cov","tobit","A_anydetect",0.190894525313661,0.0613463175887783,0.00185980677060998,6314,3500,0.360785555907507,"***"
"PFOA","idw__mil_airport.milfire.milsusp__5km","raw","detect","A_anydetect",0.0523748655084576,0.0264510522088238,0.0476959585293793,6314,3500,0.354450427621159,"**"
"PFOA","idw__mil_airport.milfire.milsusp__5km","raw","tobit","A_anydetect",0.118835810260652,0.0510056544315984,0.019813783696002,6314,3500,0.354450427621159,"**"
"PFOA","idw__mil_airport.milfire.milsusp__5km","cov","detect","A_anydetect",0.0076013244822012,0.0247148526603066,0.758416409784697,6314,3500,0.354450427621159,""
"PFOA","idw__mil_airport.milfire.milsusp__5km","cov","tobit","A_anydetect",0.0287087062899031,0.0491478774591569,0.559133446081513,6314,3500,0.354450427621159,""
"PFHxS","idw__mil_airport.milfire.milsusp__5km","raw","detect","A_anydetect",0.166010919041505,0.0318416855160994,1.8517587537467e-07,6314,3500,0.276369971491923,"***"
"PFHxS","idw__mil_airport.milfire.milsusp__5km","raw","tobit","A_anydetect",0.386392450218733,0.0758938753298478,3.55766097740434e-07,6314,3500,0.276369971491923,"***"
"PFHxS","idw__mil_airport.milfire.milsusp__5km","cov","detect","A_anydetect",0.132675828404188,0.0283870888461687,2.95664463478151e-06,6314,3500,0.276369971491923,"***"
"PFHxS","idw__mil_airport.milfire.milsusp__5km","cov","tobit","A_anydetect",0.281853558552351,0.0610256604254836,3.8632426121426e-06,6314,3500,0.276369971491923,"***"
"PFBS","idw__mil_airport.milfire.milsusp__5km","raw","detect","A_anydetect",-0.0345174590365649,0.0252519572870815,0.171649717206418,6314,3500,0.452011403230915,""
"PFBS","idw__mil_airport.milfire.milsusp__5km","raw","tobit","A_anydetect",-0.114844596359008,0.0479037905426268,0.0165118413428024,6314,3500,0.452011403230915,"**"
"PFBS","idw__mil_airport.milfire.milsusp__5km","cov","detect","A_anydetect",-0.0452813417919529,0.0263890509299497,0.0861777849493132,6314,3500,0.452011403230915,"*"
"PFBS","idw__mil_airport.milfire.milsusp__5km","cov","tobit","A_anydetect",-0.120332314096716,0.0476873636425043,0.0116239832793708,6314,3500,0.452011403230915,"**"
"PFHxA","idw__mil_airport.milfire.milsusp__5km","raw","detect","A_anydetect",0.138072303433075,0.0231298600252711,2.38069805528434e-09,6314,3500,0.465473550839405,"***"
"PFHxA","idw__mil_airport.milfire.milsusp__5km","raw","tobit","A_anydetect",0.222680108337082,0.0403605704306862,3.443089713838e-08,6314,3500,0.465473550839405,"***"
"PFHxA","idw__mil_airport.milfire.milsusp__5km","cov","detect","A_anydetect",0.105597783883532,0.0237437320846367,8.69174352837848e-06,6314,3500,0.465473550839405,"***"
"PFHxA","idw__mil_airport.milfire.milsusp__5km","cov","tobit","A_anydetect",0.134720800502773,0.0394489113894581,0.000637655823600956,6314,3500,0.465473550839405,"***"
"PFPeA","idw__mil_airport.milfire.milsusp__5km","raw","detect","A_anydetect",0.150035810592854,0.0230962396326801,8.24210934344599e-11,6314,3500,0.541019955654102,"***"
"PFPeA","idw__mil_airport.milfire.milsusp__5km","raw","tobit","A_anydetect",0.270745930984754,0.0487482592891332,2.7926781221027e-08,6314,3500,0.541019955654102,"***"
"PFPeA","idw__mil_airport.milfire.milsusp__5km","cov","detect","A_anydetect",0.103520257017047,0.022805214626292,5.64348754191608e-06,6314,3500,0.541019955654102,"***"
"PFPeA","idw__mil_airport.milfire.milsusp__5km","cov","tobit","A_anydetect",0.141797644743847,0.0416327976910108,0.000659434340526431,6314,3500,0.541019955654102,"***"
"PFBA","idw__mil_airport.milfire.milsusp__5km","raw","detect","A_anydetect",0.00754957212387763,0.0294002094127471,0.797343716896553,6314,3500,0.432689261957555,""
"PFBA","idw__mil_airport.milfire.milsusp__5km","raw","tobit","A_anydetect",0.121438949639876,0.0782729000782362,0.12078635817525,6314,3500,0.432689261957555,""
"PFBA","idw__mil_airport.milfire.milsusp__5km","cov","detect","A_anydetect",0.0100557251649449,0.0253348389199615,0.691431668464386,6314,3500,0.432689261957555,""
"PFBA","idw__mil_airport.milfire.milsusp__5km","cov","tobit","A_anydetect",0.0792670897405061,0.055689544930576,0.154627560405406,6314,3500,0.432689261957555,""
"PFHpA","idw__mil_airport.milfire.milsusp__5km","raw","detect","A_anydetect",0.0745496604098887,0.0194597696084438,0.000127642619556826,6314,3500,0.13588850174216,"***"
"PFHpA","idw__mil_airport.milfire.milsusp__5km","raw","tobit","A_anydetect",0.209601527108797,0.0549049386644079,0.000134791649234953,6314,3500,0.13588850174216,"***"
"PFHpA","idw__mil_airport.milfire.milsusp__5km","cov","detect","A_anydetect",0.0407693775413967,0.0194233271677726,0.0358177457299536,6314,3500,0.13588850174216,"**"
"PFHpA","idw__mil_airport.milfire.milsusp__5km","cov","tobit","A_anydetect",0.0983608065131236,0.0548800252049762,0.0730868564822161,6314,3500,0.13588850174216,"*"
"PFOS","idw__mil_airport.milfire.milsusp__10km","raw","detect","A_anydetect",0.0314475449382566,0.0116540021138391,0.00696667409912297,6314,3500,0.360785555907507,"***"
"PFOS","idw__mil_airport.milfire.milsusp__10km","raw","tobit","A_anydetect",0.0997529715372745,0.0297708540441269,0.000806098173088743,6314,3500,0.360785555907507,"***"
"PFOS","idw__mil_airport.milfire.milsusp__10km","cov","detect","A_anydetect",0.0357187431237471,0.0124962350320659,0.00425836460258567,6314,3500,0.360785555907507,"***"
"PFOS","idw__mil_airport.milfire.milsusp__10km","cov","tobit","A_anydetect",0.10669621339068,0.0311707909966296,0.000619443421797423,6314,3500,0.360785555907507,"***"
"PFOA","idw__mil_airport.milfire.milsusp__10km","raw","detect","A_anydetect",0.0450808543835745,0.0126079808487824,0.000349451208607039,6314,3500,0.354450427621159,"***"
"PFOA","idw__mil_airport.milfire.milsusp__10km","raw","tobit","A_anydetect",0.107135451393764,0.0256379731306559,2.93076914515723e-05,6314,3500,0.354450427621159,"***"
"PFOA","idw__mil_airport.milfire.milsusp__10km","cov","detect","A_anydetect",0.0233632838929084,0.0122633267752145,0.0567626219183638,6314,3500,0.354450427621159,"*"
"PFOA","idw__mil_airport.milfire.milsusp__10km","cov","tobit","A_anydetect",0.0621474368969893,0.0261894733323827,0.0176445983054033,6314,3500,0.354450427621159,"**"
"PFHxS","idw__mil_airport.milfire.milsusp__10km","raw","detect","A_anydetect",0.0675910679178464,0.012586029603365,7.85949222487465e-08,6314,3500,0.276369971491923,"***"
"PFHxS","idw__mil_airport.milfire.milsusp__10km","raw","tobit","A_anydetect",0.144605074939942,0.031701192796769,5.07888351723292e-06,6314,3500,0.276369971491923,"***"
"PFHxS","idw__mil_airport.milfire.milsusp__10km","cov","detect","A_anydetect",0.0566984661774518,0.0120911977485279,2.74228480358901e-06,6314,3500,0.276369971491923,"***"
"PFHxS","idw__mil_airport.milfire.milsusp__10km","cov","tobit","A_anydetect",0.106478949219749,0.0286521889319233,0.000202194480562929,6314,3500,0.276369971491923,"***"
"PFBS","idw__mil_airport.milfire.milsusp__10km","raw","detect","A_anydetect",-0.014817307532606,0.0120155140566461,0.217508121589427,6314,3500,0.452011403230915,""
"PFBS","idw__mil_airport.milfire.milsusp__10km","raw","tobit","A_anydetect",-0.0616593869044535,0.0233726216710017,0.0083371217619323,6314,3500,0.452011403230915,"***"
"PFBS","idw__mil_airport.milfire.milsusp__10km","cov","detect","A_anydetect",-0.0196649686739115,0.0127688877741367,0.123543526656538,6314,3500,0.452011403230915,""
"PFBS","idw__mil_airport.milfire.milsusp__10km","cov","tobit","A_anydetect",-0.0603287379336745,0.0238025583009164,0.0112592346652712,6314,3500,0.452011403230915,"**"
"PFHxA","idw__mil_airport.milfire.milsusp__10km","raw","detect","A_anydetect",0.0997714189258115,0.0109360125499926,7.29388626978247e-20,6314,3500,0.465473550839405,"***"
"PFHxA","idw__mil_airport.milfire.milsusp__10km","raw","tobit","A_anydetect",0.149683378619073,0.0185253764695894,6.48144742732184e-16,6314,3500,0.465473550839405,"***"
"PFHxA","idw__mil_airport.milfire.milsusp__10km","cov","detect","A_anydetect",0.085018180106957,0.0113870280316932,8.25245097313154e-14,6314,3500,0.465473550839405,"***"
"PFHxA","idw__mil_airport.milfire.milsusp__10km","cov","tobit","A_anydetect",0.110430723736627,0.019482354235417,1.44269014634249e-08,6314,3500,0.465473550839405,"***"
"PFPeA","idw__mil_airport.milfire.milsusp__10km","raw","detect","A_anydetect",0.101388332897584,0.0108495890607105,9.19756984870227e-21,6314,3500,0.541019955654102,"***"
"PFPeA","idw__mil_airport.milfire.milsusp__10km","raw","tobit","A_anydetect",0.171405203233881,0.0214510567386145,1.34365411934469e-15,6314,3500,0.541019955654102,"***"
"PFPeA","idw__mil_airport.milfire.milsusp__10km","cov","detect","A_anydetect",0.0779996388415744,0.0111036401882218,2.14540849569318e-12,6314,3500,0.541019955654102,"***"
"PFPeA","idw__mil_airport.milfire.milsusp__10km","cov","tobit","A_anydetect",0.110490102269795,0.0210028640103967,1.43495542468576e-07,6314,3500,0.541019955654102,"***"
"PFBA","idw__mil_airport.milfire.milsusp__10km","raw","detect","A_anydetect",0.0320548112754136,0.0127978185744818,0.0122552178709366,6314,3500,0.432689261957555,"**"
"PFBA","idw__mil_airport.milfire.milsusp__10km","raw","tobit","A_anydetect",0.0934684217052885,0.0306455270301454,0.0022885220034022,6314,3500,0.432689261957555,"***"
"PFBA","idw__mil_airport.milfire.milsusp__10km","cov","detect","A_anydetect",0.0311032062065646,0.0117347806169649,0.00803692768511267,6314,3500,0.432689261957555,"***"
"PFBA","idw__mil_airport.milfire.milsusp__10km","cov","tobit","A_anydetect",0.0760463809542968,0.0232457635995798,0.00107013336235912,6314,3500,0.432689261957555,"***"
"PFHpA","idw__mil_airport.milfire.milsusp__10km","raw","detect","A_anydetect",0.0385127223290392,0.00926103095597642,3.20234470607493e-05,6314,3500,0.13588850174216,"***"
"PFHpA","idw__mil_airport.milfire.milsusp__10km","raw","tobit","A_anydetect",0.110473466004557,0.0274070076203413,5.55761139423118e-05,6314,3500,0.13588850174216,"***"
"PFHpA","idw__mil_airport.milfire.milsusp__10km","cov","detect","A_anydetect",0.0266369634673879,0.0099271486119351,0.00729117393590672,6314,3500,0.13588850174216,"***"
"PFHpA","idw__mil_airport.milfire.milsusp__10km","cov","tobit","A_anydetect",0.0649473454911605,0.0303871264659864,0.0325710842709382,6314,3500,0.13588850174216,"**"
"PFOS","idw__mil_airport.milfire.milsusp__25km","raw","detect","A_anydetect",0.0135102139302264,0.00555396904808296,0.0149936181503429,6314,3500,0.360785555907507,"**"
"PFOS","idw__mil_airport.milfire.milsusp__25km","raw","tobit","A_anydetect",0.0423156251647186,0.0147193028612627,0.00404233630699373,6314,3500,0.360785555907507,"***"
"PFOS","idw__mil_airport.milfire.milsusp__25km","cov","detect","A_anydetect",0.0166460928215452,0.00619971253743839,0.00725345436998334,6314,3500,0.360785555907507,"***"
"PFOS","idw__mil_airport.milfire.milsusp__25km","cov","tobit","A_anydetect",0.0474480217228564,0.0163130036641271,0.00363049674396385,6314,3500,0.360785555907507,"***"
"PFOA","idw__mil_airport.milfire.milsusp__25km","raw","detect","A_anydetect",0.0353414890224687,0.00575797285677899,8.36535263240892e-10,6314,3500,0.354450427621159,"***"
"PFOA","idw__mil_airport.milfire.milsusp__25km","raw","tobit","A_anydetect",0.0792356151540964,0.0127023592468227,4.43580303928956e-10,6314,3500,0.354450427621159,"***"
"PFOA","idw__mil_airport.milfire.milsusp__25km","cov","detect","A_anydetect",0.0248308977186843,0.00578363775201294,1.76036099452076e-05,6314,3500,0.354450427621159,"***"
"PFOA","idw__mil_airport.milfire.milsusp__25km","cov","tobit","A_anydetect",0.0548717734813718,0.0132990577018144,3.69143984265702e-05,6314,3500,0.354450427621159,"***"
"PFHxS","idw__mil_airport.milfire.milsusp__25km","raw","detect","A_anydetect",0.0187995426004479,0.00524072434216594,0.000334243978591191,6314,3500,0.276369971491923,"***"
"PFHxS","idw__mil_airport.milfire.milsusp__25km","raw","tobit","A_anydetect",0.0298707307489344,0.0140651748792743,0.0336921508690675,6314,3500,0.276369971491923,"**"
"PFHxS","idw__mil_airport.milfire.milsusp__25km","cov","detect","A_anydetect",0.0134674932195821,0.00575146182774682,0.0192024422503856,6314,3500,0.276369971491923,"**"
"PFHxS","idw__mil_airport.milfire.milsusp__25km","cov","tobit","A_anydetect",0.0115540335854686,0.0155189385321412,0.456566876889102,6314,3500,0.276369971491923,""
"PFBS","idw__mil_airport.milfire.milsusp__25km","raw","detect","A_anydetect",-0.0048431042187268,0.00578456670382163,0.402454414123072,6314,3500,0.452011403230915,""
"PFBS","idw__mil_airport.milfire.milsusp__25km","raw","tobit","A_anydetect",-0.0287723572967533,0.0118013147146774,0.0147661707481892,6314,3500,0.452011403230915,"**"
"PFBS","idw__mil_airport.milfire.milsusp__25km","cov","detect","A_anydetect",-0.00676087620828603,0.00619757113623977,0.275320731758483,6314,3500,0.452011403230915,""
"PFBS","idw__mil_airport.milfire.milsusp__25km","cov","tobit","A_anydetect",-0.028093432320555,0.012513456261959,0.0247644235979616,6314,3500,0.452011403230915,"**"
"PFHxA","idw__mil_airport.milfire.milsusp__25km","raw","detect","A_anydetect",0.0567762113726479,0.0051701835929763,4.69230111076267e-28,6314,3500,0.465473550839405,"***"
"PFHxA","idw__mil_airport.milfire.milsusp__25km","raw","tobit","A_anydetect",0.083200030675571,0.00922827644715686,1.95489780943284e-19,6314,3500,0.465473550839405,"***"
"PFHxA","idw__mil_airport.milfire.milsusp__25km","cov","detect","A_anydetect",0.0534459837956135,0.00552282333210969,3.76551306156489e-22,6314,3500,0.465473550839405,"***"
"PFHxA","idw__mil_airport.milfire.milsusp__25km","cov","tobit","A_anydetect",0.0694344035694186,0.0101528974913775,7.9817121177098e-12,6314,3500,0.465473550839405,"***"
"PFPeA","idw__mil_airport.milfire.milsusp__25km","raw","detect","A_anydetect",0.0575001638140675,0.00517231274371992,1.03798776953141e-28,6314,3500,0.541019955654102,"***"
"PFPeA","idw__mil_airport.milfire.milsusp__25km","raw","tobit","A_anydetect",0.0969102624751592,0.0102798796640319,4.21267483656788e-21,6314,3500,0.541019955654102,"***"
"PFPeA","idw__mil_airport.milfire.milsusp__25km","cov","detect","A_anydetect",0.0497123453994866,0.00549240777829174,1.41532106259212e-19,6314,3500,0.541019955654102,"***"
"PFPeA","idw__mil_airport.milfire.milsusp__25km","cov","tobit","A_anydetect",0.0742532613846481,0.0108775039551068,8.71239111911574e-12,6314,3500,0.541019955654102,"***"
"PFBA","idw__mil_airport.milfire.milsusp__25km","raw","detect","A_anydetect",0.0182164725206732,0.00579435897230882,0.00166752974325554,6314,3500,0.432689261957555,"***"
"PFBA","idw__mil_airport.milfire.milsusp__25km","raw","tobit","A_anydetect",0.0541856588401036,0.014109047633319,0.000122788885934864,6314,3500,0.432689261957555,"***"
"PFBA","idw__mil_airport.milfire.milsusp__25km","cov","detect","A_anydetect",0.021885812244799,0.00551829163259235,7.30739997750561e-05,6314,3500,0.432689261957555,"***"
"PFBA","idw__mil_airport.milfire.milsusp__25km","cov","tobit","A_anydetect",0.0530005660448448,0.0109502907709829,1.29770013179234e-06,6314,3500,0.432689261957555,"***"
"PFHpA","idw__mil_airport.milfire.milsusp__25km","raw","detect","A_anydetect",0.0159783088313861,0.00448355848554093,0.000365585690745676,6314,3500,0.13588850174216,"***"
"PFHpA","idw__mil_airport.milfire.milsusp__25km","raw","tobit","A_anydetect",0.0491756879051482,0.0148383133942892,0.00091937877943567,6314,3500,0.13588850174216,"***"
"PFHpA","idw__mil_airport.milfire.milsusp__25km","cov","detect","A_anydetect",0.0121645837458869,0.00501377635967503,0.0152565213854545,6314,3500,0.13588850174216,"**"
"PFHpA","idw__mil_airport.milfire.milsusp__25km","cov","tobit","A_anydetect",0.031146446636367,0.0168615137377148,0.0647193755448493,6314,3500,0.13588850174216,"*"
"PFOS","idw__mil_airport.milfire.milbase__5km","raw","detect","A_anydetect",0.0568811159580649,0.0218436508019894,0.00921396888802245,6314,3500,0.360785555907507,"***"
"PFOS","idw__mil_airport.milfire.milbase__5km","raw","tobit","A_anydetect",0.16453904440888,0.0533495733601838,0.00204122326313283,6314,3500,0.360785555907507,"***"
"PFOS","idw__mil_airport.milfire.milbase__5km","cov","detect","A_anydetect",0.0600620260009871,0.0231617598973929,0.00950999890554936,6314,3500,0.360785555907507,"***"
"PFOS","idw__mil_airport.milfire.milbase__5km","cov","tobit","A_anydetect",0.168554171728327,0.0536598064642305,0.00168278636233061,6314,3500,0.360785555907507,"***"
"PFOA","idw__mil_airport.milfire.milbase__5km","raw","detect","A_anydetect",0.0558668810094137,0.0229000253354469,0.0147035694961703,6314,3500,0.354450427621159,"**"
"PFOA","idw__mil_airport.milfire.milbase__5km","raw","tobit","A_anydetect",0.116713392623917,0.0436623064093033,0.00751554786421616,6314,3500,0.354450427621159,"***"
"PFOA","idw__mil_airport.milfire.milbase__5km","cov","detect","A_anydetect",0.0224951075408233,0.0215576274284964,0.296722721973909,6314,3500,0.354450427621159,""
"PFOA","idw__mil_airport.milfire.milbase__5km","cov","tobit","A_anydetect",0.0521666724734784,0.0414669136978804,0.208380461823739,6314,3500,0.354450427621159,""
"PFHxS","idw__mil_airport.milfire.milbase__5km","raw","detect","A_anydetect",0.132052001685599,0.0265124545733317,6.3337165067877e-07,6314,3500,0.276369971491923,"***"
"PFHxS","idw__mil_airport.milfire.milbase__5km","raw","tobit","A_anydetect",0.313127520708269,0.0630581620234546,6.84559117625769e-07,6314,3500,0.276369971491923,"***"
"PFHxS","idw__mil_airport.milfire.milbase__5km","cov","detect","A_anydetect",0.105467635459335,0.024068143661627,1.17571708759638e-05,6314,3500,0.276369971491923,"***"
"PFHxS","idw__mil_airport.milfire.milbase__5km","cov","tobit","A_anydetect",0.228829606108347,0.0521876002880364,1.16118794433648e-05,6314,3500,0.276369971491923,"***"
"PFBS","idw__mil_airport.milfire.milbase__5km","raw","detect","A_anydetect",-0.0324429356304957,0.0211863615491422,0.125692231769956,6314,3500,0.452011403230915,""
"PFBS","idw__mil_airport.milfire.milbase__5km","raw","tobit","A_anydetect",-0.0983782253438054,0.040794677199915,0.015885064200636,6314,3500,0.452011403230915,"**"
"PFBS","idw__mil_airport.milfire.milbase__5km","cov","detect","A_anydetect",-0.0373142694472991,0.0220002054323215,0.0898693448251154,6314,3500,0.452011403230915,"*"
"PFBS","idw__mil_airport.milfire.milbase__5km","cov","tobit","A_anydetect",-0.0962526099866479,0.0402166686660828,0.0166952543046743,6314,3500,0.452011403230915,"**"
"PFHxA","idw__mil_airport.milfire.milbase__5km","raw","detect","A_anydetect",0.113464626739786,0.0190386824438153,2.52718391875698e-09,6314,3500,0.465473550839405,"***"
"PFHxA","idw__mil_airport.milfire.milbase__5km","raw","tobit","A_anydetect",0.169621722544812,0.0323122868625769,1.52554298906256e-07,6314,3500,0.465473550839405,"***"
"PFHxA","idw__mil_airport.milfire.milbase__5km","cov","detect","A_anydetect",0.0902615899739123,0.019516709554766,3.74894070846446e-06,6314,3500,0.465473550839405,"***"
"PFHxA","idw__mil_airport.milfire.milbase__5km","cov","tobit","A_anydetect",0.102101744824893,0.0310663778295927,0.00101416498223685,6314,3500,0.465473550839405,"***"
"PFPeA","idw__mil_airport.milfire.milbase__5km","raw","detect","A_anydetect",0.120820261280541,0.0188682580969725,1.51993589773099e-10,6314,3500,0.541019955654102,"***"
"PFPeA","idw__mil_airport.milfire.milbase__5km","raw","tobit","A_anydetect",0.197395132685694,0.0382514843315975,2.46347996722152e-07,6314,3500,0.541019955654102,"***"
"PFPeA","idw__mil_airport.milfire.milbase__5km","cov","detect","A_anydetect",0.0864036646925462,0.0188709350832914,4.67955950750596e-06,6314,3500,0.541019955654102,"***"
"PFPeA","idw__mil_airport.milfire.milbase__5km","cov","tobit","A_anydetect",0.0991755095940109,0.0329823066578377,0.00263899939107593,6314,3500,0.541019955654102,"***"
"PFBA","idw__mil_airport.milfire.milbase__5km","raw","detect","A_anydetect",-0.00882234181336267,0.0239985932275949,0.713157253220736,6314,3500,0.432689261957555,""
"PFBA","idw__mil_airport.milfire.milbase__5km","raw","tobit","A_anydetect",0.0669681323731964,0.05968987491519,0.26189027334214,6314,3500,0.432689261957555,""
"PFBA","idw__mil_airport.milfire.milbase__5km","cov","detect","A_anydetect",-0.00672876302399442,0.0211850917775783,0.750774842402144,6314,3500,0.432689261957555,""
"PFBA","idw__mil_airport.milfire.milbase__5km","cov","tobit","A_anydetect",0.0318064007526706,0.0446196103977056,0.475948131519092,6314,3500,0.432689261957555,""
"PFHpA","idw__mil_airport.milfire.milbase__5km","raw","detect","A_anydetect",0.0525004505131899,0.0162137049759532,0.0012035848069833,6314,3500,0.13588850174216,"***"
"PFHpA","idw__mil_airport.milfire.milbase__5km","raw","tobit","A_anydetect",0.146024804761578,0.0470440582359445,0.00190922672578568,6314,3500,0.13588850174216,"***"
"PFHpA","idw__mil_airport.milfire.milbase__5km","cov","detect","A_anydetect",0.0260918894781247,0.0156452458800418,0.0953713230140222,6314,3500,0.13588850174216,"*"
"PFHpA","idw__mil_airport.milfire.milbase__5km","cov","tobit","A_anydetect",0.0555396457574403,0.0462679314225343,0.229987209713626,6314,3500,0.13588850174216,""
"PFOS","idw__mil_airport.milfire.milbase__10km","raw","detect","A_anydetect",0.0326013988621569,0.010400331724779,0.00172059318133902,6314,3500,0.360785555907507,"***"
"PFOS","idw__mil_airport.milfire.milbase__10km","raw","tobit","A_anydetect",0.0951701827800422,0.026479697041015,0.000325538240149337,6314,3500,0.360785555907507,"***"
"PFOS","idw__mil_airport.milfire.milbase__10km","cov","detect","A_anydetect",0.0371555860389743,0.0113043008816267,0.00101313362598134,6314,3500,0.360785555907507,"***"
"PFOS","idw__mil_airport.milfire.milbase__10km","cov","tobit","A_anydetect",0.103973929221683,0.0276309175200148,0.000167916696550364,6314,3500,0.360785555907507,"***"
"PFOA","idw__mil_airport.milfire.milbase__10km","raw","detect","A_anydetect",0.051152698148215,0.0113441545762394,6.50823744327138e-06,6314,3500,0.354450427621159,"***"
"PFOA","idw__mil_airport.milfire.milbase__10km","raw","tobit","A_anydetect",0.113017528679331,0.0225565959476148,5.43175137356774e-07,6314,3500,0.354450427621159,"***"
"PFOA","idw__mil_airport.milfire.milbase__10km","cov","detect","A_anydetect",0.0310282042974404,0.0112182721590179,0.00567723737362075,6314,3500,0.354450427621159,"***"
"PFOA","idw__mil_airport.milfire.milbase__10km","cov","tobit","A_anydetect",0.0725152541625422,0.0229413320398713,0.00157282539370431,6314,3500,0.354450427621159,"***"
"PFHxS","idw__mil_airport.milfire.milbase__10km","raw","detect","A_anydetect",0.0595403391005107,0.0112393270049843,1.17398659967387e-07,6314,3500,0.276369971491923,"***"
"PFHxS","idw__mil_airport.milfire.milbase__10km","raw","tobit","A_anydetect",0.131930790794869,0.0285913276835833,3.94301020570823e-06,6314,3500,0.276369971491923,"***"
"PFHxS","idw__mil_airport.milfire.milbase__10km","cov","detect","A_anydetect",0.0497582886505348,0.0108178772029222,4.23231460964847e-06,6314,3500,0.276369971491923,"***"
"PFHxS","idw__mil_airport.milfire.milbase__10km","cov","tobit","A_anydetect",0.0984975780867475,0.0253842796765675,0.000104345318398237,6314,3500,0.276369971491923,"***"
"PFBS","idw__mil_airport.milfire.milbase__10km","raw","detect","A_anydetect",-0.0123125449273487,0.0105619331789321,0.243716636156071,6314,3500,0.452011403230915,""
"PFBS","idw__mil_airport.milfire.milbase__10km","raw","tobit","A_anydetect",-0.0495635600620555,0.020706287917545,0.0166817597635027,6314,3500,0.452011403230915,"**"
"PFBS","idw__mil_airport.milfire.milbase__10km","cov","detect","A_anydetect",-0.015731658401273,0.0112585217632311,0.162320013394021,6314,3500,0.452011403230915,""
"PFBS","idw__mil_airport.milfire.milbase__10km","cov","tobit","A_anydetect",-0.0471055660164574,0.0208823690997242,0.0240858064161204,6314,3500,0.452011403230915,"**"
"PFHxA","idw__mil_airport.milfire.milbase__10km","raw","detect","A_anydetect",0.0880274809151822,0.00962392935150072,5.86830892859994e-20,6314,3500,0.465473550839405,"***"
"PFHxA","idw__mil_airport.milfire.milbase__10km","raw","tobit","A_anydetect",0.131112322655867,0.016464178361147,1.67253295378883e-15,6314,3500,0.465473550839405,"***"
"PFHxA","idw__mil_airport.milfire.milbase__10km","cov","detect","A_anydetect",0.0763324675093357,0.00998136990564898,2.04933639568881e-14,6314,3500,0.465473550839405,"***"
"PFHxA","idw__mil_airport.milfire.milbase__10km","cov","tobit","A_anydetect",0.0978726136853731,0.0168171243953848,5.89115216034205e-09,6314,3500,0.465473550839405,"***"
"PFPeA","idw__mil_airport.milfire.milbase__10km","raw","detect","A_anydetect",0.0881526472052296,0.00950055609105525,1.71586452209605e-20,6314,3500,0.541019955654102,"***"
"PFPeA","idw__mil_airport.milfire.milbase__10km","raw","tobit","A_anydetect",0.1439304387306,0.0189797863657398,3.3673444799627e-14,6314,3500,0.541019955654102,"***"
"PFPeA","idw__mil_airport.milfire.milbase__10km","cov","detect","A_anydetect",0.0695785482611762,0.00974406477458883,9.29188949899984e-13,6314,3500,0.541019955654102,"***"
"PFPeA","idw__mil_airport.milfire.milbase__10km","cov","tobit","A_anydetect",0.0936453449322967,0.0181803123544202,2.59210955967066e-07,6314,3500,0.541019955654102,"***"
"PFBA","idw__mil_airport.milfire.milbase__10km","raw","detect","A_anydetect",0.0155822233550226,0.0114462601376218,0.173407052040572,6314,3500,0.432689261957555,""
"PFBA","idw__mil_airport.milfire.milbase__10km","raw","tobit","A_anydetect",0.0632494369300902,0.02646783435694,0.0168634355466874,6314,3500,0.432689261957555,"**"
"PFBA","idw__mil_airport.milfire.milbase__10km","cov","detect","A_anydetect",0.0171439007263337,0.0105929886042728,0.105572193801775,6314,3500,0.432689261957555,""
"PFBA","idw__mil_airport.milfire.milbase__10km","cov","tobit","A_anydetect",0.0498320450196661,0.0209520833978868,0.0173888306536336,6314,3500,0.432689261957555,"**"
"PFHpA","idw__mil_airport.milfire.milbase__10km","raw","detect","A_anydetect",0.0320274579902925,0.008189140495596,9.19273444070772e-05,6314,3500,0.13588850174216,"***"
"PFHpA","idw__mil_airport.milfire.milbase__10km","raw","tobit","A_anydetect",0.0923510065125532,0.0249043910220583,0.000208719773961573,6314,3500,0.13588850174216,"***"
"PFHpA","idw__mil_airport.milfire.milbase__10km","cov","detect","A_anydetect",0.0212749120216628,0.00855202851685062,0.0128570841563064,6314,3500,0.13588850174216,"**"
"PFHpA","idw__mil_airport.milfire.milbase__10km","cov","tobit","A_anydetect",0.0511048262663726,0.0267214335416819,0.0558116868379925,6314,3500,0.13588850174216,"*"
"PFOS","idw__mil_airport.milfire.milbase__25km","raw","detect","A_anydetect",0.0166008652044987,0.00531772553207478,0.00179750194784036,6314,3500,0.360785555907507,"***"
"PFOS","idw__mil_airport.milfire.milbase__25km","raw","tobit","A_anydetect",0.047222136348499,0.0140604054479431,0.000783613843828661,6314,3500,0.360785555907507,"***"
"PFOS","idw__mil_airport.milfire.milbase__25km","cov","detect","A_anydetect",0.0197071626424048,0.00591819822451442,0.000868690411212815,6314,3500,0.360785555907507,"***"
"PFOS","idw__mil_airport.milfire.milbase__25km","cov","tobit","A_anydetect",0.0530008292959171,0.0152738101551347,0.000520368543806937,6314,3500,0.360785555907507,"***"
"PFOA","idw__mil_airport.milfire.milbase__25km","raw","detect","A_anydetect",0.0407130676400508,0.00553212045173361,1.84743594442939e-13,6314,3500,0.354450427621159,"***"
"PFOA","idw__mil_airport.milfire.milbase__25km","raw","tobit","A_anydetect",0.0877051693881557,0.0120208330594425,2.96234390711572e-13,6314,3500,0.354450427621159,"***"
"PFOA","idw__mil_airport.milfire.milbase__25km","cov","detect","A_anydetect",0.0291810531592973,0.00564009047306159,2.29303474276347e-07,6314,3500,0.354450427621159,"***"
"PFOA","idw__mil_airport.milfire.milbase__25km","cov","tobit","A_anydetect",0.0620022436511689,0.012537868190319,7.60664179793138e-07,6314,3500,0.354450427621159,"***"
"PFHxS","idw__mil_airport.milfire.milbase__25km","raw","detect","A_anydetect",0.0194591291585093,0.0050572979566384,0.000119216172998765,6314,3500,0.276369971491923,"***"
"PFHxS","idw__mil_airport.milfire.milbase__25km","raw","tobit","A_anydetect",0.034860567965542,0.0137400579107978,0.011175952091952,6314,3500,0.276369971491923,"**"
"PFHxS","idw__mil_airport.milfire.milbase__25km","cov","detect","A_anydetect",0.014473721572828,0.00542728378074696,0.00765671029967194,6314,3500,0.276369971491923,"***"
"PFHxS","idw__mil_airport.milfire.milbase__25km","cov","tobit","A_anydetect",0.017952297809911,0.0143311120877379,0.210322179273423,6314,3500,0.276369971491923,""
"PFBS","idw__mil_airport.milfire.milbase__25km","raw","detect","A_anydetect",-0.00218434386806565,0.00552161290139521,0.692400965010933,6314,3500,0.452011403230915,""
"PFBS","idw__mil_airport.milfire.milbase__25km","raw","tobit","A_anydetect",-0.0218131967088822,0.011352635337721,0.0546786002726451,6314,3500,0.452011403230915,"*"
"PFBS","idw__mil_airport.milfire.milbase__25km","cov","detect","A_anydetect",-0.0033990613757639,0.00597480703172007,0.569424726050334,6314,3500,0.452011403230915,""
"PFBS","idw__mil_airport.milfire.milbase__25km","cov","tobit","A_anydetect",-0.0198428442533471,0.0116319289567308,0.0880277140254342,6314,3500,0.452011403230915,"*"
"PFHxA","idw__mil_airport.milfire.milbase__25km","raw","detect","A_anydetect",0.0561831195620512,0.00493885493931581,5.52336902590869e-30,6314,3500,0.465473550839405,"***"
"PFHxA","idw__mil_airport.milfire.milbase__25km","raw","tobit","A_anydetect",0.0838186290902846,0.00897650453494316,9.85817777771656e-21,6314,3500,0.465473550839405,"***"
"PFHxA","idw__mil_airport.milfire.milbase__25km","cov","detect","A_anydetect",0.0536517385301357,0.00522633855369076,1.00645665774044e-24,6314,3500,0.465473550839405,"***"
"PFHxA","idw__mil_airport.milfire.milbase__25km","cov","tobit","A_anydetect",0.0714694369499517,0.0095653991536624,7.9187722349587e-14,6314,3500,0.465473550839405,"***"
"PFPeA","idw__mil_airport.milfire.milbase__25km","raw","detect","A_anydetect",0.0564630450164565,0.00491475128367056,1.50732640572826e-30,6314,3500,0.541019955654102,"***"
"PFPeA","idw__mil_airport.milfire.milbase__25km","raw","tobit","A_anydetect",0.0942831821053573,0.0100427945853353,6.10679354504043e-21,6314,3500,0.541019955654102,"***"
"PFPeA","idw__mil_airport.milfire.milbase__25km","cov","detect","A_anydetect",0.0500737350025464,0.00523179670612254,1.05835726163203e-21,6314,3500,0.541019955654102,"***"
"PFPeA","idw__mil_airport.milfire.milbase__25km","cov","tobit","A_anydetect",0.0743304042074683,0.0103464709311616,6.76359113097176e-13,6314,3500,0.541019955654102,"***"
"PFBA","idw__mil_airport.milfire.milbase__25km","raw","detect","A_anydetect",0.00933763997835391,0.00559993182970677,0.0954237648218916,6314,3500,0.432689261957555,"*"
"PFBA","idw__mil_airport.milfire.milbase__25km","raw","tobit","A_anydetect",0.0391907858581289,0.0133352074316175,0.00329383732376922,6314,3500,0.432689261957555,"***"
"PFBA","idw__mil_airport.milfire.milbase__25km","cov","detect","A_anydetect",0.0141739757556164,0.00533518663869743,0.00789102690579912,6314,3500,0.432689261957555,"***"
"PFBA","idw__mil_airport.milfire.milbase__25km","cov","tobit","A_anydetect",0.0392547185688147,0.0106305528134862,0.000221945150919697,6314,3500,0.432689261957555,"***"
"PFHpA","idw__mil_airport.milfire.milbase__25km","raw","detect","A_anydetect",0.015350101104957,0.004290725913128,0.000346887205903369,6314,3500,0.13588850174216,"***"
"PFHpA","idw__mil_airport.milfire.milbase__25km","raw","tobit","A_anydetect",0.0476881644455532,0.0144671512183951,0.000979650772332945,6314,3500,0.13588850174216,"***"
"PFHpA","idw__mil_airport.milfire.milbase__25km","cov","detect","A_anydetect",0.0112511406113328,0.00468325542070512,0.0162870524576726,6314,3500,0.13588850174216,"**"
"PFHpA","idw__mil_airport.milfire.milbase__25km","cov","tobit","A_anydetect",0.0289651231496321,0.0160164438758387,0.0705346936344797,6314,3500,0.13588850174216,"*"
"PFOS","idw__mil_airport.milsusp.milbase__5km","raw","detect","A_anydetect",0.0551649065733184,0.0233503356334441,0.0181526895983819,6314,3500,0.360785555907507,"**"
"PFOS","idw__mil_airport.milsusp.milbase__5km","raw","tobit","A_anydetect",0.173035339986063,0.0583062092449994,0.00300036967862746,6314,3500,0.360785555907507,"***"
"PFOS","idw__mil_airport.milsusp.milbase__5km","cov","detect","A_anydetect",0.0526819705087873,0.0237905106890655,0.0268005132773924,6314,3500,0.360785555907507,"**"
"PFOS","idw__mil_airport.milsusp.milbase__5km","cov","tobit","A_anydetect",0.165691783269992,0.0563641500088055,0.00328566068306053,6314,3500,0.360785555907507,"***"
"PFOA","idw__mil_airport.milsusp.milbase__5km","raw","detect","A_anydetect",0.037076216421768,0.0241216892828734,0.124281330555988,6314,3500,0.354450427621159,""
"PFOA","idw__mil_airport.milsusp.milbase__5km","raw","tobit","A_anydetect",0.0891261407755996,0.0473736325030487,0.0599250201761293,6314,3500,0.354450427621159,"*"
"PFOA","idw__mil_airport.milsusp.milbase__5km","cov","detect","A_anydetect",-0.000849039821791083,0.0214292586886353,0.968395613766974,6314,3500,0.354450427621159,""
"PFOA","idw__mil_airport.milsusp.milbase__5km","cov","tobit","A_anydetect",0.0169422312847016,0.0431920847435594,0.69487117647462,6314,3500,0.354450427621159,""
"PFHxS","idw__mil_airport.milsusp.milbase__5km","raw","detect","A_anydetect",0.144376301376677,0.0315372499369584,4.69530123160477e-06,6314,3500,0.276369971491923,"***"
"PFHxS","idw__mil_airport.milsusp.milbase__5km","raw","tobit","A_anydetect",0.346500317754429,0.0764675373316781,5.86110563881178e-06,6314,3500,0.276369971491923,"***"
"PFHxS","idw__mil_airport.milsusp.milbase__5km","cov","detect","A_anydetect",0.119289311607023,0.026493575279036,6.71350289583021e-06,6314,3500,0.276369971491923,"***"
"PFHxS","idw__mil_airport.milsusp.milbase__5km","cov","tobit","A_anydetect",0.261270615148839,0.0563899751989947,3.59915028676958e-06,6314,3500,0.276369971491923,"***"
"PFBS","idw__mil_airport.milsusp.milbase__5km","raw","detect","A_anydetect",-0.014370209424169,0.0223179048194929,0.51964869361424,6314,3500,0.452011403230915,""
"PFBS","idw__mil_airport.milsusp.milbase__5km","raw","tobit","A_anydetect",-0.0590231173121033,0.0425961334525534,0.165855344726832,6314,3500,0.452011403230915,""
"PFBS","idw__mil_airport.milsusp.milbase__5km","cov","detect","A_anydetect",-0.0190508919864068,0.0229734293769617,0.406958631198598,6314,3500,0.452011403230915,""
"PFBS","idw__mil_airport.milsusp.milbase__5km","cov","tobit","A_anydetect",-0.0590153193930817,0.0413404047399473,0.15342264584439,6314,3500,0.452011403230915,""
"PFHxA","idw__mil_airport.milsusp.milbase__5km","raw","detect","A_anydetect",0.109567606424919,0.0195009999717713,1.92551641471387e-08,6314,3500,0.465473550839405,"***"
"PFHxA","idw__mil_airport.milsusp.milbase__5km","raw","tobit","A_anydetect",0.174766059606213,0.0338767148225909,2.48425472829108e-07,6314,3500,0.465473550839405,"***"
"PFHxA","idw__mil_airport.milsusp.milbase__5km","cov","detect","A_anydetect",0.0837948369271828,0.020066314728453,2.96815833719333e-05,6314,3500,0.465473550839405,"***"
"PFHxA","idw__mil_airport.milsusp.milbase__5km","cov","tobit","A_anydetect",0.103498656295974,0.0320307161618633,0.0012325810319229,6314,3500,0.465473550839405,"***"
"PFPeA","idw__mil_airport.milsusp.milbase__5km","raw","detect","A_anydetect",0.114357474660512,0.0200775156932165,1.2279616351354e-08,6314,3500,0.541019955654102,"***"
"PFPeA","idw__mil_airport.milsusp.milbase__5km","raw","tobit","A_anydetect",0.203645712373893,0.042595287184239,1.74473358422568e-06,6314,3500,0.541019955654102,"***"
"PFPeA","idw__mil_airport.milsusp.milbase__5km","cov","detect","A_anydetect",0.0774657806681945,0.0197613250954406,8.8523196614418e-05,6314,3500,0.541019955654102,"***"
"PFPeA","idw__mil_airport.milsusp.milbase__5km","cov","tobit","A_anydetect",0.102050151194731,0.0346881356835545,0.00326171092406982,6314,3500,0.541019955654102,"***"
"PFBA","idw__mil_airport.milsusp.milbase__5km","raw","detect","A_anydetect",0.00406799465434395,0.0270962932572919,0.88066123207964,6314,3500,0.432689261957555,""
"PFBA","idw__mil_airport.milsusp.milbase__5km","raw","tobit","A_anydetect",0.106873831647723,0.0691302245525494,0.122109792525706,6314,3500,0.432689261957555,""
"PFBA","idw__mil_airport.milsusp.milbase__5km","cov","detect","A_anydetect",0.00727382184405084,0.0222012238370668,0.743190248131967,6314,3500,0.432689261957555,""
"PFBA","idw__mil_airport.milsusp.milbase__5km","cov","tobit","A_anydetect",0.0662251032480995,0.047572828972285,0.163898686268267,6314,3500,0.432689261957555,""
"PFHpA","idw__mil_airport.milsusp.milbase__5km","raw","detect","A_anydetect",0.0507991135349676,0.016839814200212,0.00255620375679409,6314,3500,0.13588850174216,"***"
"PFHpA","idw__mil_airport.milsusp.milbase__5km","raw","tobit","A_anydetect",0.150935926180944,0.0507798746190717,0.00295522641549155,6314,3500,0.13588850174216,"***"
"PFHpA","idw__mil_airport.milsusp.milbase__5km","cov","detect","A_anydetect",0.0219381477362917,0.015911459450872,0.167967524639034,6314,3500,0.13588850174216,""
"PFHpA","idw__mil_airport.milsusp.milbase__5km","cov","tobit","A_anydetect",0.0526097180679581,0.0480804735706171,0.273866688845234,6314,3500,0.13588850174216,""
"PFOS","idw__mil_airport.milsusp.milbase__10km","raw","detect","A_anydetect",0.0303341097446772,0.0108353252693055,0.00511727950680593,6314,3500,0.360785555907507,"***"
"PFOS","idw__mil_airport.milsusp.milbase__10km","raw","tobit","A_anydetect",0.0959871154704745,0.0281241348426583,0.000642566096111737,6314,3500,0.360785555907507,"***"
"PFOS","idw__mil_airport.milsusp.milbase__10km","cov","detect","A_anydetect",0.032389786211308,0.0113775590128345,0.00441592537258817,6314,3500,0.360785555907507,"***"
"PFOS","idw__mil_airport.milsusp.milbase__10km","cov","tobit","A_anydetect",0.0994091456373765,0.0282905840510725,0.000441645868592287,6314,3500,0.360785555907507,"***"
"PFOA","idw__mil_airport.milsusp.milbase__10km","raw","detect","A_anydetect",0.0429135568797056,0.0120123231899004,0.000353642076202529,6314,3500,0.354450427621159,"***"
"PFOA","idw__mil_airport.milsusp.milbase__10km","raw","tobit","A_anydetect",0.101558080311867,0.0237976610945902,1.97617651499913e-05,6314,3500,0.354450427621159,"***"
"PFOA","idw__mil_airport.milsusp.milbase__10km","cov","detect","A_anydetect",0.0207200479180248,0.0111373542247296,0.0628275061117095,6314,3500,0.354450427621159,"*"
"PFOA","idw__mil_airport.milsusp.milbase__10km","cov","tobit","A_anydetect",0.0573859225090382,0.0227232394506899,0.0115557206705971,6314,3500,0.354450427621159,"**"
"PFHxS","idw__mil_airport.milsusp.milbase__10km","raw","detect","A_anydetect",0.0639009068265418,0.0132336054031316,1.37437879486144e-06,6314,3500,0.276369971491923,"***"
"PFHxS","idw__mil_airport.milsusp.milbase__10km","raw","tobit","A_anydetect",0.144390106893395,0.0346931455377606,3.15582494893246e-05,6314,3500,0.276369971491923,"***"
"PFHxS","idw__mil_airport.milsusp.milbase__10km","cov","detect","A_anydetect",0.0545679654735765,0.011594142705977,2.51991830228502e-06,6314,3500,0.276369971491923,"***"
"PFHxS","idw__mil_airport.milsusp.milbase__10km","cov","tobit","A_anydetect",0.110440336031607,0.0267912112936704,3.75173564902157e-05,6314,3500,0.276369971491923,"***"
"PFBS","idw__mil_airport.milsusp.milbase__10km","raw","detect","A_anydetect",-0.00513391356160672,0.0108277925407742,0.635398495195644,6314,3500,0.452011403230915,""
"PFBS","idw__mil_airport.milsusp.milbase__10km","raw","tobit","A_anydetect",-0.0328501582138721,0.021164888302407,0.120636771135971,6314,3500,0.452011403230915,""
"PFBS","idw__mil_airport.milsusp.milbase__10km","cov","detect","A_anydetect",-0.00833740397493095,0.0114072522980395,0.464848628861653,6314,3500,0.452011403230915,""
"PFBS","idw__mil_airport.milsusp.milbase__10km","cov","tobit","A_anydetect",-0.029012888618508,0.0209413607964129,0.16591957642901,6314,3500,0.452011403230915,""
"PFHxA","idw__mil_airport.milsusp.milbase__10km","raw","detect","A_anydetect",0.0894375002078984,0.00987589435335093,1.35146281743676e-19,6314,3500,0.465473550839405,"***"
"PFHxA","idw__mil_airport.milsusp.milbase__10km","raw","tobit","A_anydetect",0.137090323878026,0.0167874705583788,3.18179810834737e-16,6314,3500,0.465473550839405,"***"
"PFHxA","idw__mil_airport.milsusp.milbase__10km","cov","detect","A_anydetect",0.0757112598403963,0.010147592462818,8.58635962281694e-14,6314,3500,0.465473550839405,"***"
"PFHxA","idw__mil_airport.milsusp.milbase__10km","cov","tobit","A_anydetect",0.101720217663433,0.0168286916547379,1.49918746836092e-09,6314,3500,0.465473550839405,"***"
"PFPeA","idw__mil_airport.milsusp.milbase__10km","raw","detect","A_anydetect",0.0880901643363773,0.0100228321951296,1.50965127548881e-18,6314,3500,0.541019955654102,"***"
"PFPeA","idw__mil_airport.milsusp.milbase__10km","raw","tobit","A_anydetect",0.150771020537328,0.0201330296642061,6.95380432779381e-14,6314,3500,0.541019955654102,"***"
"PFPeA","idw__mil_airport.milsusp.milbase__10km","cov","detect","A_anydetect",0.0674295824066007,0.00997315304986956,1.3693873003954e-11,6314,3500,0.541019955654102,"***"
"PFPeA","idw__mil_airport.milsusp.milbase__10km","cov","tobit","A_anydetect",0.0987046740071966,0.0183717634572058,7.75967640976835e-08,6314,3500,0.541019955654102,"***"
"PFBA","idw__mil_airport.milsusp.milbase__10km","raw","detect","A_anydetect",0.0246421628329152,0.0127596644535288,0.0534515538726748,6314,3500,0.432689261957555,"*"
"PFBA","idw__mil_airport.milsusp.milbase__10km","raw","tobit","A_anydetect",0.0863469376767838,0.0302101339511606,0.00426036970693986,6314,3500,0.432689261957555,"***"
"PFBA","idw__mil_airport.milsusp.milbase__10km","cov","detect","A_anydetect",0.0254461972061389,0.0110629372458539,0.0214408389188512,6314,3500,0.432689261957555,"**"
"PFBA","idw__mil_airport.milsusp.milbase__10km","cov","tobit","A_anydetect",0.0693201304404401,0.0221434002955324,0.00174503208755956,6314,3500,0.432689261957555,"***"
"PFHpA","idw__mil_airport.milsusp.milbase__10km","raw","detect","A_anydetect",0.0315580774325879,0.00819419549657742,0.000117505795839353,6314,3500,0.13588850174216,"***"
"PFHpA","idw__mil_airport.milsusp.milbase__10km","raw","tobit","A_anydetect",0.0954569336322317,0.0256255723263498,0.000195264567308525,6314,3500,0.13588850174216,"***"
"PFHpA","idw__mil_airport.milsusp.milbase__10km","cov","detect","A_anydetect",0.0197350044013305,0.00826689142100688,0.016975681710549,6314,3500,0.13588850174216,"**"
"PFHpA","idw__mil_airport.milsusp.milbase__10km","cov","tobit","A_anydetect",0.050851868971195,0.0262676176944183,0.0528781409156076,6314,3500,0.13588850174216,"*"
"PFOS","idw__mil_airport.milsusp.milbase__25km","raw","detect","A_anydetect",0.0155911615467132,0.00542055523058632,0.00402362732340557,6314,3500,0.360785555907507,"***"
"PFOS","idw__mil_airport.milsusp.milbase__25km","raw","tobit","A_anydetect",0.0473255054143808,0.0145083560660198,0.00110649375250432,6314,3500,0.360785555907507,"***"
"PFOS","idw__mil_airport.milsusp.milbase__25km","cov","detect","A_anydetect",0.0177235712455245,0.00588794307289262,0.00261121706596993,6314,3500,0.360785555907507,"***"
"PFOS","idw__mil_airport.milsusp.milbase__25km","cov","tobit","A_anydetect",0.0507671414266665,0.0153484700842814,0.000940872506521575,6314,3500,0.360785555907507,"***"
"PFOA","idw__mil_airport.milsusp.milbase__25km","raw","detect","A_anydetect",0.0377320556754488,0.00570590833392338,3.77106627845487e-11,6314,3500,0.354450427621159,"***"
"PFOA","idw__mil_airport.milsusp.milbase__25km","raw","tobit","A_anydetect",0.0842538988736334,0.0123570696696158,9.21401580601611e-12,6314,3500,0.354450427621159,"***"
"PFOA","idw__mil_airport.milsusp.milbase__25km","cov","detect","A_anydetect",0.0249504594289982,0.0055795586374179,7.75776647700807e-06,6314,3500,0.354450427621159,"***"
"PFOA","idw__mil_airport.milsusp.milbase__25km","cov","tobit","A_anydetect",0.0563284604770529,0.0123046448687339,4.69844685853309e-06,6314,3500,0.354450427621159,"***"
"PFHxS","idw__mil_airport.milsusp.milbase__25km","raw","detect","A_anydetect",0.0197726374478422,0.00555817268234273,0.000374545162944523,6314,3500,0.276369971491923,"***"
"PFHxS","idw__mil_airport.milsusp.milbase__25km","raw","tobit","A_anydetect",0.03650100280884,0.0153775021313868,0.017612632875205,6314,3500,0.276369971491923,"**"
"PFHxS","idw__mil_airport.milsusp.milbase__25km","cov","detect","A_anydetect",0.0148774699639081,0.00559568602942498,0.0078433644543089,6314,3500,0.276369971491923,"***"
"PFHxS","idw__mil_airport.milsusp.milbase__25km","cov","tobit","A_anydetect",0.019479846462045,0.0146639045644559,0.184038892469676,6314,3500,0.276369971491923,""
"PFBS","idw__mil_airport.milsusp.milbase__25km","raw","detect","A_anydetect",0.000510100492539625,0.00556871050856337,0.927014908342351,6314,3500,0.452011403230915,""
"PFBS","idw__mil_airport.milsusp.milbase__25km","raw","tobit","A_anydetect",-0.0140640707616477,0.011389559637041,0.21689702078046,6314,3500,0.452011403230915,""
"PFBS","idw__mil_airport.milsusp.milbase__25km","cov","detect","A_anydetect",-0.00039652611848241,0.00598129581319841,0.947143481326252,6314,3500,0.452011403230915,""
"PFBS","idw__mil_airport.milsusp.milbase__25km","cov","tobit","A_anydetect",-0.0105550439712084,0.0115517575526155,0.360865263353596,6314,3500,0.452011403230915,""
"PFHxA","idw__mil_airport.milsusp.milbase__25km","raw","detect","A_anydetect",0.0572396137509082,0.00507510637760632,1.67569021574213e-29,6314,3500,0.465473550839405,"***"
"PFHxA","idw__mil_airport.milsusp.milbase__25km","raw","tobit","A_anydetect",0.0869253866873925,0.00913998331675967,1.89833065865762e-21,6314,3500,0.465473550839405,"***"
"PFHxA","idw__mil_airport.milsusp.milbase__25km","cov","detect","A_anydetect",0.0535511565959788,0.00528160589086693,3.70191211231494e-24,6314,3500,0.465473550839405,"***"
"PFHxA","idw__mil_airport.milsusp.milbase__25km","cov","tobit","A_anydetect",0.0733975050379743,0.00950478345915114,1.14370311985177e-14,6314,3500,0.465473550839405,"***"
"PFPeA","idw__mil_airport.milsusp.milbase__25km","raw","detect","A_anydetect",0.0568230703183516,0.00513924815548415,2.03469711458287e-28,6314,3500,0.541019955654102,"***"
"PFPeA","idw__mil_airport.milsusp.milbase__25km","raw","tobit","A_anydetect",0.0979726258329177,0.0104017679890778,4.56083214937315e-21,6314,3500,0.541019955654102,"***"
"PFPeA","idw__mil_airport.milsusp.milbase__25km","cov","detect","A_anydetect",0.0491573905789455,0.00529690414469389,1.68843090289776e-20,6314,3500,0.541019955654102,"***"
"PFPeA","idw__mil_airport.milsusp.milbase__25km","cov","tobit","A_anydetect",0.0769890676157492,0.0103165326465205,8.47747254523211e-14,6314,3500,0.541019955654102,"***"
"PFBA","idw__mil_airport.milsusp.milbase__25km","raw","detect","A_anydetect",0.0137571247627534,0.00582741495837573,0.0182375575656151,6314,3500,0.432689261957555,"**"
"PFBA","idw__mil_airport.milsusp.milbase__25km","raw","tobit","A_anydetect",0.0495754593849889,0.0143513185125362,0.000551480982348655,6314,3500,0.432689261957555,"***"
"PFBA","idw__mil_airport.milsusp.milbase__25km","cov","detect","A_anydetect",0.0183769141597836,0.00542668120709307,0.000708160366888019,6314,3500,0.432689261957555,"***"
"PFBA","idw__mil_airport.milsusp.milbase__25km","cov","tobit","A_anydetect",0.0488404077404143,0.0109024621748279,7.47272142203472e-06,6314,3500,0.432689261957555,"***"
"PFHpA","idw__mil_airport.milsusp.milbase__25km","raw","detect","A_anydetect",0.0156049823933305,0.00429534865956647,0.000280149895237824,6314,3500,0.13588850174216,"***"
"PFHpA","idw__mil_airport.milsusp.milbase__25km","raw","tobit","A_anydetect",0.0503516767041294,0.0146403906382745,0.000583370492621705,6314,3500,0.13588850174216,"***"
"PFHpA","idw__mil_airport.milsusp.milbase__25km","cov","detect","A_anydetect",0.0111730074199872,0.00451341714527034,0.0133046189120235,6314,3500,0.13588850174216,"**"
"PFHpA","idw__mil_airport.milsusp.milbase__25km","cov","tobit","A_anydetect",0.0307148463748574,0.0156215824088065,0.0492777962090536,6314,3500,0.13588850174216,"**"
"PFOS","idw__mil_milfire.milsusp.milbase__5km","raw","detect","A_anydetect",0.0532066810466576,0.0315789490845159,0.0920120846234582,6314,3500,0.360785555907507,"*"
"PFOS","idw__mil_milfire.milsusp.milbase__5km","raw","tobit","A_anydetect",0.196080052307027,0.0823339408504839,0.0172412831476759,6314,3500,0.360785555907507,"**"
"PFOS","idw__mil_milfire.milsusp.milbase__5km","cov","detect","A_anydetect",0.0616281734413481,0.0343237540436433,0.0725746614855396,6314,3500,0.360785555907507,"*"
"PFOS","idw__mil_milfire.milsusp.milbase__5km","cov","tobit","A_anydetect",0.218766276958346,0.083094525412964,0.00846991698471429,6314,3500,0.360785555907507,"***"
"PFOA","idw__mil_milfire.milsusp.milbase__5km","raw","detect","A_anydetect",0.0469276783889661,0.0348421513820048,0.17802367713977,6314,3500,0.354450427621159,""
"PFOA","idw__mil_milfire.milsusp.milbase__5km","raw","tobit","A_anydetect",0.120462936617824,0.0702567095164827,0.0864165454117252,6314,3500,0.354450427621159,"*"
"PFOA","idw__mil_milfire.milsusp.milbase__5km","cov","detect","A_anydetect",0.0228068128351104,0.0319118029718019,0.474805143116098,6314,3500,0.354450427621159,""
"PFOA","idw__mil_milfire.milsusp.milbase__5km","cov","tobit","A_anydetect",0.0799787558967284,0.0658417704784549,0.224476144195063,6314,3500,0.354450427621159,""
"PFHxS","idw__mil_milfire.milsusp.milbase__5km","raw","detect","A_anydetect",0.135681573447813,0.0486037595731798,0.0052450421738374,6314,3500,0.276369971491923,"***"
"PFHxS","idw__mil_milfire.milsusp.milbase__5km","raw","tobit","A_anydetect",0.388888765629588,0.120970490511467,0.00130562378810654,6314,3500,0.276369971491923,"***"
"PFHxS","idw__mil_milfire.milsusp.milbase__5km","cov","detect","A_anydetect",0.103972015617302,0.0374198819724123,0.005460658932673,6314,3500,0.276369971491923,"***"
"PFHxS","idw__mil_milfire.milsusp.milbase__5km","cov","tobit","A_anydetect",0.27697845781944,0.0843432562921559,0.00102365573185791,6314,3500,0.276369971491923,"***"
"PFBS","idw__mil_milfire.milsusp.milbase__5km","raw","detect","A_anydetect",-0.0462112698436703,0.0276824100931033,0.0950506226780542,6314,3500,0.452011403230915,"*"
"PFBS","idw__mil_milfire.milsusp.milbase__5km","raw","tobit","A_anydetect",-0.095762674100307,0.0563489476799694,0.0892329077483367,6314,3500,0.452011403230915,"*"
"PFBS","idw__mil_milfire.milsusp.milbase__5km","cov","detect","A_anydetect",-0.0325285118052542,0.0296021265883766,0.271830330282206,6314,3500,0.452011403230915,""
"PFBS","idw__mil_milfire.milsusp.milbase__5km","cov","tobit","A_anydetect",-0.0839502436170477,0.0571427194386325,0.141796771817472,6314,3500,0.452011403230915,""
"PFHxA","idw__mil_milfire.milsusp.milbase__5km","raw","detect","A_anydetect",0.0918292561040278,0.0238105724888226,0.000114947390314278,6314,3500,0.465473550839405,"***"
"PFHxA","idw__mil_milfire.milsusp.milbase__5km","raw","tobit","A_anydetect",0.158423980270286,0.0423307686736113,0.00018218005479148,6314,3500,0.465473550839405,"***"
"PFHxA","idw__mil_milfire.milsusp.milbase__5km","cov","detect","A_anydetect",0.0739881482373688,0.0255261297774358,0.00374921343763672,6314,3500,0.465473550839405,"***"
"PFHxA","idw__mil_milfire.milsusp.milbase__5km","cov","tobit","A_anydetect",0.0812108983858546,0.0396072754538222,0.0403250665923746,6314,3500,0.465473550839405,"**"
"PFPeA","idw__mil_milfire.milsusp.milbase__5km","raw","detect","A_anydetect",0.104164907869255,0.024076232528721,1.51523367522647e-05,6314,3500,0.541019955654102,"***"
"PFPeA","idw__mil_milfire.milsusp.milbase__5km","raw","tobit","A_anydetect",0.177787632442581,0.0546834735755439,0.0011491363985864,6314,3500,0.541019955654102,"***"
"PFPeA","idw__mil_milfire.milsusp.milbase__5km","cov","detect","A_anydetect",0.0779626132440854,0.0241335060760482,0.00123586051675057,6314,3500,0.541019955654102,"***"
"PFPeA","idw__mil_milfire.milsusp.milbase__5km","cov","tobit","A_anydetect",0.0539935491181507,0.0408833013038277,0.186609792787584,6314,3500,0.541019955654102,""
"PFBA","idw__mil_milfire.milsusp.milbase__5km","raw","detect","A_anydetect",-0.0885565556156712,0.0339517040553836,0.00909906159188056,6314,3500,0.432689261957555,"***"
"PFBA","idw__mil_milfire.milsusp.milbase__5km","raw","tobit","A_anydetect",-0.137537740668114,0.0864575410347579,0.111651769414368,6314,3500,0.432689261957555,""
"PFBA","idw__mil_milfire.milsusp.milbase__5km","cov","detect","A_anydetect",-0.081728992111107,0.0254263409952377,0.00130743196074291,6314,3500,0.432689261957555,"***"
"PFBA","idw__mil_milfire.milsusp.milbase__5km","cov","tobit","A_anydetect",-0.199149742258389,0.0642689255065613,0.00194375579402472,6314,3500,0.432689261957555,"***"
"PFHpA","idw__mil_milfire.milsusp.milbase__5km","raw","detect","A_anydetect",0.0546717258992629,0.0237073354281856,0.0211044805730512,6314,3500,0.13588850174216,"**"
"PFHpA","idw__mil_milfire.milsusp.milbase__5km","raw","tobit","A_anydetect",0.200465142646695,0.0754590702336777,0.0078931247866249,6314,3500,0.13588850174216,"***"
"PFHpA","idw__mil_milfire.milsusp.milbase__5km","cov","detect","A_anydetect",0.0265607871415112,0.0208515774462346,0.20273349271337,6314,3500,0.13588850174216,""
"PFHpA","idw__mil_milfire.milsusp.milbase__5km","cov","tobit","A_anydetect",0.110592640215585,0.0680180835997419,0.103964555009229,6314,3500,0.13588850174216,""
"PFOS","idw__mil_milfire.milsusp.milbase__10km","raw","detect","A_anydetect",0.062970497551079,0.0176771262746247,0.000367677747715674,6314,3500,0.360785555907507,"***"
"PFOS","idw__mil_milfire.milsusp.milbase__10km","raw","tobit","A_anydetect",0.188356540525761,0.0437108280126831,1.63882750951581e-05,6314,3500,0.360785555907507,"***"
"PFOS","idw__mil_milfire.milsusp.milbase__10km","cov","detect","A_anydetect",0.0690821367525231,0.0201231811524641,0.000597023519921056,6314,3500,0.360785555907507,"***"
"PFOS","idw__mil_milfire.milsusp.milbase__10km","cov","tobit","A_anydetect",0.205862369071329,0.0466028051733026,9.99038127330143e-06,6314,3500,0.360785555907507,"***"
"PFOA","idw__mil_milfire.milsusp.milbase__10km","raw","detect","A_anydetect",0.0750430084559525,0.0220214589375185,0.000655076149992984,6314,3500,0.354450427621159,"***"
"PFOA","idw__mil_milfire.milsusp.milbase__10km","raw","tobit","A_anydetect",0.162092936953402,0.041233001244664,8.45420032410949e-05,6314,3500,0.354450427621159,"***"
"PFOA","idw__mil_milfire.milsusp.milbase__10km","cov","detect","A_anydetect",0.0500138105495132,0.0204799754684633,0.0146027679206045,6314,3500,0.354450427621159,"**"
"PFOA","idw__mil_milfire.milsusp.milbase__10km","cov","tobit","A_anydetect",0.120113929291121,0.0407051347353964,0.00316921382152703,6314,3500,0.354450427621159,"***"
"PFHxS","idw__mil_milfire.milsusp.milbase__10km","raw","detect","A_anydetect",0.080659828066062,0.0245525071858852,0.00101911014086385,6314,3500,0.276369971491923,"***"
"PFHxS","idw__mil_milfire.milsusp.milbase__10km","raw","tobit","A_anydetect",0.219697241441169,0.0629192862167252,0.000479900743940616,6314,3500,0.276369971491923,"***"
"PFHxS","idw__mil_milfire.milsusp.milbase__10km","cov","detect","A_anydetect",0.06712438977726,0.01964022377827,0.00063152711228731,6314,3500,0.276369971491923,"***"
"PFHxS","idw__mil_milfire.milsusp.milbase__10km","cov","tobit","A_anydetect",0.168363271196286,0.0442370541486432,0.000141270534952354,6314,3500,0.276369971491923,"***"
"PFBS","idw__mil_milfire.milsusp.milbase__10km","raw","detect","A_anydetect",-0.0199156031232515,0.0157002084825179,0.204621981565826,6314,3500,0.452011403230915,""
"PFBS","idw__mil_milfire.milsusp.milbase__10km","raw","tobit","A_anydetect",-0.037461246300335,0.0318966906135474,0.240212593844826,6314,3500,0.452011403230915,""
"PFBS","idw__mil_milfire.milsusp.milbase__10km","cov","detect","A_anydetect",-0.0119391480525198,0.0171674028748398,0.486770498960967,6314,3500,0.452011403230915,""
"PFBS","idw__mil_milfire.milsusp.milbase__10km","cov","tobit","A_anydetect",-0.0296240502586656,0.033430287576566,0.375539911282284,6314,3500,0.452011403230915,""
"PFHxA","idw__mil_milfire.milsusp.milbase__10km","raw","detect","A_anydetect",0.0674836199224325,0.0136839485045964,8.15630851660455e-07,6314,3500,0.465473550839405,"***"
"PFHxA","idw__mil_milfire.milsusp.milbase__10km","raw","tobit","A_anydetect",0.12095749794939,0.0250455560560382,1.36876726843182e-06,6314,3500,0.465473550839405,"***"
"PFHxA","idw__mil_milfire.milsusp.milbase__10km","cov","detect","A_anydetect",0.0565393620995598,0.0148626713639314,0.000142310086115487,6314,3500,0.465473550839405,"***"
"PFHxA","idw__mil_milfire.milsusp.milbase__10km","cov","tobit","A_anydetect",0.0764427016928984,0.0252032757589714,0.00242098471230688,6314,3500,0.465473550839405,"***"
"PFPeA","idw__mil_milfire.milsusp.milbase__10km","raw","detect","A_anydetect",0.074177563526581,0.0136345599246828,5.31588037635014e-08,6314,3500,0.541019955654102,"***"
"PFPeA","idw__mil_milfire.milsusp.milbase__10km","raw","tobit","A_anydetect",0.125731116219973,0.0298655145300013,2.55472892589492e-05,6314,3500,0.541019955654102,"***"
"PFPeA","idw__mil_milfire.milsusp.milbase__10km","cov","detect","A_anydetect",0.0585678289252726,0.0140696238224772,3.14486302950366e-05,6314,3500,0.541019955654102,"***"
"PFPeA","idw__mil_milfire.milsusp.milbase__10km","cov","tobit","A_anydetect",0.0574829334661323,0.0252709569664238,0.0229260997993365,6314,3500,0.541019955654102,"**"
"PFBA","idw__mil_milfire.milsusp.milbase__10km","raw","detect","A_anydetect",-0.0678503318821444,0.0172477986833789,8.3594369304339e-05,6314,3500,0.432689261957555,"***"
"PFBA","idw__mil_milfire.milsusp.milbase__10km","raw","tobit","A_anydetect",-0.0995169783937269,0.0415513108221922,0.0166186319068027,6314,3500,0.432689261957555,"**"
"PFBA","idw__mil_milfire.milsusp.milbase__10km","cov","detect","A_anydetect",-0.0553161185908662,0.0142313173920125,0.000101520481441241,6314,3500,0.432689261957555,"***"
"PFBA","idw__mil_milfire.milsusp.milbase__10km","cov","tobit","A_anydetect",-0.119302540091433,0.0339214019543282,0.000436406792651074,6314,3500,0.432689261957555,"***"
"PFHpA","idw__mil_milfire.milsusp.milbase__10km","raw","detect","A_anydetect",0.0433987755850757,0.0138755890494014,0.00176175773733226,6314,3500,0.13588850174216,"***"
"PFHpA","idw__mil_milfire.milsusp.milbase__10km","raw","tobit","A_anydetect",0.149615051360459,0.0421955402949708,0.000391489886006429,6314,3500,0.13588850174216,"***"
"PFHpA","idw__mil_milfire.milsusp.milbase__10km","cov","detect","A_anydetect",0.0283893956236698,0.0138946997296611,0.0410344588126607,6314,3500,0.13588850174216,"**"
"PFHpA","idw__mil_milfire.milsusp.milbase__10km","cov","tobit","A_anydetect",0.10272436253142,0.0422590699715833,0.0150645292744073,6314,3500,0.13588850174216,"**"
"PFOS","idw__mil_milfire.milsusp.milbase__25km","raw","detect","A_anydetect",0.0443578632527076,0.00786419180826408,1.6957092467331e-08,6314,3500,0.360785555907507,"***"
"PFOS","idw__mil_milfire.milsusp.milbase__25km","raw","tobit","A_anydetect",0.11502782310605,0.0201775164805201,1.19252121528252e-08,6314,3500,0.360785555907507,"***"
"PFOS","idw__mil_milfire.milsusp.milbase__25km","cov","detect","A_anydetect",0.0469863362980235,0.0091921830672105,3.19520165295505e-07,6314,3500,0.360785555907507,"***"
"PFOS","idw__mil_milfire.milsusp.milbase__25km","cov","tobit","A_anydetect",0.124461780198255,0.0218451789606421,1.21613762449881e-08,6314,3500,0.360785555907507,"***"
"PFOA","idw__mil_milfire.milsusp.milbase__25km","raw","detect","A_anydetect",0.0824719143946372,0.00917222778373794,2.43920445816949e-19,6314,3500,0.354450427621159,"***"
"PFOA","idw__mil_milfire.milsusp.milbase__25km","raw","tobit","A_anydetect",0.159842762717398,0.0166928027980303,1.01316896866798e-21,6314,3500,0.354450427621159,"***"
"PFOA","idw__mil_milfire.milsusp.milbase__25km","cov","detect","A_anydetect",0.0628066427548947,0.00973039528758419,1.08443769695739e-10,6314,3500,0.354450427621159,"***"
"PFOA","idw__mil_milfire.milsusp.milbase__25km","cov","tobit","A_anydetect",0.122489892126321,0.0193660665397321,2.53273126085846e-10,6314,3500,0.354450427621159,"***"
"PFHxS","idw__mil_milfire.milsusp.milbase__25km","raw","detect","A_anydetect",0.0274342722785481,0.0094282292539452,0.00361658782550829,6314,3500,0.276369971491923,"***"
"PFHxS","idw__mil_milfire.milsusp.milbase__25km","raw","tobit","A_anydetect",0.0703295372715521,0.0268675740807017,0.00885411192041742,6314,3500,0.276369971491923,"***"
"PFHxS","idw__mil_milfire.milsusp.milbase__25km","cov","detect","A_anydetect",0.0213329229325818,0.0087500228258917,0.0147670591804772,6314,3500,0.276369971491923,"**"
"PFHxS","idw__mil_milfire.milsusp.milbase__25km","cov","tobit","A_anydetect",0.046887914169687,0.0219044156643463,0.0323088071197329,6314,3500,0.276369971491923,"**"
"PFBS","idw__mil_milfire.milsusp.milbase__25km","raw","detect","A_anydetect",-0.00458348476415452,0.00802309042988403,0.56780532349137,6314,3500,0.452011403230915,""
"PFBS","idw__mil_milfire.milsusp.milbase__25km","raw","tobit","A_anydetect",-0.0123041687214235,0.0161170565533181,0.445209796731089,6314,3500,0.452011403230915,""
"PFBS","idw__mil_milfire.milsusp.milbase__25km","cov","detect","A_anydetect",-0.000395237115132123,0.00896084593446376,0.96481901664112,6314,3500,0.452011403230915,""
"PFBS","idw__mil_milfire.milsusp.milbase__25km","cov","tobit","A_anydetect",-0.00834811293121406,0.0174205127810267,0.631788056669697,6314,3500,0.452011403230915,""
"PFHxA","idw__mil_milfire.milsusp.milbase__25km","raw","detect","A_anydetect",0.0458256432784457,0.00718186353335986,1.76227989644591e-10,6314,3500,0.465473550839405,"***"
"PFHxA","idw__mil_milfire.milsusp.milbase__25km","raw","tobit","A_anydetect",0.0788411715093334,0.0132311660961554,2.54179222648605e-09,6314,3500,0.465473550839405,"***"
"PFHxA","idw__mil_milfire.milsusp.milbase__25km","cov","detect","A_anydetect",0.0427756106328627,0.00795358895479845,7.52542563703935e-08,6314,3500,0.465473550839405,"***"
"PFHxA","idw__mil_milfire.milsusp.milbase__25km","cov","tobit","A_anydetect",0.0613288333083526,0.0146544379433182,2.85165200424959e-05,6314,3500,0.465473550839405,"***"
"PFPeA","idw__mil_milfire.milsusp.milbase__25km","raw","detect","A_anydetect",0.0487830194349284,0.0068704733516841,1.24408051327688e-12,6314,3500,0.541019955654102,"***"
"PFPeA","idw__mil_milfire.milsusp.milbase__25km","raw","tobit","A_anydetect",0.0749830489014264,0.0150858046106144,6.68019943461633e-07,6314,3500,0.541019955654102,"***"
"PFPeA","idw__mil_milfire.milsusp.milbase__25km","cov","detect","A_anydetect",0.0435712633489225,0.00754107418593659,7.56571687104339e-09,6314,3500,0.541019955654102,"***"
"PFPeA","idw__mil_milfire.milsusp.milbase__25km","cov","tobit","A_anydetect",0.0482901321619697,0.0147897361619967,0.00109421137069946,6314,3500,0.541019955654102,"***"
"PFBA","idw__mil_milfire.milsusp.milbase__25km","raw","detect","A_anydetect",-0.0518943917923994,0.00795673639826059,6.93436347163821e-11,6314,3500,0.432689261957555,"***"
"PFBA","idw__mil_milfire.milsusp.milbase__25km","raw","tobit","A_anydetect",-0.0783569498037227,0.0165007166358372,2.04728567288921e-06,6314,3500,0.432689261957555,"***"
"PFBA","idw__mil_milfire.milsusp.milbase__25km","cov","detect","A_anydetect",-0.037177723963517,0.00759409738211151,9.80022462138246e-07,6314,3500,0.432689261957555,"***"
"PFBA","idw__mil_milfire.milsusp.milbase__25km","cov","tobit","A_anydetect",-0.0711656183454264,0.0159692978161727,8.33464898898178e-06,6314,3500,0.432689261957555,"***"
"PFHpA","idw__mil_milfire.milsusp.milbase__25km","raw","detect","A_anydetect",0.0259841739574378,0.00674448616875963,0.000116844277454214,6314,3500,0.13588850174216,"***"
"PFHpA","idw__mil_milfire.milsusp.milbase__25km","raw","tobit","A_anydetect",0.0901838028677647,0.0211403155640382,1.99041815777452e-05,6314,3500,0.13588850174216,"***"
"PFHpA","idw__mil_milfire.milsusp.milbase__25km","cov","detect","A_anydetect",0.0192096078040015,0.00771758213293971,0.0128077482170926,6314,3500,0.13588850174216,"**"
"PFHpA","idw__mil_milfire.milsusp.milbase__25km","cov","tobit","A_anydetect",0.068743492447953,0.0242594890175655,0.00460161943636954,6314,3500,0.13588850174216,"***"
"PFOS","idw__mil_airport.milfire.milsusp.milbase__5km","raw","detect","A_anydetect",0.0539617949480951,0.0215679504368129,0.0123513609438426,6314,3500,0.360785555907507,"**"
"PFOS","idw__mil_airport.milfire.milsusp.milbase__5km","raw","tobit","A_anydetect",0.164147410243448,0.0540009994204594,0.0023680557698563,6314,3500,0.360785555907507,"***"
"PFOS","idw__mil_airport.milfire.milsusp.milbase__5km","cov","detect","A_anydetect",0.0577134693956867,0.0226078725428693,0.010685958463699,6314,3500,0.360785555907507,"**"
"PFOS","idw__mil_airport.milfire.milsusp.milbase__5km","cov","tobit","A_anydetect",0.169315983600363,0.0533636280127758,0.00150938835294031,6314,3500,0.360785555907507,"***"
"PFOA","idw__mil_airport.milfire.milsusp.milbase__5km","raw","detect","A_anydetect",0.051558060170029,0.0228795212901084,0.0242302313202549,6314,3500,0.354450427621159,"**"
"PFOA","idw__mil_airport.milfire.milsusp.milbase__5km","raw","tobit","A_anydetect",0.11400193927176,0.0440425151757784,0.00964083647113032,6314,3500,0.354450427621159,"***"
"PFOA","idw__mil_airport.milfire.milsusp.milbase__5km","cov","detect","A_anydetect",0.0180828057122765,0.0213054748832133,0.396026062653269,6314,3500,0.354450427621159,""
"PFOA","idw__mil_airport.milfire.milsusp.milbase__5km","cov","tobit","A_anydetect",0.0497542205473633,0.0417058045804893,0.232876926080619,6314,3500,0.354450427621159,""
"PFHxS","idw__mil_airport.milfire.milsusp.milbase__5km","raw","detect","A_anydetect",0.133010233614581,0.0281956259917113,2.38869940043364e-06,6314,3500,0.276369971491923,"***"
"PFHxS","idw__mil_airport.milfire.milsusp.milbase__5km","raw","tobit","A_anydetect",0.321028083531808,0.0693794473999914,3.70758488248915e-06,6314,3500,0.276369971491923,"***"
"PFHxS","idw__mil_airport.milfire.milsusp.milbase__5km","cov","detect","A_anydetect",0.107261735135119,0.0242898112982437,1.00583738468827e-05,6314,3500,0.276369971491923,"***"
"PFHxS","idw__mil_airport.milfire.milsusp.milbase__5km","cov","tobit","A_anydetect",0.236409117374354,0.053080897493728,8.43828295613862e-06,6314,3500,0.276369971491923,"***"
"PFBS","idw__mil_airport.milfire.milsusp.milbase__5km","raw","detect","A_anydetect",-0.0303059101855829,0.0208387235801588,0.145861096080145,6314,3500,0.452011403230915,""
"PFBS","idw__mil_airport.milfire.milsusp.milbase__5km","raw","tobit","A_anydetect",-0.0905833988709086,0.0408380695889339,0.0265472190874839,6314,3500,0.452011403230915,"**"
"PFBS","idw__mil_airport.milfire.milsusp.milbase__5km","cov","detect","A_anydetect",-0.0351619440754678,0.0217261788102677,0.105573484972043,6314,3500,0.452011403230915,""
"PFBS","idw__mil_airport.milfire.milsusp.milbase__5km","cov","tobit","A_anydetect",-0.0914572271929988,0.040299585392848,0.0232419798415105,6314,3500,0.452011403230915,"**"
"PFHxA","idw__mil_airport.milfire.milsusp.milbase__5km","raw","detect","A_anydetect",0.110581431661531,0.0185774231310652,2.6413618101459e-09,6314,3500,0.465473550839405,"***"
"PFHxA","idw__mil_airport.milfire.milsusp.milbase__5km","raw","tobit","A_anydetect",0.172882775970174,0.0320426142275711,6.83704078829314e-08,6314,3500,0.465473550839405,"***"
"PFHxA","idw__mil_airport.milfire.milsusp.milbase__5km","cov","detect","A_anydetect",0.0870556412777349,0.0192009719118587,5.78993842521583e-06,6314,3500,0.465473550839405,"***"
"PFHxA","idw__mil_airport.milfire.milsusp.milbase__5km","cov","tobit","A_anydetect",0.102917308513485,0.0307696883284704,0.000823529721431115,6314,3500,0.465473550839405,"***"
"PFPeA","idw__mil_airport.milfire.milsusp.milbase__5km","raw","detect","A_anydetect",0.117860939029216,0.0186752456775238,2.77097822572877e-10,6314,3500,0.541019955654102,"***"
"PFPeA","idw__mil_airport.milfire.milsusp.milbase__5km","raw","tobit","A_anydetect",0.201999530812939,0.0394177763886645,2.98202428103562e-07,6314,3500,0.541019955654102,"***"
"PFPeA","idw__mil_airport.milfire.milsusp.milbase__5km","cov","detect","A_anydetect",0.0831734968721878,0.0186529014994087,8.2338615461606e-06,6314,3500,0.541019955654102,"***"
"PFPeA","idw__mil_airport.milfire.milsusp.milbase__5km","cov","tobit","A_anydetect",0.0985143369204632,0.0325994804184925,0.00251143450642132,6314,3500,0.541019955654102,"***"
"PFBA","idw__mil_airport.milfire.milsusp.milbase__5km","raw","detect","A_anydetect",-0.00935351480303393,0.0247004830988843,0.704927435325006,6314,3500,0.432689261957555,""
"PFBA","idw__mil_airport.milfire.milsusp.milbase__5km","raw","tobit","A_anydetect",0.0702579831083474,0.0611003227301303,0.250193676883028,6314,3500,0.432689261957555,""
"PFBA","idw__mil_airport.milfire.milsusp.milbase__5km","cov","detect","A_anydetect",-0.00860111726210145,0.0208202169799472,0.679523298696528,6314,3500,0.432689261957555,""
"PFBA","idw__mil_airport.milfire.milsusp.milbase__5km","cov","tobit","A_anydetect",0.028435583734191,0.0440735944013717,0.518807868215957,6314,3500,0.432689261957555,""
"PFHpA","idw__mil_airport.milfire.milsusp.milbase__5km","raw","detect","A_anydetect",0.0544853585004062,0.0160484830357101,0.000686167528129517,6314,3500,0.13588850174216,"***"
"PFHpA","idw__mil_airport.milfire.milsusp.milbase__5km","raw","tobit","A_anydetect",0.16011791401111,0.0479293204936918,0.000835647483251871,6314,3500,0.13588850174216,"***"
"PFHpA","idw__mil_airport.milfire.milsusp.milbase__5km","cov","detect","A_anydetect",0.0278248765863248,0.0153847567625657,0.0705131128647707,6314,3500,0.13588850174216,"*"
"PFHpA","idw__mil_airport.milfire.milsusp.milbase__5km","cov","tobit","A_anydetect",0.0701321043258149,0.0458979188828315,0.126512082085416,6314,3500,0.13588850174216,""
"PFOS","idw__mil_airport.milfire.milsusp.milbase__10km","raw","detect","A_anydetect",0.0314758460671186,0.0103018407188105,0.0022478950323545,6314,3500,0.360785555907507,"***"
"PFOS","idw__mil_airport.milfire.milsusp.milbase__10km","raw","tobit","A_anydetect",0.0949342995166827,0.0266233599185794,0.000362710388290925,6314,3500,0.360785555907507,"***"
"PFOS","idw__mil_airport.milfire.milsusp.milbase__10km","cov","detect","A_anydetect",0.0361963407006341,0.011125717331685,0.00114035309006791,6314,3500,0.360785555907507,"***"
"PFOS","idw__mil_airport.milfire.milsusp.milbase__10km","cov","tobit","A_anydetect",0.104115759083879,0.0274573589949352,0.000149494740215885,6314,3500,0.360785555907507,"***"
"PFOA","idw__mil_airport.milfire.milsusp.milbase__10km","raw","detect","A_anydetect",0.0489554242438876,0.0113820844995217,1.69956340045791e-05,6314,3500,0.354450427621159,"***"
"PFOA","idw__mil_airport.milfire.milsusp.milbase__10km","raw","tobit","A_anydetect",0.110770627995838,0.0225739740049422,9.24771610658287e-07,6314,3500,0.354450427621159,"***"
"PFOA","idw__mil_airport.milfire.milsusp.milbase__10km","cov","detect","A_anydetect",0.029053591654633,0.011143292153447,0.0091266876104148,6314,3500,0.354450427621159,"***"
"PFOA","idw__mil_airport.milfire.milsusp.milbase__10km","cov","tobit","A_anydetect",0.0710823010143342,0.0228997977273213,0.00190885887352413,6314,3500,0.354450427621159,"***"
"PFHxS","idw__mil_airport.milfire.milsusp.milbase__10km","raw","detect","A_anydetect",0.0605587014170106,0.01204681824721,4.98353339860029e-07,6314,3500,0.276369971491923,"***"
"PFHxS","idw__mil_airport.milfire.milsusp.milbase__10km","raw","tobit","A_anydetect",0.137001224365011,0.0317580104101448,1.60391675939601e-05,6314,3500,0.276369971491923,"***"
"PFHxS","idw__mil_airport.milfire.milsusp.milbase__10km","cov","detect","A_anydetect",0.0509971614652974,0.0109652987520918,3.30686426979351e-06,6314,3500,0.276369971491923,"***"
"PFHxS","idw__mil_airport.milfire.milsusp.milbase__10km","cov","tobit","A_anydetect",0.102950376539983,0.0257995634866483,6.59641294538385e-05,6314,3500,0.276369971491923,"***"
"PFBS","idw__mil_airport.milfire.milsusp.milbase__10km","raw","detect","A_anydetect",-0.0110687286621426,0.0103899213305249,0.286725151121292,6314,3500,0.452011403230915,""
"PFBS","idw__mil_airport.milfire.milsusp.milbase__10km","raw","tobit","A_anydetect",-0.0446638206990459,0.0206147901633959,0.0302660473562479,6314,3500,0.452011403230915,"**"
"PFBS","idw__mil_airport.milfire.milsusp.milbase__10km","cov","detect","A_anydetect",-0.0140830463921519,0.0111164499870715,0.205203405215631,6314,3500,0.452011403230915,""
"PFBS","idw__mil_airport.milfire.milsusp.milbase__10km","cov","tobit","A_anydetect",-0.0424684908390409,0.020787396388797,0.0410531999843423,6314,3500,0.452011403230915,"**"
"PFHxA","idw__mil_airport.milfire.milsusp.milbase__10km","raw","detect","A_anydetect",0.0861486977093418,0.0094248664905301,6.21212229862851e-20,6314,3500,0.465473550839405,"***"
"PFHxA","idw__mil_airport.milfire.milsusp.milbase__10km","raw","tobit","A_anydetect",0.131546560380106,0.0162553617495435,5.84510604603604e-16,6314,3500,0.465473550839405,"***"
"PFHxA","idw__mil_airport.milfire.milsusp.milbase__10km","cov","detect","A_anydetect",0.0746347143832454,0.00981865370335886,2.93128597319157e-14,6314,3500,0.465473550839405,"***"
"PFHxA","idw__mil_airport.milfire.milsusp.milbase__10km","cov","tobit","A_anydetect",0.0978672999953936,0.0166486845429472,4.14300114846504e-09,6314,3500,0.465473550839405,"***"
"PFPeA","idw__mil_airport.milfire.milsusp.milbase__10km","raw","detect","A_anydetect",0.0862964207257791,0.00938939176133575,3.89776479055545e-20,6314,3500,0.541019955654102,"***"
"PFPeA","idw__mil_airport.milfire.milsusp.milbase__10km","raw","tobit","A_anydetect",0.144687486857755,0.0191514026534721,4.19088477128048e-14,6314,3500,0.541019955654102,"***"
"PFPeA","idw__mil_airport.milfire.milsusp.milbase__10km","cov","detect","A_anydetect",0.0678700535938957,0.00961099938710605,1.64470495959916e-12,6314,3500,0.541019955654102,"***"
"PFPeA","idw__mil_airport.milfire.milsusp.milbase__10km","cov","tobit","A_anydetect",0.0929523637552079,0.017956354127261,2.25999606151338e-07,6314,3500,0.541019955654102,"***"
"PFBA","idw__mil_airport.milfire.milsusp.milbase__10km","raw","detect","A_anydetect",0.0141304389687046,0.0117458629016416,0.228970854984371,6314,3500,0.432689261957555,""
"PFBA","idw__mil_airport.milfire.milsusp.milbase__10km","raw","tobit","A_anydetect",0.062850214481056,0.0268514267568285,0.0192493927817228,6314,3500,0.432689261957555,"**"
"PFBA","idw__mil_airport.milfire.milsusp.milbase__10km","cov","detect","A_anydetect",0.0152548952797909,0.0104877846542275,0.145796837206811,6314,3500,0.432689261957555,""
"PFBA","idw__mil_airport.milfire.milsusp.milbase__10km","cov","tobit","A_anydetect",0.0470272091852229,0.0207943787075441,0.0237261659383537,6314,3500,0.432689261957555,"**"
"PFHpA","idw__mil_airport.milfire.milsusp.milbase__10km","raw","detect","A_anydetect",0.0329115168346152,0.00810646384170893,4.90915512481821e-05,6314,3500,0.13588850174216,"***"
"PFHpA","idw__mil_airport.milfire.milsusp.milbase__10km","raw","tobit","A_anydetect",0.0986300047660114,0.0250804066178432,8.40487688310716e-05,6314,3500,0.13588850174216,"***"
"PFHpA","idw__mil_airport.milfire.milsusp.milbase__10km","cov","detect","A_anydetect",0.0221197346816601,0.00843123068697214,0.00870192953063598,6314,3500,0.13588850174216,"***"
"PFHpA","idw__mil_airport.milfire.milsusp.milbase__10km","cov","tobit","A_anydetect",0.0578971569820759,0.0264658505080674,0.0286974780661365,6314,3500,0.13588850174216,"**"
"PFOS","idw__mil_airport.milfire.milsusp.milbase__25km","raw","detect","A_anydetect",0.016460065998559,0.005296274618805,0.00188449005060316,6314,3500,0.360785555907507,"***"
"PFOS","idw__mil_airport.milfire.milsusp.milbase__25km","raw","tobit","A_anydetect",0.0476741903437028,0.0140939652405179,0.000718041786984868,6314,3500,0.360785555907507,"***"
"PFOS","idw__mil_airport.milfire.milsusp.milbase__25km","cov","detect","A_anydetect",0.0195086453818042,0.00586152534681628,0.000873921375067166,6314,3500,0.360785555907507,"***"
"PFOS","idw__mil_airport.milfire.milsusp.milbase__25km","cov","tobit","A_anydetect",0.0533059011184295,0.0151787289614642,0.000444945938561045,6314,3500,0.360785555907507,"***"
"PFOA","idw__mil_airport.milfire.milsusp.milbase__25km","raw","detect","A_anydetect",0.0397540829877844,0.00550764383955304,5.2764072096153e-13,6314,3500,0.354450427621159,"***"
"PFOA","idw__mil_airport.milfire.milsusp.milbase__25km","raw","tobit","A_anydetect",0.0865416823573894,0.0119526368651302,4.47415671512104e-13,6314,3500,0.354450427621159,"***"
"PFOA","idw__mil_airport.milfire.milsusp.milbase__25km","cov","detect","A_anydetect",0.0281614300315656,0.00560017395728467,4.93892030915831e-07,6314,3500,0.354450427621159,"***"
"PFOA","idw__mil_airport.milfire.milsusp.milbase__25km","cov","tobit","A_anydetect",0.0609374371474436,0.0124540145102718,9.93126703662893e-07,6314,3500,0.354450427621159,"***"
"PFHxS","idw__mil_airport.milfire.milsusp.milbase__25km","raw","detect","A_anydetect",0.0201591499248305,0.0052543498084676,0.000124719319642311,6314,3500,0.276369971491923,"***"
"PFHxS","idw__mil_airport.milfire.milsusp.milbase__25km","raw","tobit","A_anydetect",0.0376421814641167,0.0145972005654748,0.00991653924295096,6314,3500,0.276369971491923,"***"
"PFHxS","idw__mil_airport.milfire.milsusp.milbase__25km","cov","detect","A_anydetect",0.0151645977180598,0.00545143228618994,0.0054064349937885,6314,3500,0.276369971491923,"***"
"PFHxS","idw__mil_airport.milfire.milsusp.milbase__25km","cov","tobit","A_anydetect",0.020180557419118,0.0144036580855592,0.161192639563259,6314,3500,0.276369971491923,""
"PFBS","idw__mil_airport.milfire.milsusp.milbase__25km","raw","detect","A_anydetect",-0.00164770265758639,0.00547027814007111,0.763254339877684,6314,3500,0.452011403230915,""
"PFBS","idw__mil_airport.milfire.milsusp.milbase__25km","raw","tobit","A_anydetect",-0.0191759385583707,0.0112985420508255,0.0896579687621228,6314,3500,0.452011403230915,"*"
"PFBS","idw__mil_airport.milfire.milsusp.milbase__25km","cov","detect","A_anydetect",-0.00258915398096746,0.00591870493758647,0.661783007614571,6314,3500,0.452011403230915,""
"PFBS","idw__mil_airport.milfire.milsusp.milbase__25km","cov","tobit","A_anydetect",-0.0168343052479557,0.0115402337081356,0.144634183525455,6314,3500,0.452011403230915,""
"PFHxA","idw__mil_airport.milfire.milsusp.milbase__25km","raw","detect","A_anydetect",0.0554907827860409,0.00490484562146178,1.12559308486392e-29,6314,3500,0.465473550839405,"***"
"PFHxA","idw__mil_airport.milfire.milsusp.milbase__25km","raw","tobit","A_anydetect",0.0838830007523426,0.00896872348677885,8.5328409065998e-21,6314,3500,0.465473550839405,"***"
"PFHxA","idw__mil_airport.milfire.milsusp.milbase__25km","cov","detect","A_anydetect",0.0528634229091251,0.00517645596080386,1.74708594808019e-24,6314,3500,0.465473550839405,"***"
"PFHxA","idw__mil_airport.milfire.milsusp.milbase__25km","cov","tobit","A_anydetect",0.0712162008383213,0.00951580787032888,7.21000269266404e-14,6314,3500,0.465473550839405,"***"
"PFPeA","idw__mil_airport.milfire.milsusp.milbase__25km","raw","detect","A_anydetect",0.0557348987243875,0.0049058315710071,6.5430515865559e-30,6314,3500,0.541019955654102,"***"
"PFPeA","idw__mil_airport.milfire.milsusp.milbase__25km","raw","tobit","A_anydetect",0.0942135464321167,0.0101124555972524,1.20145715191734e-20,6314,3500,0.541019955654102,"***"
"PFPeA","idw__mil_airport.milfire.milsusp.milbase__25km","cov","detect","A_anydetect",0.0492706995790459,0.00518615340490845,2.09020650045351e-21,6314,3500,0.541019955654102,"***"
"PFPeA","idw__mil_airport.milfire.milsusp.milbase__25km","cov","tobit","A_anydetect",0.0736613128859168,0.0102693679344898,7.34169399598995e-13,6314,3500,0.541019955654102,"***"
"PFBA","idw__mil_airport.milfire.milsusp.milbase__25km","raw","detect","A_anydetect",0.00852276615200261,0.00564937764237623,0.131395827218969,6314,3500,0.432689261957555,""
"PFBA","idw__mil_airport.milfire.milsusp.milbase__25km","raw","tobit","A_anydetect",0.0385873588167508,0.013294957691963,0.00370308821512833,6314,3500,0.432689261957555,"***"
"PFBA","idw__mil_airport.milfire.milsusp.milbase__25km","cov","detect","A_anydetect",0.013223603182545,0.00530236125686086,0.0126345151177056,6314,3500,0.432689261957555,"**"
"PFBA","idw__mil_airport.milfire.milsusp.milbase__25km","cov","tobit","A_anydetect",0.0380616802425562,0.010553435536871,0.000310273877213869,6314,3500,0.432689261957555,"***"
"PFHpA","idw__mil_airport.milfire.milsusp.milbase__25km","raw","detect","A_anydetect",0.0157543643196968,0.00427421260228871,0.000227886598807623,6314,3500,0.13588850174216,"***"
"PFHpA","idw__mil_airport.milfire.milsusp.milbase__25km","raw","tobit","A_anydetect",0.0503106827620318,0.0145385654898238,0.00053917641777176,6314,3500,0.13588850174216,"***"
"PFHpA","idw__mil_airport.milfire.milsusp.milbase__25km","cov","detect","A_anydetect",0.0115774442046719,0.00463880479071978,0.0125679912171786,6314,3500,0.13588850174216,"**"
"PFHpA","idw__mil_airport.milfire.milsusp.milbase__25km","cov","tobit","A_anydetect",0.0316234455715817,0.0159228474070909,0.0470286475610807,6314,3500,0.13588850174216,"**"
"PFOS","idw__mil_airport__5km","raw","detect","B_all",0.0530933590345521,0.0131879949395751,5.67612793755704e-05,26223,10143,0.0868703046943523,"***"
"PFOS","idw__mil_airport__5km","raw","tobit","B_all",0.376765522867353,0.0810550996556199,3.34739893893167e-06,26223,10143,0.0868703046943523,"***"
"PFOS","idw__mil_airport__5km","cov","detect","B_all",0.0353705972168879,0.012946466660092,0.00629385929927945,26223,10143,0.0868703046943523,"***"
"PFOS","idw__mil_airport__5km","cov","tobit","B_all",0.235668596039864,0.07900570725647,0.00285502083340473,26223,10143,0.0868703046943523,"***"
"PFOA","idw__mil_airport__5km","raw","detect","B_all",0.0517448115563342,0.0142822208574225,0.000291180164077845,26223,10143,0.0853449262098158,"***"
"PFOA","idw__mil_airport__5km","raw","tobit","B_all",0.304486696110577,0.0724535100420601,2.63970043790711e-05,26223,10143,0.0853449262098158,"***"
"PFOA","idw__mil_airport__5km","cov","detect","B_all",0.0152334396759408,0.0133743313725593,0.254700776510961,26223,10143,0.0853449262098158,""
"PFOA","idw__mil_airport__5km","cov","tobit","B_all",0.0838927294337169,0.0681742594785393,0.218486305933458,26223,10143,0.0853449262098158,""
"PFHxS","idw__mil_airport__5km","raw","detect","B_all",0.0712395863854111,0.0119057180391573,2.18199042080788e-09,26222,10143,0.0665471741285943,"***"
"PFHxS","idw__mil_airport__5km","raw","tobit","B_all",0.499441656431126,0.0700831773812495,1.03018408074966e-12,26222,10143,0.0665471741285943,"***"
"PFHxS","idw__mil_airport__5km","cov","detect","B_all",0.0561645977736865,0.0115916999167676,1.26457088068782e-06,26222,10143,0.0665471741285943,"***"
"PFHxS","idw__mil_airport__5km","cov","tobit","B_all",0.369334906967695,0.0687072646337097,7.63765851378431e-08,26222,10143,0.0665471741285943,"***"
"PFBS","idw__mil_airport__5km","raw","detect","B_all",0.0459033544162673,0.0138515767429898,0.000919898153701905,26223,10143,0.108835754871678,"***"
"PFBS","idw__mil_airport__5km","raw","tobit","B_all",0.189543006672335,0.0629141702959518,0.00258914603407125,26223,10143,0.108835754871678,"***"
"PFBS","idw__mil_airport__5km","cov","detect","B_all",0.0213168603274701,0.0133284879665333,0.109743803554566,26223,10143,0.108835754871678,""
"PFBS","idw__mil_airport__5km","cov","tobit","B_all",0.059176831936778,0.062926423697863,0.347005715379053,26223,10143,0.108835754871678,""
"PFHxA","idw__mil_airport__5km","raw","detect","B_all",0.0988035414269188,0.0171298924778519,8.02644450422205e-09,26223,10143,0.112077184151318,"***"
"PFHxA","idw__mil_airport__5km","raw","tobit","B_all",0.436521311877172,0.0632522396992409,5.15366393435862e-12,26223,10143,0.112077184151318,"***"
"PFHxA","idw__mil_airport__5km","cov","detect","B_all",0.068626933680128,0.0154559438330844,8.98901252116734e-06,26223,10143,0.112077184151318,"***"
"PFHxA","idw__mil_airport__5km","cov","tobit","B_all",0.269367516483039,0.0556367348205929,1.28836275065245e-06,26223,10143,0.112077184151318,"***"
"PFPeA","idw__mil_airport__5km","raw","detect","B_all",0.107491776907261,0.018828371241096,1.13620423579031e-08,26222,10143,0.130272290443139,"***"
"PFPeA","idw__mil_airport__5km","raw","tobit","B_all",0.517469625710888,0.0771161940541636,1.94279431445477e-11,26222,10143,0.130272290443139,"***"
"PFPeA","idw__mil_airport__5km","cov","detect","B_all",0.0706313038366447,0.0165781980259404,2.03976075086532e-05,26222,10143,0.130272290443139,"***"
"PFPeA","idw__mil_airport__5km","cov","tobit","B_all",0.311281259644989,0.0640162932699328,1.15893771952173e-06,26222,10143,0.130272290443139,"***"
"PFBA","idw__mil_airport__5km","raw","detect","B_all",0.0711965353024218,0.016643733431047,1.8885278148864e-05,26221,10143,0.104191297051981,"***"
"PFBA","idw__mil_airport__5km","raw","tobit","B_all",0.439445025173618,0.101041019751108,1.366509553457e-05,26221,10143,0.104191297051981,"***"
"PFBA","idw__mil_airport__5km","cov","detect","B_all",0.0573793574506782,0.0135507522821837,2.29158818383988e-05,26221,10143,0.104191297051981,"***"
"PFBA","idw__mil_airport__5km","cov","tobit","B_all",0.331220274817765,0.0724087996414983,4.77792644214049e-06,26221,10143,0.104191297051981,"***"
"PFHpA","idw__mil_airport__5km","raw","detect","B_all",0.0289956824927111,0.00831855290637812,0.000490916737305117,26223,10143,0.0327193684933074,"***"
"PFHpA","idw__mil_airport__5km","raw","tobit","B_all",0.271448701769509,0.063553601822469,1.94443733891781e-05,26223,10143,0.0327193684933074,"***"
"PFHpA","idw__mil_airport__5km","cov","detect","B_all",0.0155798342982721,0.00865287958371513,0.0717758055777327,26223,10143,0.0327193684933074,"*"
"PFHpA","idw__mil_airport__5km","cov","tobit","B_all",0.102000456278369,0.070233161954394,0.146414902515083,26223,10143,0.0327193684933074,""
"PFOS","idw__mil_airport__10km","raw","detect","B_all",0.0351966202497882,0.00580811792734979,1.36205265500785e-09,26223,10143,0.0868703046943523,"***"
"PFOS","idw__mil_airport__10km","raw","tobit","B_all",0.255637736519636,0.0366735031284266,3.15505513763237e-12,26223,10143,0.0868703046943523,"***"
"PFOS","idw__mil_airport__10km","cov","detect","B_all",0.0270514481685633,0.0057438356585134,2.48144113957182e-06,26223,10143,0.0868703046943523,"***"
"PFOS","idw__mil_airport__10km","cov","tobit","B_all",0.18509356204963,0.0371378415654643,6.22955710902752e-07,26223,10143,0.0868703046943523,"***"
"PFOA","idw__mil_airport__10km","raw","detect","B_all",0.0429847241928654,0.00687411091673614,4.02301360012718e-10,26223,10143,0.0853449262098158,"***"
"PFOA","idw__mil_airport__10km","raw","tobit","B_all",0.256766116567316,0.0342409401311006,6.44024875499024e-14,26223,10143,0.0853449262098158,"***"
"PFOA","idw__mil_airport__10km","cov","detect","B_all",0.024972657819287,0.00621687558099207,5.89650990520436e-05,26223,10143,0.0853449262098158,"***"
"PFOA","idw__mil_airport__10km","cov","tobit","B_all",0.142193676817683,0.0317570091911797,7.5503653035605e-06,26223,10143,0.0853449262098158,"***"
"PFHxS","idw__mil_airport__10km","raw","detect","B_all",0.0394761266428044,0.00561987877010183,2.15029127328554e-12,26222,10143,0.0665471741285943,"***"
"PFHxS","idw__mil_airport__10km","raw","tobit","B_all",0.285020926769438,0.0351293070376117,4.91903323206629e-16,26222,10143,0.0665471741285943,"***"
"PFHxS","idw__mil_airport__10km","cov","detect","B_all",0.0318928198881668,0.00548689428081331,6.15301379014559e-09,26222,10143,0.0665471741285943,"***"
"PFHxS","idw__mil_airport__10km","cov","tobit","B_all",0.213850713281697,0.0350193082663172,1.01743024196835e-09,26222,10143,0.0665471741285943,"***"
"PFBS","idw__mil_airport__10km","raw","detect","B_all",0.0379569374567495,0.00647056756703763,4.46189275103e-09,26223,10143,0.108835754871678,"***"
"PFBS","idw__mil_airport__10km","raw","tobit","B_all",0.163450195696064,0.0282302248181641,7.04280894312368e-09,26223,10143,0.108835754871678,"***"
"PFBS","idw__mil_airport__10km","cov","detect","B_all",0.0257980198097351,0.00619129714717913,3.08878409444127e-05,26223,10143,0.108835754871678,"***"
"PFBS","idw__mil_airport__10km","cov","tobit","B_all",0.0980298051506024,0.0285176315376455,0.000587076759347121,26223,10143,0.108835754871678,"***"
"PFHxA","idw__mil_airport__10km","raw","detect","B_all",0.0774835751895858,0.00767802740851726,6.018098080973e-24,26223,10143,0.112077184151318,"***"
"PFHxA","idw__mil_airport__10km","raw","tobit","B_all",0.337379519638476,0.0275656776103672,1.92114139018303e-34,26223,10143,0.112077184151318,"***"
"PFHxA","idw__mil_airport__10km","cov","detect","B_all",0.0610116679779441,0.00673443121202676,1.30855863533933e-19,26223,10143,0.112077184151318,"***"
"PFHxA","idw__mil_airport__10km","cov","tobit","B_all",0.243467941483528,0.024839425882858,1.10735618138854e-22,26223,10143,0.112077184151318,"***"
"PFPeA","idw__mil_airport__10km","raw","detect","B_all",0.0832167365976297,0.00801735179953646,3.07126461855062e-25,26222,10143,0.130272290443139,"***"
"PFPeA","idw__mil_airport__10km","raw","tobit","B_all",0.392201522102187,0.0319980524190557,1.54017151461544e-34,26222,10143,0.130272290443139,"***"
"PFPeA","idw__mil_airport__10km","cov","detect","B_all",0.0624661144313499,0.0068847745353431,1.15698617048269e-19,26222,10143,0.130272290443139,"***"
"PFPeA","idw__mil_airport__10km","cov","tobit","B_all",0.271701610161207,0.027452517934274,4.28318793648344e-23,26222,10143,0.130272290443139,"***"
"PFBA","idw__mil_airport__10km","raw","detect","B_all",0.0631476198591828,0.00755986792748445,6.65474398053115e-17,26221,10143,0.104191297051981,"***"
"PFBA","idw__mil_airport__10km","raw","tobit","B_all",0.33163451964541,0.043393908591571,2.1317475069808e-14,26221,10143,0.104191297051981,"***"
"PFBA","idw__mil_airport__10km","cov","detect","B_all",0.0533107299271463,0.00654581560978827,3.81653888572533e-16,26221,10143,0.104191297051981,"***"
"PFBA","idw__mil_airport__10km","cov","tobit","B_all",0.265230362229426,0.0317812669731691,7.0917021037321e-17,26221,10143,0.104191297051981,"***"
"PFHpA","idw__mil_airport__10km","raw","detect","B_all",0.020474645687893,0.0039274518647403,1.85596926092174e-07,26223,10143,0.0327193684933074,"***"
"PFHpA","idw__mil_airport__10km","raw","tobit","B_all",0.203034523493927,0.0311399056694616,7.02721995441946e-11,26223,10143,0.0327193684933074,"***"
"PFHpA","idw__mil_airport__10km","cov","detect","B_all",0.0143606642301253,0.00388527330332021,0.000218868987262846,26223,10143,0.0327193684933074,"***"
"PFHpA","idw__mil_airport__10km","cov","tobit","B_all",0.116929929918571,0.0339465130240473,0.000572043960727481,26223,10143,0.0327193684933074,"***"
"PFOS","idw__mil_airport__25km","raw","detect","B_all",0.0199997303628919,0.0024801690092766,7.3923705504262e-16,26223,10143,0.0868703046943523,"***"
"PFOS","idw__mil_airport__25km","raw","tobit","B_all",0.151856095722361,0.0172382040706521,1.25956822461839e-18,26223,10143,0.0868703046943523,"***"
"PFOS","idw__mil_airport__25km","cov","detect","B_all",0.016723469763974,0.00248396767606357,1.66699755622137e-11,26223,10143,0.0868703046943523,"***"
"PFOS","idw__mil_airport__25km","cov","tobit","B_all",0.12351188436362,0.0178687830977638,4.77329673580362e-12,26223,10143,0.0868703046943523,"***"
"PFOA","idw__mil_airport__25km","raw","detect","B_all",0.027875318230676,0.00288996566667563,5.13335467699299e-22,26223,10143,0.0853449262098158,"***"
"PFOA","idw__mil_airport__25km","raw","tobit","B_all",0.172070535994641,0.0155099897614121,1.33890079837311e-28,26223,10143,0.0853449262098158,"***"
"PFOA","idw__mil_airport__25km","cov","detect","B_all",0.0198702109194246,0.00258146483293265,1.39012783641291e-14,26223,10143,0.0853449262098158,"***"
"PFOA","idw__mil_airport__25km","cov","tobit","B_all",0.119999074572724,0.014383658814861,7.25908319339684e-17,26223,10143,0.0853449262098158,"***"
"PFHxS","idw__mil_airport__25km","raw","detect","B_all",0.0169417439291799,0.00236276459915998,7.48306067586083e-13,26222,10143,0.0665471741285943,"***"
"PFHxS","idw__mil_airport__25km","raw","tobit","B_all",0.130907609409867,0.0179133725400411,2.71521613303212e-13,26222,10143,0.0665471741285943,"***"
"PFHxS","idw__mil_airport__25km","cov","detect","B_all",0.0130841006925333,0.00242102340963008,6.50374097040905e-08,26222,10143,0.0665471741285943,"***"
"PFHxS","idw__mil_airport__25km","cov","tobit","B_all",0.0944797970197622,0.0182165944607548,2.14319022463282e-07,26222,10143,0.0665471741285943,"***"
"PFBS","idw__mil_airport__25km","raw","detect","B_all",0.0229182300553976,0.00284400339166245,7.72743760888789e-16,26223,10143,0.108835754871678,"***"
"PFBS","idw__mil_airport__25km","raw","tobit","B_all",0.107807328604598,0.0130812221026845,1.70234921523236e-16,26223,10143,0.108835754871678,"***"
"PFBS","idw__mil_airport__25km","cov","detect","B_all",0.0181307136561211,0.00271354038920599,2.36393672460522e-11,26223,10143,0.108835754871678,"***"
"PFBS","idw__mil_airport__25km","cov","tobit","B_all",0.0813505769196768,0.0134826986255421,1.60246099234711e-09,26223,10143,0.108835754871678,"***"
"PFHxA","idw__mil_airport__25km","raw","detect","B_all",0.0424072500484729,0.00299341398708888,1.46943341446303e-45,26223,10143,0.112077184151318,"***"
"PFHxA","idw__mil_airport__25km","raw","tobit","B_all",0.195547027473357,0.0121099957270229,1.18120500949233e-58,26223,10143,0.112077184151318,"***"
"PFHxA","idw__mil_airport__25km","cov","detect","B_all",0.0354720115685302,0.00273279826681617,1.58660552543718e-38,26223,10143,0.112077184151318,"***"
"PFHxA","idw__mil_airport__25km","cov","tobit","B_all",0.154323433731546,0.0117132650968158,1.2206631773714e-39,26223,10143,0.112077184151318,"***"
"PFPeA","idw__mil_airport__25km","raw","detect","B_all",0.0461560054451759,0.00314673163595861,1.03469643124718e-48,26222,10143,0.130272290443139,"***"
"PFPeA","idw__mil_airport__25km","raw","tobit","B_all",0.228736071971094,0.0141982647460201,2.16523424632489e-58,26222,10143,0.130272290443139,"***"
"PFPeA","idw__mil_airport__25km","cov","detect","B_all",0.0369733422138937,0.00285539322187849,2.39280647146404e-38,26222,10143,0.130272290443139,"***"
"PFPeA","idw__mil_airport__25km","cov","tobit","B_all",0.17442957293498,0.0131028297945663,1.96188237274286e-40,26222,10143,0.130272290443139,"***"
"PFBA","idw__mil_airport__25km","raw","detect","B_all",0.0334706742510259,0.00303512499116611,2.80725652582138e-28,26221,10143,0.104191297051981,"***"
"PFBA","idw__mil_airport__25km","raw","tobit","B_all",0.181320606149414,0.0194986457384006,1.41588302119577e-20,26221,10143,0.104191297051981,"***"
"PFBA","idw__mil_airport__25km","cov","detect","B_all",0.0295723197845193,0.00274346373370442,4.31665068903935e-27,26221,10143,0.104191297051981,"***"
"PFBA","idw__mil_airport__25km","cov","tobit","B_all",0.154986297454217,0.0145088111397593,1.2328890206358e-26,26221,10143,0.104191297051981,"***"
"PFHpA","idw__mil_airport__25km","raw","detect","B_all",0.0107982057317738,0.00175866253048476,8.25162246937004e-10,26223,10143,0.0327193684933074,"***"
"PFHpA","idw__mil_airport__25km","raw","tobit","B_all",0.120401412364372,0.0162823099792821,1.41818653584046e-13,26223,10143,0.0327193684933074,"***"
"PFHpA","idw__mil_airport__25km","cov","detect","B_all",0.00817091174220956,0.00170287733483681,1.60020126797686e-06,26223,10143,0.0327193684933074,"***"
"PFHpA","idw__mil_airport__25km","cov","tobit","B_all",0.0830805179774283,0.0172175117353454,1.397577095102e-06,26223,10143,0.0327193684933074,"***"
"PFOS","idw__mil_milfire__5km","raw","detect","B_all",0.0358481812032808,0.0189453648999717,0.0584660133850708,26223,10143,0.0868703046943523,"*"
"PFOS","idw__mil_milfire__5km","raw","tobit","B_all",0.319893723414609,0.145083498467571,0.0274615393847841,26223,10143,0.0868703046943523,"**"
"PFOS","idw__mil_milfire__5km","cov","detect","B_all",0.0157005144629566,0.0188067989225947,0.403812398485197,26223,10143,0.0868703046943523,""
"PFOS","idw__mil_milfire__5km","cov","tobit","B_all",0.199220623246044,0.146435967203962,0.1736836525598,26223,10143,0.0868703046943523,""
"PFOA","idw__mil_milfire__5km","raw","detect","B_all",0.0301370501992626,0.0196291017668368,0.124704022086525,26223,10143,0.0853449262098158,""
"PFOA","idw__mil_milfire__5km","raw","tobit","B_all",0.214072034047136,0.130150033772306,0.100009067467489,26223,10143,0.0853449262098158,""
"PFOA","idw__mil_milfire__5km","cov","detect","B_all",0.000519674664179394,0.0192983494163215,0.978516800813546,26223,10143,0.0853449262098158,""
"PFOA","idw__mil_milfire__5km","cov","tobit","B_all",0.0699704130127995,0.133311226777224,0.599676958459047,26223,10143,0.0853449262098158,""
"PFHxS","idw__mil_milfire__5km","raw","detect","B_all",0.070274077486633,0.0189873993506852,0.000214675149472766,26222,10143,0.0665471741285943,"***"
"PFHxS","idw__mil_milfire__5km","raw","tobit","B_all",0.631524038307234,0.13536044497095,3.07868797862563e-06,26222,10143,0.0665471741285943,"***"
"PFHxS","idw__mil_milfire__5km","cov","detect","B_all",0.0386710666003831,0.0173599394005418,0.0259069484935624,26222,10143,0.0665471741285943,"**"
"PFHxS","idw__mil_milfire__5km","cov","tobit","B_all",0.328720980230384,0.130406787153044,0.0117109940173953,26222,10143,0.0665471741285943,"**"
"PFBS","idw__mil_milfire__5km","raw","detect","B_all",-0.0164207221047291,0.0188202387553898,0.382933819888664,26223,10143,0.108835754871678,""
"PFBS","idw__mil_milfire__5km","raw","tobit","B_all",-0.131551007617275,0.127400058122047,0.301799552385815,26223,10143,0.108835754871678,""
"PFBS","idw__mil_milfire__5km","cov","detect","B_all",-0.0331677862334982,0.0191813701618378,0.0837792672248995,26223,10143,0.108835754871678,"*"
"PFBS","idw__mil_milfire__5km","cov","tobit","B_all",-0.224986162046542,0.130270017884626,0.0841540970486948,26223,10143,0.108835754871678,"*"
"PFHxA","idw__mil_milfire__5km","raw","detect","B_all",0.0498451144458133,0.0219950145938486,0.023439106222661,26223,10143,0.112077184151318,"**"
"PFHxA","idw__mil_milfire__5km","raw","tobit","B_all",0.293468448478435,0.112435335852006,0.00905134562400514,26223,10143,0.112077184151318,"***"
"PFHxA","idw__mil_milfire__5km","cov","detect","B_all",0.0197115429819285,0.0219579571105481,0.369348305192128,26223,10143,0.112077184151318,""
"PFHxA","idw__mil_milfire__5km","cov","tobit","B_all",0.128436010050722,0.114346623957069,0.261345574013743,26223,10143,0.112077184151318,""
"PFPeA","idw__mil_milfire__5km","raw","detect","B_all",0.0588559329331122,0.0262056919411834,0.0247090218659613,26222,10143,0.130272290443139,"**"
"PFPeA","idw__mil_milfire__5km","raw","tobit","B_all",0.33282714065762,0.137283464441224,0.0153345948726834,26222,10143,0.130272290443139,"**"
"PFPeA","idw__mil_milfire__5km","cov","detect","B_all",0.0205172718685474,0.0229929203453006,0.372216096143318,26222,10143,0.130272290443139,""
"PFPeA","idw__mil_milfire__5km","cov","tobit","B_all",0.0773360008749417,0.12148097989486,0.524378940615988,26222,10143,0.130272290443139,""
"PFBA","idw__mil_milfire__5km","raw","detect","B_all",-0.0345990578501639,0.020220700934728,0.0870679805653065,26221,10143,0.104191297051981,"*"
"PFBA","idw__mil_milfire__5km","raw","tobit","B_all",-0.264126501483831,0.151527139768418,0.0813166740249295,26221,10143,0.104191297051981,"*"
"PFBA","idw__mil_milfire__5km","cov","detect","B_all",-0.0402667964442231,0.0175048014399296,0.0214296071369874,26221,10143,0.104191297051981,"**"
"PFBA","idw__mil_milfire__5km","cov","tobit","B_all",-0.366421910780274,0.127939184063429,0.00418285818812647,26221,10143,0.104191297051981,"***"
"PFHpA","idw__mil_milfire__5km","raw","detect","B_all",0.0331598499850087,0.0141199207832472,0.0188520096292101,26223,10143,0.0327193684933074,"**"
"PFHpA","idw__mil_milfire__5km","raw","tobit","B_all",0.387797634808395,0.138503873512572,0.00511177087433445,26223,10143,0.0327193684933074,"***"
"PFHpA","idw__mil_milfire__5km","cov","detect","B_all",0.0143031291206689,0.0133362369497696,0.283495009300134,26223,10143,0.0327193684933074,""
"PFHpA","idw__mil_milfire__5km","cov","tobit","B_all",0.189564491427527,0.15160196697407,0.211150112328785,26223,10143,0.0327193684933074,""
"PFOS","idw__mil_milfire__10km","raw","detect","B_all",0.0391515506203778,0.0125579044743973,0.00182279467098901,26223,10143,0.0868703046943523,"***"
"PFOS","idw__mil_milfire__10km","raw","tobit","B_all",0.329396828863124,0.0892980104725814,0.000225370493992819,26223,10143,0.0868703046943523,"***"
"PFOS","idw__mil_milfire__10km","cov","detect","B_all",0.0259631626641602,0.0123745628949202,0.035895654148125,26223,10143,0.0868703046943523,"**"
"PFOS","idw__mil_milfire__10km","cov","tobit","B_all",0.257164453744616,0.0921229194896068,0.00524585084390594,26223,10143,0.0868703046943523,"***"
"PFOA","idw__mil_milfire__10km","raw","detect","B_all",0.0363735785362618,0.0128435432623151,0.00462503698439662,26223,10143,0.0853449262098158,"***"
"PFOA","idw__mil_milfire__10km","raw","tobit","B_all",0.250731710450549,0.0799301981304698,0.0017075402868089,26223,10143,0.0853449262098158,"***"
"PFOA","idw__mil_milfire__10km","cov","detect","B_all",0.0150549070125677,0.0122311378414185,0.218372517803492,26223,10143,0.0853449262098158,""
"PFOA","idw__mil_milfire__10km","cov","tobit","B_all",0.148059474657171,0.0869450755501117,0.0885852652712756,26223,10143,0.0853449262098158,"*"
"PFHxS","idw__mil_milfire__10km","raw","detect","B_all",0.044093426377783,0.0108641942172764,4.93676420355567e-05,26222,10143,0.0665471741285943,"***"
"PFHxS","idw__mil_milfire__10km","raw","tobit","B_all",0.397397095763731,0.0817792752514391,1.17750138448483e-06,26222,10143,0.0665471741285943,"***"
"PFHxS","idw__mil_milfire__10km","cov","detect","B_all",0.0232103159331574,0.00998388833369972,0.0200838769415791,26222,10143,0.0665471741285943,"**"
"PFHxS","idw__mil_milfire__10km","cov","tobit","B_all",0.198748155625251,0.0783608400641395,0.0112024358085666,26222,10143,0.0665471741285943,"**"
"PFBS","idw__mil_milfire__10km","raw","detect","B_all",-0.0037194986903309,0.0118659496945205,0.753931327509332,26223,10143,0.108835754871678,""
"PFBS","idw__mil_milfire__10km","raw","tobit","B_all",-0.0411193529398937,0.0778071997408381,0.597167972634722,26223,10143,0.108835754871678,""
"PFBS","idw__mil_milfire__10km","cov","detect","B_all",-0.0180616407111368,0.0122168680220221,0.139295862029963,26223,10143,0.108835754871678,""
"PFBS","idw__mil_milfire__10km","cov","tobit","B_all",-0.127859916305972,0.0854706194431467,0.134666248779659,26223,10143,0.108835754871678,""
"PFHxA","idw__mil_milfire__10km","raw","detect","B_all",0.0380105743926147,0.0137063236736088,0.00555055354223355,26223,10143,0.112077184151318,"***"
"PFHxA","idw__mil_milfire__10km","raw","tobit","B_all",0.217804560367856,0.0708801014235292,0.00212018611972274,26223,10143,0.112077184151318,"***"
"PFHxA","idw__mil_milfire__10km","cov","detect","B_all",0.0141171321981383,0.0129697805220603,0.276390558609805,26223,10143,0.112077184151318,""
"PFHxA","idw__mil_milfire__10km","cov","tobit","B_all",0.0826686798418047,0.0740865400566378,0.264490888569859,26223,10143,0.112077184151318,""
"PFPeA","idw__mil_milfire__10km","raw","detect","B_all",0.0439198737718223,0.015698383276972,0.00514627476705101,26222,10143,0.130272290443139,"***"
"PFPeA","idw__mil_milfire__10km","raw","tobit","B_all",0.241611694699767,0.0828515186035132,0.00354321972431205,26222,10143,0.130272290443139,"***"
"PFPeA","idw__mil_milfire__10km","cov","detect","B_all",0.0140642413758797,0.0135153404319824,0.298055112078326,26222,10143,0.130272290443139,""
"PFPeA","idw__mil_milfire__10km","cov","tobit","B_all",0.0446476748284056,0.0784675299280181,0.569359164371526,26222,10143,0.130272290443139,""
"PFBA","idw__mil_milfire__10km","raw","detect","B_all",-0.0271394529070378,0.0108699498215334,0.0125340351569591,26221,10143,0.104191297051981,"**"
"PFBA","idw__mil_milfire__10km","raw","tobit","B_all",-0.218604561890325,0.0849001492733318,0.0100285573162429,26221,10143,0.104191297051981,"**"
"PFBA","idw__mil_milfire__10km","cov","detect","B_all",-0.0359709901096075,0.0101908584159749,0.000415982191146449,26221,10143,0.104191297051981,"***"
"PFBA","idw__mil_milfire__10km","cov","tobit","B_all",-0.326262090564357,0.0797630721231462,4.30648004730419e-05,26221,10143,0.104191297051981,"***"
"PFHpA","idw__mil_milfire__10km","raw","detect","B_all",0.0240837523351342,0.00902201100503858,0.00759769617672733,26223,10143,0.0327193684933074,"***"
"PFHpA","idw__mil_milfire__10km","raw","tobit","B_all",0.277077394230498,0.0868682828428489,0.00142456678627046,26223,10143,0.0327193684933074,"***"
"PFHpA","idw__mil_milfire__10km","cov","detect","B_all",0.012076191260873,0.00933403173125483,0.195741138306047,26223,10143,0.0327193684933074,""
"PFHpA","idw__mil_milfire__10km","cov","tobit","B_all",0.158550051032707,0.105289579934455,0.132106325632881,26223,10143,0.0327193684933074,""
"PFOS","idw__mil_milfire__25km","raw","detect","B_all",0.0340908345457582,0.00615711381329768,3.0801177503925e-08,26223,10143,0.0868703046943523,"***"
"PFOS","idw__mil_milfire__25km","raw","tobit","B_all",0.260295379951735,0.0403213821271368,1.07849857554671e-10,26223,10143,0.0868703046943523,"***"
"PFOS","idw__mil_milfire__25km","cov","detect","B_all",0.02577443667649,0.00679150106871177,0.000147582997961106,26223,10143,0.0868703046943523,"***"
"PFOS","idw__mil_milfire__25km","cov","tobit","B_all",0.212416016777926,0.0457792122332368,3.48391795075354e-06,26223,10143,0.0868703046943523,"***"
"PFOA","idw__mil_milfire__25km","raw","detect","B_all",0.0455731937461966,0.00661574088437402,5.63440553808027e-12,26223,10143,0.0853449262098158,"***"
"PFOA","idw__mil_milfire__25km","raw","tobit","B_all",0.276673427085149,0.033959668963775,3.72700252348572e-16,26223,10143,0.0853449262098158,"***"
"PFOA","idw__mil_milfire__25km","cov","detect","B_all",0.0318260145003414,0.00668934119828192,1.95791517694053e-06,26223,10143,0.0853449262098158,"***"
"PFOA","idw__mil_milfire__25km","cov","tobit","B_all",0.201252510855941,0.0393012758944141,3.04302246153793e-07,26223,10143,0.0853449262098158,"***"
"PFHxS","idw__mil_milfire__25km","raw","detect","B_all",0.0240313956405208,0.00456343617124726,1.39371612992417e-07,26222,10143,0.0665471741285943,"***"
"PFHxS","idw__mil_milfire__25km","raw","tobit","B_all",0.204583778859795,0.0346849999486751,3.67185992539537e-09,26222,10143,0.0665471741285943,"***"
"PFHxS","idw__mil_milfire__25km","cov","detect","B_all",0.0122001507620972,0.00485653454959585,0.012001155109398,26222,10143,0.0665471741285943,"**"
"PFHxS","idw__mil_milfire__25km","cov","tobit","B_all",0.0965401574516928,0.0394826229477488,0.0144799820074284,26222,10143,0.0665471741285943,"**"
"PFBS","idw__mil_milfire__25km","raw","detect","B_all",0.0111189178095863,0.0061824310385202,0.0721025314468519,26223,10143,0.108835754871678,"*"
"PFBS","idw__mil_milfire__25km","raw","tobit","B_all",0.049010398952969,0.035244826674513,0.164355856011617,26223,10143,0.108835754871678,""
"PFBS","idw__mil_milfire__25km","cov","detect","B_all",-0.000185434669202151,0.00680111350678941,0.978248101602795,26223,10143,0.108835754871678,""
"PFBS","idw__mil_milfire__25km","cov","tobit","B_all",-0.0126236211312327,0.0416065966259975,0.761581754331723,26223,10143,0.108835754871678,""
"PFHxA","idw__mil_milfire__25km","raw","detect","B_all",0.0381294952100185,0.00677292211134063,1.80527106015426e-08,26223,10143,0.112077184151318,"***"
"PFHxA","idw__mil_milfire__25km","raw","tobit","B_all",0.196343046841634,0.0317199894205676,6.02086045134884e-10,26223,10143,0.112077184151318,"***"
"PFHxA","idw__mil_milfire__25km","cov","detect","B_all",0.0223957677558553,0.0067270569324519,0.000870935212076222,26223,10143,0.112077184151318,"***"
"PFHxA","idw__mil_milfire__25km","cov","tobit","B_all",0.112653449966736,0.0350140242030393,0.00129366760516732,26223,10143,0.112077184151318,"***"
"PFPeA","idw__mil_milfire__25km","raw","detect","B_all",0.0426172244365048,0.00741728518552947,9.15612578149314e-09,26222,10143,0.130272290443139,"***"
"PFPeA","idw__mil_milfire__25km","raw","tobit","B_all",0.214970901115504,0.035882926754639,2.08687395894931e-09,26222,10143,0.130272290443139,"***"
"PFPeA","idw__mil_milfire__25km","cov","detect","B_all",0.0228250515506054,0.00691828873262126,0.000969491525855243,26222,10143,0.130272290443139,"***"
"PFPeA","idw__mil_milfire__25km","cov","tobit","B_all",0.0959642510102244,0.0369908486034676,0.00947919966800567,26222,10143,0.130272290443139,"***"
"PFBA","idw__mil_milfire__25km","raw","detect","B_all",-0.0105662037713815,0.00529106289699788,0.0458261856141847,26221,10143,0.104191297051981,"**"
"PFBA","idw__mil_milfire__25km","raw","tobit","B_all",-0.0929380560237151,0.0373267141658617,0.0127795701426246,26221,10143,0.104191297051981,"**"
"PFBA","idw__mil_milfire__25km","cov","detect","B_all",-0.0204575234649841,0.00543864548260365,0.000168890159086916,26221,10143,0.104191297051981,"***"
"PFBA","idw__mil_milfire__25km","cov","tobit","B_all",-0.166127969184678,0.0382356677351964,1.39375377600851e-05,26221,10143,0.104191297051981,"***"
"PFHpA","idw__mil_milfire__25km","raw","detect","B_all",0.0163619842288826,0.00446361821849206,0.00024672797788294,26223,10143,0.0327193684933074,"***"
"PFHpA","idw__mil_milfire__25km","raw","tobit","B_all",0.185999553685342,0.0406561558679211,4.76352008899944e-06,26223,10143,0.0327193684933074,"***"
"PFHpA","idw__mil_milfire__25km","cov","detect","B_all",0.00949788769573198,0.00530331087230317,0.0733036464772308,26223,10143,0.0327193684933074,"*"
"PFHpA","idw__mil_milfire__25km","cov","tobit","B_all",0.120855501446047,0.0530155118176555,0.0226299217740161,26223,10143,0.0327193684933074,"**"
"PFOS","idw__mil_milsusp__5km","raw","detect","B_all",0.100986942713676,0.0641917307754049,0.11567066956202,26223,10143,0.0868703046943523,""
"PFOS","idw__mil_milsusp__5km","raw","tobit","B_all",0.960764636693197,0.42007551813889,0.0221886089986593,26223,10143,0.0868703046943523,"**"
"PFOS","idw__mil_milsusp__5km","cov","detect","B_all",0.0729011099056505,0.050185607720107,0.146326564163263,26223,10143,0.0868703046943523,""
"PFOS","idw__mil_milsusp__5km","cov","tobit","B_all",0.826833062340566,0.345830566853529,0.0168088825361795,26223,10143,0.0868703046943523,"**"
"PFOA","idw__mil_milsusp__5km","raw","detect","B_all",0.0038742679490752,0.0318240031449141,0.903104589817051,26223,10143,0.0853449262098158,""
"PFOA","idw__mil_milsusp__5km","raw","tobit","B_all",0.156406580780311,0.245242242008023,0.523627562685481,26223,10143,0.0853449262098158,""
"PFOA","idw__mil_milsusp__5km","cov","detect","B_all",-0.0435076804732369,0.0297215659416049,0.143237087517532,26223,10143,0.0853449262098158,""
"PFOA","idw__mil_milsusp__5km","cov","tobit","B_all",-0.10032330235611,0.247057777991552,0.684689530832602,26223,10143,0.0853449262098158,""
"PFHxS","idw__mil_milsusp__5km","raw","detect","B_all",0.202052211627913,0.118189845083639,0.0873479252181574,26222,10143,0.0665471741285943,"*"
"PFHxS","idw__mil_milsusp__5km","raw","tobit","B_all",1.45087591267085,0.597398951453411,0.0151549482813778,26222,10143,0.0665471741285943,"**"
"PFHxS","idw__mil_milsusp__5km","cov","detect","B_all",0.162726212529665,0.0874444239538665,0.0627568719359668,26222,10143,0.0665471741285943,"*"
"PFHxS","idw__mil_milsusp__5km","cov","tobit","B_all",1.13828474244505,0.395217627212124,0.00397490178213325,26222,10143,0.0665471741285943,"***"
"PFBS","idw__mil_milsusp__5km","raw","detect","B_all",0.0460907718611012,0.066736497070344,0.489792957295845,26223,10143,0.108835754871678,""
"PFBS","idw__mil_milsusp__5km","raw","tobit","B_all",0.274215007005452,0.350222498217885,0.433642553461153,26223,10143,0.108835754871678,""
"PFBS","idw__mil_milsusp__5km","cov","detect","B_all",0.0173229610996098,0.0525780698459754,0.741799539789144,26223,10143,0.108835754871678,""
"PFBS","idw__mil_milsusp__5km","cov","tobit","B_all",0.0855046480816137,0.304134765145923,0.77860251742073,26223,10143,0.108835754871678,""
"PFHxA","idw__mil_milsusp__5km","raw","detect","B_all",0.0810606872229784,0.0813251855473828,0.318887016475833,26223,10143,0.112077184151318,""
"PFHxA","idw__mil_milsusp__5km","raw","tobit","B_all",0.513914673786157,0.369598779185074,0.164387303823483,26223,10143,0.112077184151318,""
"PFHxA","idw__mil_milsusp__5km","cov","detect","B_all",0.0231360222783606,0.0548974653398561,0.673433356986289,26223,10143,0.112077184151318,""
"PFHxA","idw__mil_milsusp__5km","cov","tobit","B_all",0.208807744903997,0.292919207654757,0.475937973954662,26223,10143,0.112077184151318,""
"PFPeA","idw__mil_milsusp__5km","raw","detect","B_all",0.0893356459043045,0.0927272804069427,0.335335011433084,26222,10143,0.130272290443139,""
"PFPeA","idw__mil_milsusp__5km","raw","tobit","B_all",0.566242838294492,0.448276358916385,0.206533229518349,26222,10143,0.130272290443139,""
"PFPeA","idw__mil_milsusp__5km","cov","detect","B_all",0.0280735745734407,0.0640975396419491,0.661399264315184,26222,10143,0.130272290443139,""
"PFPeA","idw__mil_milsusp__5km","cov","tobit","B_all",0.180159434934842,0.343886293906763,0.600353342515456,26222,10143,0.130272290443139,""
"PFBA","idw__mil_milsusp__5km","raw","detect","B_all",-0.0254945578418907,0.0365296822124584,0.485231300188036,26221,10143,0.104191297051981,""
"PFBA","idw__mil_milsusp__5km","raw","tobit","B_all",-0.083898014030831,0.308022828193862,0.785332954059917,26221,10143,0.104191297051981,""
"PFBA","idw__mil_milsusp__5km","cov","detect","B_all",-0.0292310211293373,0.029854108398447,0.327516280236102,26221,10143,0.104191297051981,""
"PFBA","idw__mil_milsusp__5km","cov","tobit","B_all",-0.231318719479877,0.244176337815784,0.343464078154222,26221,10143,0.104191297051981,""
"PFHpA","idw__mil_milsusp__5km","raw","detect","B_all",0.0632966153712461,0.0434252146773466,0.144950687024932,26223,10143,0.0327193684933074,""
"PFHpA","idw__mil_milsusp__5km","raw","tobit","B_all",0.70821226431816,0.335493786428358,0.0347761854791866,26223,10143,0.0327193684933074,"**"
"PFHpA","idw__mil_milsusp__5km","cov","detect","B_all",0.0350490810348499,0.0283872759136389,0.216951206400789,26223,10143,0.0327193684933074,""
"PFHpA","idw__mil_milsusp__5km","cov","tobit","B_all",0.43371234784338,0.260621456962111,0.0960831085859368,26223,10143,0.0327193684933074,"*"
"PFOS","idw__mil_milsusp__10km","raw","detect","B_all",0.0659516633102112,0.0338426368613857,0.0513223758967719,26223,10143,0.0868703046943523,"*"
"PFOS","idw__mil_milsusp__10km","raw","tobit","B_all",0.610669303127649,0.225451256695228,0.00675568826019198,26223,10143,0.0868703046943523,"***"
"PFOS","idw__mil_milsusp__10km","cov","detect","B_all",0.0503532349320654,0.0264783261650357,0.0572133398650053,26223,10143,0.0868703046943523,"*"
"PFOS","idw__mil_milsusp__10km","cov","tobit","B_all",0.538638917921407,0.182629230285159,0.00318435228238919,26223,10143,0.0868703046943523,"***"
"PFOA","idw__mil_milsusp__10km","raw","detect","B_all",0.0189953142867717,0.0192519608816826,0.323804899004005,26223,10143,0.0853449262098158,""
"PFOA","idw__mil_milsusp__10km","raw","tobit","B_all",0.187040881703515,0.132465621289596,0.157951240536728,26223,10143,0.0853449262098158,""
"PFOA","idw__mil_milsusp__10km","cov","detect","B_all",-0.00932275146466253,0.0157515025072013,0.553941484423926,26223,10143,0.0853449262098158,""
"PFOA","idw__mil_milsusp__10km","cov","tobit","B_all",0.0322091079911484,0.11548987688597,0.780328337786911,26223,10143,0.0853449262098158,""
"PFHxS","idw__mil_milsusp__10km","raw","detect","B_all",0.107657373073688,0.0583965410896805,0.0652476751669829,26222,10143,0.0665471741285943,"*"
"PFHxS","idw__mil_milsusp__10km","raw","tobit","B_all",0.793808916052545,0.319741284804736,0.0130405468951746,26222,10143,0.0665471741285943,"**"
"PFHxS","idw__mil_milsusp__10km","cov","detect","B_all",0.0868237060206836,0.0437137239466847,0.0470123713394208,26222,10143,0.0665471741285943,"**"
"PFHxS","idw__mil_milsusp__10km","cov","tobit","B_all",0.619943424312105,0.211925950400562,0.00344142867715354,26222,10143,0.0665471741285943,"***"
"PFBS","idw__mil_milsusp__10km","raw","detect","B_all",0.0286488514619837,0.0336427205746364,0.39445741887778,26223,10143,0.108835754871678,""
"PFBS","idw__mil_milsusp__10km","raw","tobit","B_all",0.180792812109956,0.177805931824025,0.309249276210736,26223,10143,0.108835754871678,""
"PFBS","idw__mil_milsusp__10km","cov","detect","B_all",0.0144327131508824,0.0260192556129451,0.579104291689204,26223,10143,0.108835754871678,""
"PFBS","idw__mil_milsusp__10km","cov","tobit","B_all",0.0923768199625793,0.1494263841968,0.536437205824666,26223,10143,0.108835754871678,""
"PFHxA","idw__mil_milsusp__10km","raw","detect","B_all",0.0507091787944775,0.0409138280978901,0.215192151940527,26223,10143,0.112077184151318,""
"PFHxA","idw__mil_milsusp__10km","raw","tobit","B_all",0.313517535215391,0.190065541692315,0.0990404784636851,26223,10143,0.112077184151318,"*"
"PFHxA","idw__mil_milsusp__10km","cov","detect","B_all",0.0170234084699045,0.0274445672417054,0.535071246094522,26223,10143,0.112077184151318,""
"PFHxA","idw__mil_milsusp__10km","cov","tobit","B_all",0.133845430340251,0.148648729346288,0.367899853786232,26223,10143,0.112077184151318,""
"PFPeA","idw__mil_milsusp__10km","raw","detect","B_all",0.0572420887294567,0.0462126232657655,0.215468545411339,26222,10143,0.130272290443139,""
"PFPeA","idw__mil_milsusp__10km","raw","tobit","B_all",0.347237191155735,0.226298810221398,0.12492660947659,26222,10143,0.130272290443139,""
"PFPeA","idw__mil_milsusp__10km","cov","detect","B_all",0.0197566205523689,0.0317724748690995,0.534063126736987,26222,10143,0.130272290443139,""
"PFPeA","idw__mil_milsusp__10km","cov","tobit","B_all",0.116376075191779,0.173508018701207,0.50239606650659,26222,10143,0.130272290443139,""
"PFBA","idw__mil_milsusp__10km","raw","detect","B_all",-0.0231802798082684,0.0177631432840115,0.191904774952128,26221,10143,0.104191297051981,""
"PFBA","idw__mil_milsusp__10km","raw","tobit","B_all",-0.137778555880726,0.15894032875685,0.386020299744482,26221,10143,0.104191297051981,""
"PFBA","idw__mil_milsusp__10km","cov","detect","B_all",-0.0264404593427956,0.0156901060683712,0.0919562284727457,26221,10143,0.104191297051981,"*"
"PFBA","idw__mil_milsusp__10km","cov","tobit","B_all",-0.23817537147079,0.139130397030551,0.0869176889558319,26221,10143,0.104191297051981,"*"
"PFHpA","idw__mil_milsusp__10km","raw","detect","B_all",0.0357494794673122,0.0217255248312879,0.0998655252858427,26223,10143,0.0327193684933074,"*"
"PFHpA","idw__mil_milsusp__10km","raw","tobit","B_all",0.407500134901258,0.177470648074962,0.0216670143707261,26223,10143,0.0327193684933074,"**"
"PFHpA","idw__mil_milsusp__10km","cov","detect","B_all",0.0214830479033145,0.0142361202848082,0.131285456665745,26223,10143,0.0327193684933074,""
"PFHpA","idw__mil_milsusp__10km","cov","tobit","B_all",0.262921261234895,0.130615988636614,0.0441216562871268,26223,10143,0.0327193684933074,"**"
"PFOS","idw__mil_milsusp__25km","raw","detect","B_all",0.0401515861266327,0.0151567763552471,0.00807100729453781,26223,10143,0.0868703046943523,"***"
"PFOS","idw__mil_milsusp__25km","raw","tobit","B_all",0.360086864480421,0.108459894031532,0.000900173996720863,26223,10143,0.0868703046943523,"***"
"PFOS","idw__mil_milsusp__25km","cov","detect","B_all",0.0298387183580256,0.0116752135986151,0.0105964661112745,26223,10143,0.0868703046943523,"**"
"PFOS","idw__mil_milsusp__25km","cov","tobit","B_all",0.317210674774514,0.0870092211421828,0.000266651132286922,26223,10143,0.0868703046943523,"***"
"PFOA","idw__mil_milsusp__25km","raw","detect","B_all",0.0315567879043233,0.0119175554866316,0.00809875949589288,26223,10143,0.0853449262098158,"***"
"PFOA","idw__mil_milsusp__25km","raw","tobit","B_all",0.222688672194199,0.0717085605209104,0.00189977887510525,26223,10143,0.0853449262098158,"***"
"PFOA","idw__mil_milsusp__25km","cov","detect","B_all",0.0125571187232203,0.00797278787097235,0.115257086508474,26223,10143,0.0853449262098158,""
"PFOA","idw__mil_milsusp__25km","cov","tobit","B_all",0.123452141685837,0.05223226568905,0.0181021213226543,26223,10143,0.0853449262098158,"**"
"PFHxS","idw__mil_milsusp__25km","raw","detect","B_all",0.0438010884104385,0.0210706413483221,0.0376381843837709,26222,10143,0.0665471741285943,"**"
"PFHxS","idw__mil_milsusp__25km","raw","tobit","B_all",0.360784874093238,0.144416722914089,0.0124818390659437,26222,10143,0.0665471741285943,"**"
"PFHxS","idw__mil_milsusp__25km","cov","detect","B_all",0.0323079209705436,0.0157005208128086,0.0396130719666188,26222,10143,0.0665471741285943,"**"
"PFHxS","idw__mil_milsusp__25km","cov","tobit","B_all",0.266508614873979,0.095965552274671,0.00548415900466319,26222,10143,0.0665471741285943,"***"
"PFBS","idw__mil_milsusp__25km","raw","detect","B_all",0.0200869129915174,0.0141332347493908,0.155243001665978,26223,10143,0.108835754871678,""
"PFBS","idw__mil_milsusp__25km","raw","tobit","B_all",0.128498625334742,0.0776749300585589,0.0980639884771048,26223,10143,0.108835754871678,"*"
"PFBS","idw__mil_milsusp__25km","cov","detect","B_all",0.0118492903524861,0.0106421472485553,0.26552362136898,26223,10143,0.108835754871678,""
"PFBS","idw__mil_milsusp__25km","cov","tobit","B_all",0.0915280037524637,0.0639084417999432,0.152094052928255,26223,10143,0.108835754871678,""
"PFHxA","idw__mil_milsusp__25km","raw","detect","B_all",0.0322700577469482,0.0169363476367985,0.0567316158423043,26223,10143,0.112077184151318,"*"
"PFHxA","idw__mil_milsusp__25km","raw","tobit","B_all",0.193380919540065,0.0845086609351274,0.0221202281810512,26223,10143,0.112077184151318,"**"
"PFHxA","idw__mil_milsusp__25km","cov","detect","B_all",0.0126031219049335,0.0110724431442546,0.25501936709588,26223,10143,0.112077184151318,""
"PFHxA","idw__mil_milsusp__25km","cov","tobit","B_all",0.0951208825532643,0.0641359064873929,0.138044034957107,26223,10143,0.112077184151318,""
"PFPeA","idw__mil_milsusp__25km","raw","detect","B_all",0.0352702942609334,0.0189617603650851,0.0628749316834371,26222,10143,0.130272290443139,"*"
"PFPeA","idw__mil_milsusp__25km","raw","tobit","B_all",0.204550827900626,0.0991435112732948,0.0390956078538081,26222,10143,0.130272290443139,"**"
"PFPeA","idw__mil_milsusp__25km","cov","detect","B_all",0.012641016247193,0.0124290267507877,0.309126789499583,26222,10143,0.130272290443139,""
"PFPeA","idw__mil_milsusp__25km","cov","tobit","B_all",0.0756380671411402,0.0741193984696412,0.307496371274363,26222,10143,0.130272290443139,""
"PFBA","idw__mil_milsusp__25km","raw","detect","B_all",-0.0213820178237013,0.00755071613209945,0.00462887096837778,26221,10143,0.104191297051981,"***"
"PFBA","idw__mil_milsusp__25km","raw","tobit","B_all",-0.169680318248945,0.0725743984654967,0.0193862655930616,26221,10143,0.104191297051981,"**"
"PFBA","idw__mil_milsusp__25km","cov","detect","B_all",-0.0233545651609785,0.0075416336376041,0.00195653824495844,26221,10143,0.104191297051981,"***"
"PFBA","idw__mil_milsusp__25km","cov","tobit","B_all",-0.222551890738072,0.0733764470959572,0.00242123279768752,26221,10143,0.104191297051981,"***"
"PFHpA","idw__mil_milsusp__25km","raw","detect","B_all",0.0182363821959171,0.00853293713367731,0.0325837389152127,26223,10143,0.0327193684933074,"**"
"PFHpA","idw__mil_milsusp__25km","raw","tobit","B_all",0.223754663161943,0.0817337963212393,0.00618887890509392,26223,10143,0.0327193684933074,"***"
"PFHpA","idw__mil_milsusp__25km","cov","detect","B_all",0.0109961894261647,0.00575999673795788,0.0562541268891593,26223,10143,0.0327193684933074,"*"
"PFHpA","idw__mil_milsusp__25km","cov","tobit","B_all",0.153752652726003,0.0608427709361896,0.0115025510812829,26223,10143,0.0327193684933074,"**"
"PFOS","idw__mil_milbase__5km","raw","detect","B_all",0.0193729827556657,0.0149797692762099,0.195915464425283,26223,10143,0.0868703046943523,""
"PFOS","idw__mil_milbase__5km","raw","tobit","B_all",0.193790519597202,0.116410084545817,0.0959680759807763,26223,10143,0.0868703046943523,"*"
"PFOS","idw__mil_milbase__5km","cov","detect","B_all",0.0120976518120736,0.0108222505226451,0.263631099589151,26223,10143,0.0868703046943523,""
"PFOS","idw__mil_milbase__5km","cov","tobit","B_all",0.158109585307243,0.0925261020003973,0.0874860357329869,26223,10143,0.0868703046943523,"*"
"PFOA","idw__mil_milbase__5km","raw","detect","B_all",0.0129169520108531,0.0126680099336268,0.307893895429876,26223,10143,0.0853449262098158,""
"PFOA","idw__mil_milbase__5km","raw","tobit","B_all",0.101666513130292,0.0854477636308474,0.234121494723376,26223,10143,0.0853449262098158,""
"PFOA","idw__mil_milbase__5km","cov","detect","B_all",-2.13884639129848e-05,0.00770854048108211,0.997786156370271,26223,10143,0.0853449262098158,""
"PFOA","idw__mil_milbase__5km","cov","tobit","B_all",0.03351008776285,0.063033684359146,0.594987885801451,26223,10143,0.0853449262098158,""
"PFHxS","idw__mil_milbase__5km","raw","detect","B_all",0.038075639153535,0.0187603724202317,0.0423994529399701,26222,10143,0.0665471741285943,"**"
"PFHxS","idw__mil_milbase__5km","raw","tobit","B_all",0.344063295916427,0.135706142719012,0.0112333308350118,26222,10143,0.0665471741285943,"**"
"PFHxS","idw__mil_milbase__5km","cov","detect","B_all",0.0261750368185055,0.0140559180670886,0.062573839918683,26222,10143,0.0665471741285943,"*"
"PFHxS","idw__mil_milbase__5km","cov","tobit","B_all",0.236302453596446,0.0973066561627863,0.0151643303942247,26222,10143,0.0665471741285943,"**"
"PFBS","idw__mil_milbase__5km","raw","detect","B_all",0.00435587594998899,0.01405574146737,0.756636912491815,26223,10143,0.108835754871678,""
"PFBS","idw__mil_milbase__5km","raw","tobit","B_all",0.0237846617870392,0.0847978604931591,0.779104220883444,26223,10143,0.108835754871678,""
"PFBS","idw__mil_milbase__5km","cov","detect","B_all",-0.00134919142938052,0.0106030726511147,0.898746232461606,26223,10143,0.108835754871678,""
"PFBS","idw__mil_milbase__5km","cov","tobit","B_all",-0.0116369980262347,0.0716929195873793,0.871056026066331,26223,10143,0.108835754871678,""
"PFHxA","idw__mil_milbase__5km","raw","detect","B_all",0.0285830651394345,0.0201322229025817,0.15567553346743,26223,10143,0.112077184151318,""
"PFHxA","idw__mil_milbase__5km","raw","tobit","B_all",0.154760513428289,0.0903533322158252,0.0867425658458105,26223,10143,0.112077184151318,"*"
"PFHxA","idw__mil_milbase__5km","cov","detect","B_all",0.0162571691607458,0.0145735118753996,0.26462397370685,26223,10143,0.112077184151318,""
"PFHxA","idw__mil_milbase__5km","cov","tobit","B_all",0.082363468002104,0.0681921581188325,0.227118675589889,26223,10143,0.112077184151318,""
"PFPeA","idw__mil_milbase__5km","raw","detect","B_all",0.0317091885184235,0.0225933563626757,0.16047553600812,26222,10143,0.130272290443139,""
"PFPeA","idw__mil_milbase__5km","raw","tobit","B_all",0.175332540936964,0.107960179705113,0.104365511261272,26222,10143,0.130272290443139,""
"PFPeA","idw__mil_milbase__5km","cov","detect","B_all",0.0177337289806286,0.0157877803360927,0.261328516395498,26222,10143,0.130272290443139,""
"PFPeA","idw__mil_milbase__5km","cov","tobit","B_all",0.0756521353588839,0.0781105608221448,0.332781572226647,26222,10143,0.130272290443139,""
"PFBA","idw__mil_milbase__5km","raw","detect","B_all",-0.00665938933031975,0.0111069356900195,0.548792611629712,26221,10143,0.104191297051981,""
"PFBA","idw__mil_milbase__5km","raw","tobit","B_all",-0.0352673439297449,0.0822810004730105,0.668199244218981,26221,10143,0.104191297051981,""
"PFBA","idw__mil_milbase__5km","cov","detect","B_all",-0.00523326403193147,0.00800845066623305,0.513454790462358,26221,10143,0.104191297051981,""
"PFBA","idw__mil_milbase__5km","cov","tobit","B_all",-0.0694609585600854,0.061396326084877,0.257906265185983,26221,10143,0.104191297051981,""
"PFHpA","idw__mil_milbase__5km","raw","detect","B_all",0.0112340294598543,0.00823382016495937,0.172449148996385,26223,10143,0.0327193684933074,""
"PFHpA","idw__mil_milbase__5km","raw","tobit","B_all",0.15068673977846,0.0892545134035682,0.0913572133551447,26223,10143,0.0327193684933074,"*"
"PFHpA","idw__mil_milbase__5km","cov","detect","B_all",0.00383846291290679,0.00534009201014331,0.472263606537319,26223,10143,0.0327193684933074,""
"PFHpA","idw__mil_milbase__5km","cov","tobit","B_all",0.0566313258407851,0.071634879329564,0.429203602637347,26223,10143,0.0327193684933074,""
"PFOS","idw__mil_milbase__10km","raw","detect","B_all",0.025158084992221,0.00988788297771654,0.0109486080033909,26223,10143,0.0868703046943523,"**"
"PFOS","idw__mil_milbase__10km","raw","tobit","B_all",0.214934115038006,0.0693170463370499,0.00193037925980445,26223,10143,0.0868703046943523,"***"
"PFOS","idw__mil_milbase__10km","cov","detect","B_all",0.0183207805702949,0.00756882968959448,0.0154967671129153,26223,10143,0.0868703046943523,"**"
"PFOS","idw__mil_milbase__10km","cov","tobit","B_all",0.179558071264517,0.0554527187114356,0.0012035431450351,26223,10143,0.0868703046943523,"***"
"PFOA","idw__mil_milbase__10km","raw","detect","B_all",0.0254396166621115,0.00936820498555671,0.00661703148501223,26223,10143,0.0853449262098158,"***"
"PFOA","idw__mil_milbase__10km","raw","tobit","B_all",0.170570265039844,0.053333355774256,0.00138292592275073,26223,10143,0.0853449262098158,"***"
"PFOA","idw__mil_milbase__10km","cov","detect","B_all",0.0132492484633458,0.00574681828894209,0.0211389868530947,26223,10143,0.0853449262098158,"**"
"PFOA","idw__mil_milbase__10km","cov","tobit","B_all",0.110148327771553,0.0360962942662584,0.00227690840423629,26223,10143,0.0853449262098158,"***"
"PFHxS","idw__mil_milbase__10km","raw","detect","B_all",0.0273882926597568,0.010744446571145,0.0108012167640357,26222,10143,0.0665471741285943,"**"
"PFHxS","idw__mil_milbase__10km","raw","tobit","B_all",0.238940763247013,0.0782036263218184,0.00224785427845774,26222,10143,0.0665471741285943,"***"
"PFHxS","idw__mil_milbase__10km","cov","detect","B_all",0.01847175197044,0.00826663364807121,0.0254505178532076,26222,10143,0.0665471741285943,"**"
"PFHxS","idw__mil_milbase__10km","cov","tobit","B_all",0.161361509982664,0.0560359472191261,0.00398171067479916,26222,10143,0.0665471741285943,"***"
"PFBS","idw__mil_milbase__10km","raw","detect","B_all",0.0101453719179085,0.00851354121666494,0.233388810868042,26223,10143,0.108835754871678,""
"PFBS","idw__mil_milbase__10km","raw","tobit","B_all",0.0612152914980977,0.0480415973330367,0.202587469927589,26223,10143,0.108835754871678,""
"PFBS","idw__mil_milbase__10km","cov","detect","B_all",0.00351114945176347,0.00635196859123338,0.580423956817382,26223,10143,0.108835754871678,""
"PFBS","idw__mil_milbase__10km","cov","tobit","B_all",0.026399590111763,0.0405940541232426,0.515478145784009,26223,10143,0.108835754871678,""
"PFHxA","idw__mil_milbase__10km","raw","detect","B_all",0.02851848762178,0.011804733749799,0.0156984480986863,26223,10143,0.112077184151318,"**"
"PFHxA","idw__mil_milbase__10km","raw","tobit","B_all",0.152995906296901,0.0526838080267051,0.00368380635655401,26223,10143,0.112077184151318,"***"
"PFHxA","idw__mil_milbase__10km","cov","detect","B_all",0.0170441875157388,0.00839403563308887,0.0423045536860274,26223,10143,0.112077184151318,"**"
"PFHxA","idw__mil_milbase__10km","cov","tobit","B_all",0.0905747879966683,0.0385297828435861,0.018734439767313,26223,10143,0.112077184151318,"**"
"PFPeA","idw__mil_milbase__10km","raw","detect","B_all",0.0316317704561647,0.013199825260141,0.0165580059889598,26222,10143,0.130272290443139,"**"
"PFPeA","idw__mil_milbase__10km","raw","tobit","B_all",0.171782044512348,0.0617075629393172,0.00537247269130574,26222,10143,0.130272290443139,"***"
"PFPeA","idw__mil_milbase__10km","cov","detect","B_all",0.0184273961939952,0.0091132288986821,0.043171280771842,26222,10143,0.130272290443139,"**"
"PFPeA","idw__mil_milbase__10km","cov","tobit","B_all",0.090225872894123,0.0436117584377239,0.0385608396530079,26222,10143,0.130272290443139,"**"
"PFBA","idw__mil_milbase__10km","raw","detect","B_all",6.77618280716596e-05,0.00640044635758102,0.991552916246559,26221,10143,0.104191297051981,""
"PFBA","idw__mil_milbase__10km","raw","tobit","B_all",0.0155666735906842,0.0434368697248548,0.720062949466586,26221,10143,0.104191297051981,""
"PFBA","idw__mil_milbase__10km","cov","detect","B_all",-0.00198381665192188,0.0047166522012012,0.674048318504548,26221,10143,0.104191297051981,""
"PFBA","idw__mil_milbase__10km","cov","tobit","B_all",-0.0125705866829239,0.0336514985708481,0.708737604871172,26221,10143,0.104191297051981,""
"PFHpA","idw__mil_milbase__10km","raw","detect","B_all",0.0116016356330981,0.00519819301273122,0.025624260849516,26223,10143,0.0327193684933074,"**"
"PFHpA","idw__mil_milbase__10km","raw","tobit","B_all",0.141875966371124,0.0516033925626595,0.00597129546277632,26223,10143,0.0327193684933074,"***"
"PFHpA","idw__mil_milbase__10km","cov","detect","B_all",0.00572881377428582,0.00359850541503855,0.11138513204844,26223,10143,0.0327193684933074,""
"PFHpA","idw__mil_milbase__10km","cov","tobit","B_all",0.0792383187309056,0.0403653703966297,0.0496430173145217,26223,10143,0.0327193684933074,"**"
"PFOS","idw__mil_milbase__25km","raw","detect","B_all",0.0248974605626715,0.00462817456220293,7.46754716997219e-08,26223,10143,0.0868703046943523,"***"
"PFOS","idw__mil_milbase__25km","raw","tobit","B_all",0.194631910068025,0.031758780600928,8.87426232321996e-10,26223,10143,0.0868703046943523,"***"
"PFOS","idw__mil_milbase__25km","cov","detect","B_all",0.0187325422240284,0.00403874399480122,3.5143984488335e-06,26223,10143,0.0868703046943523,"***"
"PFOS","idw__mil_milbase__25km","cov","tobit","B_all",0.159317796057258,0.0282028282960728,1.61383223186948e-08,26223,10143,0.0868703046943523,"***"
"PFOA","idw__mil_milbase__25km","raw","detect","B_all",0.0352359008415441,0.00526567222911577,2.20706742033388e-11,26223,10143,0.0853449262098158,"***"
"PFOA","idw__mil_milbase__25km","raw","tobit","B_all",0.214646548456194,0.0280658961160868,2.04209811061311e-14,26223,10143,0.0853449262098158,"***"
"PFOA","idw__mil_milbase__25km","cov","detect","B_all",0.0239965295318769,0.00395683696239319,1.32304068455044e-09,26223,10143,0.0853449262098158,"***"
"PFOA","idw__mil_milbase__25km","cov","tobit","B_all",0.155170911635876,0.0207204030025278,6.95072431705376e-14,26223,10143,0.0853449262098158,"***"
"PFHxS","idw__mil_milbase__25km","raw","detect","B_all",0.0167274102558917,0.00414985359634987,5.55770492734807e-05,26222,10143,0.0665471741285943,"***"
"PFHxS","idw__mil_milbase__25km","raw","tobit","B_all",0.147034491000056,0.0330015266973901,8.37429656606102e-06,26222,10143,0.0665471741285943,"***"
"PFHxS","idw__mil_milbase__25km","cov","detect","B_all",0.0100001529068143,0.00346247215946813,0.00387510066000313,26222,10143,0.0665471741285943,"***"
"PFHxS","idw__mil_milbase__25km","cov","tobit","B_all",0.088073741880148,0.0266025898555834,0.000930560762015638,26222,10143,0.0665471741285943,"***"
"PFBS","idw__mil_milbase__25km","raw","detect","B_all",0.0148073420702816,0.00426140246984746,0.000511314515685494,26223,10143,0.108835754871678,"***"
"PFBS","idw__mil_milbase__25km","raw","tobit","B_all",0.0831659294943374,0.0226253734816725,0.000237122402477459,26223,10143,0.108835754871678,"***"
"PFBS","idw__mil_milbase__25km","cov","detect","B_all",0.00835973334143753,0.0035898481957971,0.0198741689385308,26223,10143,0.108835754871678,"**"
"PFBS","idw__mil_milbase__25km","cov","tobit","B_all",0.0535250187312586,0.0210131264609833,0.0108585505221975,26223,10143,0.108835754871678,"**"
"PFHxA","idw__mil_milbase__25km","raw","detect","B_all",0.0291653495608759,0.00540153234750608,6.68423564517917e-08,26223,10143,0.112077184151318,"***"
"PFHxA","idw__mil_milbase__25km","raw","tobit","B_all",0.15303802854677,0.0246614053373216,5.44996885762181e-10,26223,10143,0.112077184151318,"***"
"PFHxA","idw__mil_milbase__25km","cov","detect","B_all",0.0192388785579116,0.00420804108003161,4.83247289665414e-06,26223,10143,0.112077184151318,"***"
"PFHxA","idw__mil_milbase__25km","cov","tobit","B_all",0.103981402836412,0.0198993179605082,1.73802302370912e-07,26223,10143,0.112077184151318,"***"
"PFPeA","idw__mil_milbase__25km","raw","detect","B_all",0.0325352509632603,0.00599187655691994,5.63877234848841e-08,26222,10143,0.130272290443139,"***"
"PFPeA","idw__mil_milbase__25km","raw","tobit","B_all",0.172015688637985,0.0283017745186313,1.21757708429278e-09,26222,10143,0.130272290443139,"***"
"PFPeA","idw__mil_milbase__25km","cov","detect","B_all",0.0206921293576063,0.00449306451908723,4.11775054436996e-06,26222,10143,0.130272290443139,"***"
"PFPeA","idw__mil_milbase__25km","cov","tobit","B_all",0.107799299984518,0.0219330533982862,8.88167120257534e-07,26222,10143,0.130272290443139,"***"
"PFBA","idw__mil_milbase__25km","raw","detect","B_all",0.00389763878547884,0.00333022580225989,0.241846980050089,26221,10143,0.104191297051981,""
"PFBA","idw__mil_milbase__25km","raw","tobit","B_all",0.0350763548296204,0.0208667442259218,0.0927688927615668,26221,10143,0.104191297051981,"*"
"PFBA","idw__mil_milbase__25km","cov","detect","B_all",0.000455741705947139,0.00272381176167572,0.867120139465284,26221,10143,0.104191297051981,""
"PFBA","idw__mil_milbase__25km","cov","tobit","B_all",0.0155974369456971,0.017857021319145,0.382411084405884,26221,10143,0.104191297051981,""
"PFHpA","idw__mil_milbase__25km","raw","detect","B_all",0.0108852266030308,0.00258490832382985,2.54165401361242e-05,26223,10143,0.0327193684933074,"***"
"PFHpA","idw__mil_milbase__25km","raw","tobit","B_all",0.130663991852868,0.0255384276213896,3.11475213541424e-07,26223,10143,0.0327193684933074,"***"
"PFHpA","idw__mil_milbase__25km","cov","detect","B_all",0.00629865036810269,0.00215089297423013,0.00340723954611729,26223,10143,0.0327193684933074,"***"
"PFHpA","idw__mil_milbase__25km","cov","tobit","B_all",0.0854468170353954,0.0229419150198755,0.00019571439305448,26223,10143,0.0327193684933074,"***"
"PFOS","idw__mil_airport.milfire__5km","raw","detect","B_all",0.0482547848059722,0.0107123733570162,6.65031127713337e-06,26223,10143,0.0868703046943523,"***"
"PFOS","idw__mil_airport.milfire__5km","raw","tobit","B_all",0.367022540520357,0.0702483561775296,1.74491995377475e-07,26223,10143,0.0868703046943523,"***"
"PFOS","idw__mil_airport.milfire__5km","cov","detect","B_all",0.0319851425770774,0.0104140183274294,0.00213089954821323,26223,10143,0.0868703046943523,"***"
"PFOS","idw__mil_airport.milfire__5km","cov","tobit","B_all",0.24288028368047,0.0684848900723233,0.000390414576176035,26223,10143,0.0868703046943523,"***"
"PFOA","idw__mil_airport.milfire__5km","raw","detect","B_all",0.0477094164137125,0.0113814881572546,2.76696928185659e-05,26223,10143,0.0853449262098158,"***"
"PFOA","idw__mil_airport.milfire__5km","raw","tobit","B_all",0.295485600830876,0.06119534310527,1.37521474082314e-06,26223,10143,0.0853449262098158,"***"
"PFOA","idw__mil_airport.milfire__5km","cov","detect","B_all",0.016369892794578,0.0104128562356407,0.11593089097152,26223,10143,0.0853449262098158,""
"PFOA","idw__mil_airport.milfire__5km","cov","tobit","B_all",0.108660454492518,0.0568909068178147,0.0561358783534536,26223,10143,0.0853449262098158,"*"
"PFHxS","idw__mil_airport.milfire__5km","raw","detect","B_all",0.065160901715687,0.00985105841536058,3.72534551520524e-11,26222,10143,0.0665471741285943,"***"
"PFHxS","idw__mil_airport.milfire__5km","raw","tobit","B_all",0.49990282106373,0.062848102728026,1.803751212547e-15,26222,10143,0.0665471741285943,"***"
"PFHxS","idw__mil_airport.milfire__5km","cov","detect","B_all",0.0480130347457933,0.00955937460681208,5.09733115528793e-07,26222,10143,0.0665471741285943,"***"
"PFHxS","idw__mil_airport.milfire__5km","cov","tobit","B_all",0.33911447297542,0.0625555808647001,5.92630136367779e-08,26222,10143,0.0665471741285943,"***"
"PFBS","idw__mil_airport.milfire__5km","raw","detect","B_all",0.02849911081087,0.011070687915574,0.0100447363566532,26223,10143,0.108835754871678,"**"
"PFBS","idw__mil_airport.milfire__5km","raw","tobit","B_all",0.118603099399866,0.0564685164094762,0.0356989186022878,26223,10143,0.108835754871678,"**"
"PFBS","idw__mil_airport.milfire__5km","cov","detect","B_all",0.0091058992513161,0.010646179424372,0.392373547077041,26223,10143,0.108835754871678,""
"PFBS","idw__mil_airport.milfire__5km","cov","tobit","B_all",0.0101856610162079,0.0562463766919949,0.856296868630714,26223,10143,0.108835754871678,""
"PFHxA","idw__mil_airport.milfire__5km","raw","detect","B_all",0.0808627308934098,0.013352002763202,1.3935318423596e-09,26223,10143,0.112077184151318,"***"
"PFHxA","idw__mil_airport.milfire__5km","raw","tobit","B_all",0.389931636967749,0.0548479810979412,1.1661934659249e-12,26223,10143,0.112077184151318,"***"
"PFHxA","idw__mil_airport.milfire__5km","cov","detect","B_all",0.0540946201368102,0.0121995941009628,9.24436406570064e-06,26223,10143,0.112077184151318,"***"
"PFHxA","idw__mil_airport.milfire__5km","cov","tobit","B_all",0.237549619479033,0.0494123900936747,1.52836315556506e-06,26223,10143,0.112077184151318,"***"
"PFPeA","idw__mil_airport.milfire__5km","raw","detect","B_all",0.0908314713405902,0.0148627510088048,9.87919171107613e-10,26222,10143,0.130272290443139,"***"
"PFPeA","idw__mil_airport.milfire__5km","raw","tobit","B_all",0.464233621562164,0.0657854724084583,1.70404794650459e-12,26222,10143,0.130272290443139,"***"
"PFPeA","idw__mil_airport.milfire__5km","cov","detect","B_all",0.0575638271732648,0.0129499112639538,8.78454207170719e-06,26222,10143,0.130272290443139,"***"
"PFPeA","idw__mil_airport.milfire__5km","cov","tobit","B_all",0.26301074993522,0.0554730152857643,2.12416565370946e-06,26222,10143,0.130272290443139,"***"
"PFBA","idw__mil_airport.milfire__5km","raw","detect","B_all",0.0418957514397212,0.0122646669777196,0.000635549251238761,26221,10143,0.104191297051981,"***"
"PFBA","idw__mil_airport.milfire__5km","raw","tobit","B_all",0.281715498324398,0.0770505568589698,0.000255939541545424,26221,10143,0.104191297051981,"***"
"PFBA","idw__mil_airport.milfire__5km","cov","detect","B_all",0.0311886814592305,0.0103467812564167,0.00257541896171,26221,10143,0.104191297051981,"***"
"PFBA","idw__mil_airport.milfire__5km","cov","tobit","B_all",0.186055586125954,0.0588669549537862,0.001574382303167,26221,10143,0.104191297051981,"***"
"PFHpA","idw__mil_airport.milfire__5km","raw","detect","B_all",0.0309221479629792,0.00705823043971308,1.18132767093628e-05,26223,10143,0.0327193684933074,"***"
"PFHpA","idw__mil_airport.milfire__5km","raw","tobit","B_all",0.311901297143613,0.0575939941284181,6.11116109689294e-08,26223,10143,0.0327193684933074,"***"
"PFHpA","idw__mil_airport.milfire__5km","cov","detect","B_all",0.0173655129346329,0.00690669951888826,0.011926901116616,26223,10143,0.0327193684933074,"**"
"PFHpA","idw__mil_airport.milfire__5km","cov","tobit","B_all",0.147122926986862,0.0593544047004384,0.0131854912145186,26223,10143,0.0327193684933074,"**"
"PFOS","idw__mil_airport.milfire__10km","raw","detect","B_all",0.0336954862588804,0.00528822503624465,1.86828412881885e-10,26223,10143,0.0868703046943523,"***"
"PFOS","idw__mil_airport.milfire__10km","raw","tobit","B_all",0.255777786299719,0.034658667039321,1.58398531566849e-13,26223,10143,0.0868703046943523,"***"
"PFOS","idw__mil_airport.milfire__10km","cov","detect","B_all",0.026312272916029,0.00527112056429391,5.98254518261684e-07,26223,10143,0.0868703046943523,"***"
"PFOS","idw__mil_airport.milfire__10km","cov","tobit","B_all",0.196312063672282,0.0355401566611564,3.31992537226574e-08,26223,10143,0.0868703046943523,"***"
"PFOA","idw__mil_airport.milfire__10km","raw","detect","B_all",0.039025516140276,0.00596651411220239,6.12084079436307e-11,26223,10143,0.0853449262098158,"***"
"PFOA","idw__mil_airport.milfire__10km","raw","tobit","B_all",0.243132540038971,0.0313998653577661,9.70157750650493e-15,26223,10143,0.0853449262098158,"***"
"PFOA","idw__mil_airport.milfire__10km","cov","detect","B_all",0.0231597318181151,0.00537537584898801,1.64375847625516e-05,26223,10143,0.0853449262098158,"***"
"PFOA","idw__mil_airport.milfire__10km","cov","tobit","B_all",0.145085203263142,0.0301615706232272,1.50728930075213e-06,26223,10143,0.0853449262098158,"***"
"PFHxS","idw__mil_airport.milfire__10km","raw","detect","B_all",0.0366028224617524,0.00474028614381127,1.14834886175153e-14,26222,10143,0.0665471741285943,"***"
"PFHxS","idw__mil_airport.milfire__10km","raw","tobit","B_all",0.282808477914663,0.031213696423303,1.29976751397647e-19,26222,10143,0.0665471741285943,"***"
"PFHxS","idw__mil_airport.milfire__10km","cov","detect","B_all",0.0285334873541957,0.00471016029418918,1.37945150286461e-09,26222,10143,0.0665471741285943,"***"
"PFHxS","idw__mil_airport.milfire__10km","cov","tobit","B_all",0.201965897304342,0.032441162099531,4.79697828346591e-10,26222,10143,0.0665471741285943,"***"
"PFBS","idw__mil_airport.milfire__10km","raw","detect","B_all",0.0270568624469523,0.00570922576580187,2.14619345035681e-06,26223,10143,0.108835754871678,"***"
"PFBS","idw__mil_airport.milfire__10km","raw","tobit","B_all",0.120880784599758,0.0273588719990336,9.94621038946536e-06,26223,10143,0.108835754871678,"***"
"PFBS","idw__mil_airport.milfire__10km","cov","detect","B_all",0.0172113604019298,0.00543854285531557,0.00155242551595921,26223,10143,0.108835754871678,"***"
"PFBS","idw__mil_airport.milfire__10km","cov","tobit","B_all",0.0649016840250076,0.0276527205814217,0.0189238793780698,26223,10143,0.108835754871678,"**"
"PFHxA","idw__mil_airport.milfire__10km","raw","detect","B_all",0.0630715135796934,0.00674150859948668,8.30500995748292e-21,26223,10143,0.112077184151318,"***"
"PFHxA","idw__mil_airport.milfire__10km","raw","tobit","B_all",0.296029804205568,0.0266533141280647,1.16408696166197e-28,26223,10143,0.112077184151318,"***"
"PFHxA","idw__mil_airport.milfire__10km","cov","detect","B_all",0.0488699030408344,0.00597275086185229,2.78839329637848e-16,26223,10143,0.112077184151318,"***"
"PFHxA","idw__mil_airport.milfire__10km","cov","tobit","B_all",0.211805222629771,0.0242277086741417,2.28468336327539e-18,26223,10143,0.112077184151318,"***"
"PFPeA","idw__mil_airport.milfire__10km","raw","detect","B_all",0.0687867410465865,0.0071557780864643,7.0633366046111e-22,26222,10143,0.130272290443139,"***"
"PFPeA","idw__mil_airport.milfire__10km","raw","tobit","B_all",0.343308030946678,0.0306385578611637,3.84929299911316e-29,26222,10143,0.130272290443139,"***"
"PFPeA","idw__mil_airport.milfire__10km","cov","detect","B_all",0.0504272092397517,0.00609529174516555,1.3047503021417e-16,26222,10143,0.130272290443139,"***"
"PFPeA","idw__mil_airport.milfire__10km","cov","tobit","B_all",0.230090644680257,0.0263959099196848,2.85909318542494e-18,26222,10143,0.130272290443139,"***"
"PFBA","idw__mil_airport.milfire__10km","raw","detect","B_all",0.041502172669564,0.00616709502960067,1.70113076042728e-11,26221,10143,0.104191297051981,"***"
"PFBA","idw__mil_airport.milfire__10km","raw","tobit","B_all",0.236322390349214,0.0357945841280981,4.05147288886373e-11,26221,10143,0.104191297051981,"***"
"PFBA","idw__mil_airport.milfire__10km","cov","detect","B_all",0.0343862861471449,0.00533933133008391,1.19327286347285e-10,26221,10143,0.104191297051981,"***"
"PFBA","idw__mil_airport.milfire__10km","cov","tobit","B_all",0.183989575769956,0.0273394004788396,1.69858939715448e-11,26221,10143,0.104191297051981,"***"
"PFHpA","idw__mil_airport.milfire__10km","raw","detect","B_all",0.020098453411034,0.00360765379804577,2.53195055676781e-08,26223,10143,0.0327193684933074,"***"
"PFHpA","idw__mil_airport.milfire__10km","raw","tobit","B_all",0.209790381107609,0.0300388339427213,2.86948873059587e-12,26223,10143,0.0327193684933074,"***"
"PFHpA","idw__mil_airport.milfire__10km","cov","detect","B_all",0.0139708237577379,0.003560736927011,8.72440418571216e-05,26223,10143,0.0327193684933074,"***"
"PFHpA","idw__mil_airport.milfire__10km","cov","tobit","B_all",0.128463483419827,0.0330450230473062,0.000101269916724662,26223,10143,0.0327193684933074,"***"
"PFOS","idw__mil_airport.milfire__25km","raw","detect","B_all",0.0195588583298217,0.00235072508768842,8.77030446951769e-17,26223,10143,0.0868703046943523,"***"
"PFOS","idw__mil_airport.milfire__25km","raw","tobit","B_all",0.152563506847297,0.0167279508333722,7.4934147199944e-20,26223,10143,0.0868703046943523,"***"
"PFOS","idw__mil_airport.milfire__25km","cov","detect","B_all",0.0165396402680803,0.0024476267007262,1.40471091413126e-11,26223,10143,0.0868703046943523,"***"
"PFOS","idw__mil_airport.milfire__25km","cov","tobit","B_all",0.127986816891806,0.0180767156775018,1.43943427627857e-12,26223,10143,0.0868703046943523,"***"
"PFOA","idw__mil_airport.milfire__25km","raw","detect","B_all",0.0262013716232826,0.00265435779326174,5.55644617875744e-23,26223,10143,0.0853449262098158,"***"
"PFOA","idw__mil_airport.milfire__25km","raw","tobit","B_all",0.166885726265692,0.0147770598912342,1.41186988741116e-29,26223,10143,0.0853449262098158,"***"
"PFOA","idw__mil_airport.milfire__25km","cov","detect","B_all",0.018814711481443,0.00245306197914212,1.72146136755677e-14,26223,10143,0.0853449262098158,"***"
"PFOA","idw__mil_airport.milfire__25km","cov","tobit","B_all",0.119552998683246,0.0147165003877173,4.52039693011788e-16,26223,10143,0.0853449262098158,"***"
"PFHxS","idw__mil_airport.milfire__25km","raw","detect","B_all",0.0167577028324508,0.00207268644709582,6.21560994568858e-16,26222,10143,0.0665471741285943,"***"
"PFHxS","idw__mil_airport.milfire__25km","raw","tobit","B_all",0.135019176275162,0.0160168725763995,3.46229924063309e-17,26222,10143,0.0665471741285943,"***"
"PFHxS","idw__mil_airport.milfire__25km","cov","detect","B_all",0.012874576160316,0.00218866327767434,4.04378303523989e-09,26222,10143,0.0665471741285943,"***"
"PFHxS","idw__mil_airport.milfire__25km","cov","tobit","B_all",0.0959626957992857,0.0173863740654626,3.40120940999908e-08,26222,10143,0.0665471741285943,"***"
"PFBS","idw__mil_airport.milfire__25km","raw","detect","B_all",0.018631644711774,0.0026510615298929,2.09523799721793e-12,26223,10143,0.108835754871678,"***"
"PFBS","idw__mil_airport.milfire__25km","raw","tobit","B_all",0.0894422342134047,0.0130079491470411,6.15705826064485e-12,26223,10143,0.108835754871678,"***"
"PFBS","idw__mil_airport.milfire__25km","cov","detect","B_all",0.0144389788645588,0.00257658730158251,2.09562268951355e-08,26223,10143,0.108835754871678,"***"
"PFBS","idw__mil_airport.milfire__25km","cov","tobit","B_all",0.0648600947459569,0.0136537911600034,2.03079004183159e-06,26223,10143,0.108835754871678,"***"
"PFHxA","idw__mil_airport.milfire__25km","raw","detect","B_all",0.0373248386725457,0.0027989331077477,1.44117033621359e-40,26223,10143,0.112077184151318,"***"
"PFHxA","idw__mil_airport.milfire__25km","raw","tobit","B_all",0.181577744596527,0.012021001404038,1.5000823544505e-51,26223,10143,0.112077184151318,"***"
"PFHxA","idw__mil_airport.milfire__25km","cov","detect","B_all",0.0312622493699796,0.00260442138198084,3.40460747490582e-33,26223,10143,0.112077184151318,"***"
"PFHxA","idw__mil_airport.milfire__25km","cov","tobit","B_all",0.143635591186432,0.011854002165386,8.57870876545587e-34,26223,10143,0.112077184151318,"***"
"PFPeA","idw__mil_airport.milfire__25km","raw","detect","B_all",0.040892261890992,0.00296123731632938,2.24368132744773e-43,26222,10143,0.130272290443139,"***"
"PFPeA","idw__mil_airport.milfire__25km","raw","tobit","B_all",0.211397897733311,0.01388309146006,2.3407253630869e-52,26222,10143,0.130272290443139,"***"
"PFPeA","idw__mil_airport.milfire__25km","cov","detect","B_all",0.0326532458256084,0.00269802287885155,1.02247131907225e-33,26222,10143,0.130272290443139,"***"
"PFPeA","idw__mil_airport.milfire__25km","cov","tobit","B_all",0.159782619507827,0.0130377864986431,1.57271437175222e-34,26222,10143,0.130272290443139,"***"
"PFBA","idw__mil_airport.milfire__25km","raw","detect","B_all",0.025125562247182,0.00270559422521443,1.59411216863035e-20,26221,10143,0.104191297051981,"***"
"PFBA","idw__mil_airport.milfire__25km","raw","tobit","B_all",0.144987758373738,0.0173444894039531,6.30924693305405e-17,26221,10143,0.104191297051981,"***"
"PFBA","idw__mil_airport.milfire__25km","cov","detect","B_all",0.0222549022346408,0.00245082141645127,1.07988770520906e-19,26221,10143,0.104191297051981,"***"
"PFBA","idw__mil_airport.milfire__25km","cov","tobit","B_all",0.124591307334064,0.0133883783785327,1.32825208669372e-20,26221,10143,0.104191297051981,"***"
"PFHpA","idw__mil_airport.milfire__25km","raw","detect","B_all",0.0103711936039464,0.00167202565861761,5.54772557361697e-10,26223,10143,0.0327193684933074,"***"
"PFHpA","idw__mil_airport.milfire__25km","raw","tobit","B_all",0.119666753425223,0.0161246243910146,1.15917724166159e-13,26223,10143,0.0327193684933074,"***"
"PFHpA","idw__mil_airport.milfire__25km","cov","detect","B_all",0.00769776828911045,0.00170251179860542,6.14266189325967e-06,26223,10143,0.0327193684933074,"***"
"PFHpA","idw__mil_airport.milfire__25km","cov","tobit","B_all",0.0830522103142118,0.0181067733698733,4.50084068208014e-06,26223,10143,0.0327193684933074,"***"
"PFOS","idw__mil_airport.milsusp__5km","raw","detect","B_all",0.0541152860260826,0.0130258980585433,3.26088001770776e-05,26223,10143,0.0868703046943523,"***"
"PFOS","idw__mil_airport.milsusp__5km","raw","tobit","B_all",0.408328027074144,0.083585954128064,1.03362046019115e-06,26223,10143,0.0868703046943523,"***"
"PFOS","idw__mil_airport.milsusp__5km","cov","detect","B_all",0.0365739561343527,0.0126198672341489,0.0037540061513267,26223,10143,0.0868703046943523,"***"
"PFOS","idw__mil_airport.milsusp__5km","cov","tobit","B_all",0.275200936993311,0.079941517460416,0.000576303541225301,26223,10143,0.0868703046943523,"***"
"PFOA","idw__mil_airport.milsusp__5km","raw","detect","B_all",0.046322188293168,0.0130335153697405,0.000379300275420365,26223,10143,0.0853449262098158,"***"
"PFOA","idw__mil_airport.milsusp__5km","raw","tobit","B_all",0.28752397025909,0.0687776020195289,2.90883598215442e-05,26223,10143,0.0853449262098158,"***"
"PFOA","idw__mil_airport.milsusp__5km","cov","detect","B_all",0.0104933726883319,0.0122133211657264,0.390244313767592,26223,10143,0.0853449262098158,""
"PFOA","idw__mil_airport.milsusp__5km","cov","tobit","B_all",0.0745652525483262,0.0652776975534926,0.25333864367238,26223,10143,0.0853449262098158,""
"PFHxS","idw__mil_airport.milsusp__5km","raw","detect","B_all",0.0781437399645464,0.013705531966454,1.1867390391139e-08,26222,10143,0.0665471741285943,"***"
"PFHxS","idw__mil_airport.milsusp__5km","raw","tobit","B_all",0.564603837054301,0.0851979397582795,3.42656870495991e-11,26222,10143,0.0665471741285943,"***"
"PFHxS","idw__mil_airport.milsusp__5km","cov","detect","B_all",0.0622973604183429,0.0127405692011015,1.00997855494521e-06,26222,10143,0.0665471741285943,"***"
"PFHxS","idw__mil_airport.milsusp__5km","cov","tobit","B_all",0.423755061866092,0.072876829493935,6.07518839230053e-09,26222,10143,0.0665471741285943,"***"
"PFBS","idw__mil_airport.milsusp__5km","raw","detect","B_all",0.04248369056261,0.0134089847219475,0.00153333039588058,26223,10143,0.108835754871678,"***"
"PFBS","idw__mil_airport.milsusp__5km","raw","tobit","B_all",0.183793337922644,0.0632180839018331,0.00364574398391408,26223,10143,0.108835754871678,"***"
"PFBS","idw__mil_airport.milsusp__5km","cov","detect","B_all",0.0189739024702502,0.0128368185107012,0.139385162279834,26223,10143,0.108835754871678,""
"PFBS","idw__mil_airport.milsusp__5km","cov","tobit","B_all",0.0558129679440234,0.0625910282296685,0.372549058896371,26223,10143,0.108835754871678,""
"PFHxA","idw__mil_airport.milsusp__5km","raw","detect","B_all",0.092442082953256,0.0163238011218382,1.48728059849308e-08,26223,10143,0.112077184151318,"***"
"PFHxA","idw__mil_airport.milsusp__5km","raw","tobit","B_all",0.425795465751854,0.0629713930805939,1.36355012490713e-11,26223,10143,0.112077184151318,"***"
"PFHxA","idw__mil_airport.milsusp__5km","cov","detect","B_all",0.0620457566698042,0.0145568705042472,2.02333092928576e-05,26223,10143,0.112077184151318,"***"
"PFHxA","idw__mil_airport.milsusp__5km","cov","tobit","B_all",0.25719095982202,0.0553531912045682,3.37840080154546e-06,26223,10143,0.112077184151318,"***"
"PFPeA","idw__mil_airport.milsusp__5km","raw","detect","B_all",0.100663352433069,0.0180488722079821,2.44328806665063e-08,26222,10143,0.130272290443139,"***"
"PFPeA","idw__mil_airport.milsusp__5km","raw","tobit","B_all",0.502420383754834,0.0771841986340169,7.54674349130992e-11,26222,10143,0.130272290443139,"***"
"PFPeA","idw__mil_airport.milsusp__5km","cov","detect","B_all",0.0640863375168291,0.0156488406101751,4.21663871735315e-05,26222,10143,0.130272290443139,"***"
"PFPeA","idw__mil_airport.milsusp__5km","cov","tobit","B_all",0.292766992453531,0.0630639179337833,3.44410185310665e-06,26222,10143,0.130272290443139,"***"
"PFBA","idw__mil_airport.milsusp__5km","raw","detect","B_all",0.0604499392255394,0.0152017689357274,6.99349675099556e-05,26221,10143,0.104191297051981,"***"
"PFBA","idw__mil_airport.milsusp__5km","raw","tobit","B_all",0.392140333620534,0.0949220786152124,3.60903504037272e-05,26221,10143,0.104191297051981,"***"
"PFBA","idw__mil_airport.milsusp__5km","cov","detect","B_all",0.0487822828239492,0.0123094200487147,7.40124924537976e-05,26221,10143,0.104191297051981,"***"
"PFBA","idw__mil_airport.milsusp__5km","cov","tobit","B_all",0.292105383511823,0.0671079369614316,1.34428445141516e-05,26221,10143,0.104191297051981,"***"
"PFHpA","idw__mil_airport.milsusp__5km","raw","detect","B_all",0.0312201077337915,0.00816257700315997,0.000130885890096449,26223,10143,0.0327193684933074,"***"
"PFHpA","idw__mil_airport.milsusp__5km","raw","tobit","B_all",0.304780430499769,0.0649468879243248,2.69538104376627e-06,26223,10143,0.0327193684933074,"***"
"PFHpA","idw__mil_airport.milsusp__5km","cov","detect","B_all",0.017356398924185,0.00818796453385032,0.0340275347661361,26223,10143,0.0327193684933074,"**"
"PFHpA","idw__mil_airport.milsusp__5km","cov","tobit","B_all",0.132080057998394,0.0681376690733647,0.0525708617749346,26223,10143,0.0327193684933074,"*"
"PFOS","idw__mil_airport.milsusp__10km","raw","detect","B_all",0.0345498778816564,0.00571820513517752,1.52135868189008e-09,26223,10143,0.0868703046943523,"***"
"PFOS","idw__mil_airport.milsusp__10km","raw","tobit","B_all",0.262315341606687,0.0373822902689178,2.26517346704727e-12,26223,10143,0.0868703046943523,"***"
"PFOS","idw__mil_airport.milsusp__10km","cov","detect","B_all",0.0267408550960054,0.00557580487977882,1.61967439784402e-06,26223,10143,0.0868703046943523,"***"
"PFOS","idw__mil_airport.milsusp__10km","cov","tobit","B_all",0.197696957972022,0.0370156864590329,9.24879456039803e-08,26223,10143,0.0868703046943523,"***"
"PFOA","idw__mil_airport.milsusp__10km","raw","detect","B_all",0.0390032500972839,0.00643182670062098,1.32693321178606e-09,26223,10143,0.0853449262098158,"***"
"PFOA","idw__mil_airport.milsusp__10km","raw","tobit","B_all",0.241219777621296,0.0330261846680136,2.79555035214946e-13,26223,10143,0.0853449262098158,"***"
"PFOA","idw__mil_airport.milsusp__10km","cov","detect","B_all",0.0217137893807351,0.00574639219499354,0.000157660534138771,26223,10143,0.0853449262098158,"***"
"PFOA","idw__mil_airport.milsusp__10km","cov","tobit","B_all",0.132803169893596,0.0303853210923597,1.23885320254998e-05,26223,10143,0.0853449262098158,"***"
"PFHxS","idw__mil_airport.milsusp__10km","raw","detect","B_all",0.0411797386430376,0.0056743573469944,3.95291990604191e-13,26222,10143,0.0665471741285943,"***"
"PFHxS","idw__mil_airport.milsusp__10km","raw","tobit","B_all",0.306262028680281,0.0357867177114197,1.14861887571793e-17,26222,10143,0.0665471741285943,"***"
"PFHxS","idw__mil_airport.milsusp__10km","cov","detect","B_all",0.0336279480569395,0.00548520905720492,8.75156250360759e-10,26222,10143,0.0665471741285943,"***"
"PFHxS","idw__mil_airport.milsusp__10km","cov","tobit","B_all",0.232384641363781,0.0343497320154703,1.33076076163653e-11,26222,10143,0.0665471741285943,"***"
"PFBS","idw__mil_airport.milsusp__10km","raw","detect","B_all",0.0344263521637098,0.00622850400784622,3.2533290614721e-08,26223,10143,0.108835754871678,"***"
"PFBS","idw__mil_airport.milsusp__10km","raw","tobit","B_all",0.153691050034687,0.0280041521721765,4.06159982634363e-08,26223,10143,0.108835754871678,"***"
"PFBS","idw__mil_airport.milsusp__10km","cov","detect","B_all",0.0231737983716868,0.00588268536291302,8.17118240265658e-05,26223,10143,0.108835754871678,"***"
"PFBS","idw__mil_airport.milsusp__10km","cov","tobit","B_all",0.092129049372694,0.0278881527899347,0.000954794165636586,26223,10143,0.108835754871678,"***"
"PFHxA","idw__mil_airport.milsusp__10km","raw","detect","B_all",0.0709844697357763,0.00745560577756935,1.71598638479667e-21,26223,10143,0.112077184151318,"***"
"PFHxA","idw__mil_airport.milsusp__10km","raw","tobit","B_all",0.320224899981126,0.0275035306921985,2.48959592045322e-31,26223,10143,0.112077184151318,"***"
"PFHxA","idw__mil_airport.milsusp__10km","cov","detect","B_all",0.0550753131060003,0.00646238707977588,1.56225134792841e-17,26223,10143,0.112077184151318,"***"
"PFHxA","idw__mil_airport.milsusp__10km","cov","tobit","B_all",0.228903880795815,0.024471364710398,8.44355096476616e-21,26223,10143,0.112077184151318,"***"
"PFPeA","idw__mil_airport.milsusp__10km","raw","detect","B_all",0.0763967166149707,0.00785733723080622,2.40638799993158e-22,26222,10143,0.130272290443139,"***"
"PFPeA","idw__mil_airport.milsusp__10km","raw","tobit","B_all",0.371674382592156,0.0320555649124609,4.38443159059584e-31,26222,10143,0.130272290443139,"***"
"PFPeA","idw__mil_airport.milsusp__10km","cov","detect","B_all",0.0564600425126423,0.00661014456319915,1.32578632799897e-17,26222,10143,0.130272290443139,"***"
"PFPeA","idw__mil_airport.milsusp__10km","cov","tobit","B_all",0.253679043815091,0.0269277365869091,4.47945523320579e-21,26222,10143,0.130272290443139,"***"
"PFBA","idw__mil_airport.milsusp__10km","raw","detect","B_all",0.0546223789278664,0.00712066580315855,1.70706982790418e-14,26221,10143,0.104191297051981,"***"
"PFBA","idw__mil_airport.milsusp__10km","raw","tobit","B_all",0.298483836111347,0.0412086261104678,4.38101080387026e-13,26221,10143,0.104191297051981,"***"
"PFBA","idw__mil_airport.milsusp__10km","cov","detect","B_all",0.0462132316849745,0.00606773925352143,2.61214120515094e-14,26221,10143,0.104191297051981,"***"
"PFBA","idw__mil_airport.milsusp__10km","cov","tobit","B_all",0.239804303684591,0.0298454747125289,9.36834399300073e-16,26221,10143,0.104191297051981,"***"
"PFHpA","idw__mil_airport.milsusp__10km","raw","detect","B_all",0.0203402546913391,0.00371089513399632,4.22388627501213e-08,26223,10143,0.0327193684933074,"***"
"PFHpA","idw__mil_airport.milsusp__10km","raw","tobit","B_all",0.208345684797312,0.0301757945982809,5.04168973597054e-12,26223,10143,0.0327193684933074,"***"
"PFHpA","idw__mil_airport.milsusp__10km","cov","detect","B_all",0.0142964261800645,0.00363100336198621,8.23963157304122e-05,26223,10143,0.0327193684933074,"***"
"PFHpA","idw__mil_airport.milsusp__10km","cov","tobit","B_all",0.123731529628689,0.0324098891956797,0.000134696601095607,26223,10143,0.0327193684933074,"***"
"PFOS","idw__mil_airport.milsusp__25km","raw","detect","B_all",0.0194074965601547,0.0023886419680545,4.47701363822753e-16,26223,10143,0.0868703046943523,"***"
"PFOS","idw__mil_airport.milsusp__25km","raw","tobit","B_all",0.15154141473667,0.0168700122623644,2.63753236085205e-19,26223,10143,0.0868703046943523,"***"
"PFOS","idw__mil_airport.milsusp__25km","cov","detect","B_all",0.0163132811077722,0.00238465038108728,7.86680820210157e-12,26223,10143,0.0868703046943523,"***"
"PFOS","idw__mil_airport.milsusp__25km","cov","tobit","B_all",0.126020241380489,0.0173274117336051,3.51894620708174e-13,26223,10143,0.0868703046943523,"***"
"PFOA","idw__mil_airport.milsusp__25km","raw","detect","B_all",0.0259061450130944,0.0027652700754539,7.36431524187525e-21,26223,10143,0.0853449262098158,"***"
"PFOA","idw__mil_airport.milsusp__25km","raw","tobit","B_all",0.163821197282992,0.015189492069247,4.04511221416205e-27,26223,10143,0.0853449262098158,"***"
"PFOA","idw__mil_airport.milsusp__25km","cov","detect","B_all",0.0182445074023581,0.00244955803564067,9.47074550398759e-14,26223,10143,0.0853449262098158,"***"
"PFOA","idw__mil_airport.milsusp__25km","cov","tobit","B_all",0.114621227457792,0.0139606942091265,2.20670783483248e-16,26223,10143,0.0853449262098158,"***"
"PFHxS","idw__mil_airport.milsusp__25km","raw","detect","B_all",0.0172578198541182,0.00210250766002148,2.24514339030208e-16,26222,10143,0.0665471741285943,"***"
"PFHxS","idw__mil_airport.milsusp__25km","raw","tobit","B_all",0.136816772689405,0.0150188742033711,8.26438368275326e-20,26222,10143,0.0665471741285943,"***"
"PFHxS","idw__mil_airport.milsusp__25km","cov","detect","B_all",0.0135294887738171,0.00218596905946052,6.04546923633019e-10,26222,10143,0.0665471741285943,"***"
"PFHxS","idw__mil_airport.milsusp__25km","cov","tobit","B_all",0.100403545852371,0.0166799495007683,1.7504805391695e-09,26222,10143,0.0665471741285943,"***"
"PFBS","idw__mil_airport.milsusp__25km","raw","detect","B_all",0.0210751115608565,0.00270988271955813,7.41880638923732e-15,26223,10143,0.108835754871678,"***"
"PFBS","idw__mil_airport.milsusp__25km","raw","tobit","B_all",0.101830285664628,0.0126931084802113,1.03626174505975e-15,26223,10143,0.108835754871678,"***"
"PFBS","idw__mil_airport.milsusp__25km","cov","detect","B_all",0.0166562988580456,0.00256817495218602,8.83466317131224e-11,26223,10143,0.108835754871678,"***"
"PFBS","idw__mil_airport.milsusp__25km","cov","tobit","B_all",0.0774840075146187,0.0130060579780431,2.56075472774736e-09,26223,10143,0.108835754871678,"***"
"PFHxA","idw__mil_airport.milsusp__25km","raw","detect","B_all",0.0393891098831453,0.00289872846201463,4.69164009832409e-42,26223,10143,0.112077184151318,"***"
"PFHxA","idw__mil_airport.milsusp__25km","raw","tobit","B_all",0.18668292948147,0.0117227531882998,4.26125169821094e-57,26223,10143,0.112077184151318,"***"
"PFHxA","idw__mil_airport.milsusp__25km","cov","detect","B_all",0.0327384241415117,0.00262974870875882,1.41148610360998e-35,26223,10143,0.112077184151318,"***"
"PFHxA","idw__mil_airport.milsusp__25km","cov","tobit","B_all",0.147010005056359,0.0112771522512847,7.62662400213284e-39,26223,10143,0.112077184151318,"***"
"PFPeA","idw__mil_airport.milsusp__25km","raw","detect","B_all",0.0429577064921923,0.00306125047658123,9.82913498641543e-45,26222,10143,0.130272290443139,"***"
"PFPeA","idw__mil_airport.milsusp__25km","raw","tobit","B_all",0.218171585832969,0.0136879619327718,3.40080640777022e-57,26222,10143,0.130272290443139,"***"
"PFPeA","idw__mil_airport.milsusp__25km","cov","detect","B_all",0.0341594504308335,0.00272217791259237,4.04734063348861e-36,26222,10143,0.130272290443139,"***"
"PFPeA","idw__mil_airport.milsusp__25km","cov","tobit","B_all",0.165553765337041,0.0125223112951567,6.66377113145445e-40,26222,10143,0.130272290443139,"***"
"PFBA","idw__mil_airport.milsusp__25km","raw","detect","B_all",0.0298701599125977,0.0029304828705676,2.13273741648914e-24,26221,10143,0.104191297051981,"***"
"PFBA","idw__mil_airport.milsusp__25km","raw","tobit","B_all",0.166797636241981,0.0187636909680879,6.14491502504479e-19,26221,10143,0.104191297051981,"***"
"PFBA","idw__mil_airport.milsusp__25km","cov","detect","B_all",0.0264750457036068,0.00261071790234897,3.63709265891225e-24,26221,10143,0.104191297051981,"***"
"PFBA","idw__mil_airport.milsusp__25km","cov","tobit","B_all",0.143996760891781,0.0139355175598484,4.99332033408439e-25,26221,10143,0.104191297051981,"***"
"PFHpA","idw__mil_airport.milsusp__25km","raw","detect","B_all",0.0104550332389858,0.00163395447498292,1.56800406367328e-10,26223,10143,0.0327193684933074,"***"
"PFHpA","idw__mil_airport.milsusp__25km","raw","tobit","B_all",0.11951928549185,0.0153019742930962,5.68666684650459e-15,26223,10143,0.0327193684933074,"***"
"PFHpA","idw__mil_airport.milsusp__25km","cov","detect","B_all",0.00792834231906992,0.00158995691687691,6.14784748210288e-07,26223,10143,0.0327193684933074,"***"
"PFHpA","idw__mil_airport.milsusp__25km","cov","tobit","B_all",0.0836064119705664,0.0163627431647763,3.22910560504931e-07,26223,10143,0.0327193684933074,"***"
"PFOS","idw__mil_airport.milbase__5km","raw","detect","B_all",0.0336523176157126,0.0123467400595335,0.00641840544998924,26223,10143,0.0868703046943523,"***"
"PFOS","idw__mil_airport.milbase__5km","raw","tobit","B_all",0.272079176349967,0.0843298207823221,0.00125371313489319,26223,10143,0.0868703046943523,"***"
"PFOS","idw__mil_airport.milbase__5km","cov","detect","B_all",0.0235050391083792,0.00956101065564074,0.0139547454024246,26223,10143,0.0868703046943523,"**"
"PFOS","idw__mil_airport.milbase__5km","cov","tobit","B_all",0.201962227332467,0.0661994445664306,0.00228221503785037,26223,10143,0.0868703046943523,"***"
"PFOA","idw__mil_airport.milbase__5km","raw","detect","B_all",0.0294598321689054,0.0115929148935454,0.0110474972773053,26223,10143,0.0853449262098158,"**"
"PFOA","idw__mil_airport.milbase__5km","raw","tobit","B_all",0.193266813212445,0.065874073782295,0.00334750564261432,26223,10143,0.0853449262098158,"***"
"PFOA","idw__mil_airport.milbase__5km","cov","detect","B_all",0.00896522375614985,0.00718984172885899,0.212423450664756,26223,10143,0.0853449262098158,""
"PFOA","idw__mil_airport.milbase__5km","cov","tobit","B_all",0.0749178682081559,0.045121592632891,0.0968430293043092,26223,10143,0.0853449262098158,"*"
"PFHxS","idw__mil_airport.milbase__5km","raw","detect","B_all",0.0490476076040889,0.0134209465669791,0.000257626920140722,26222,10143,0.0665471741285943,"***"
"PFHxS","idw__mil_airport.milbase__5km","raw","tobit","B_all",0.384036934532399,0.092420599596001,3.24836146931548e-05,26222,10143,0.0665471741285943,"***"
"PFHxS","idw__mil_airport.milbase__5km","cov","detect","B_all",0.0378790317256584,0.0111907033922273,0.000712130029577922,26222,10143,0.0665471741285943,"***"
"PFHxS","idw__mil_airport.milbase__5km","cov","tobit","B_all",0.283111701513184,0.0711367098770678,6.89658335200017e-05,26222,10143,0.0665471741285943,"***"
"PFBS","idw__mil_airport.milbase__5km","raw","detect","B_all",0.0215507087668383,0.01171873765473,0.0659158108730172,26223,10143,0.108835754871678,"*"
"PFBS","idw__mil_airport.milbase__5km","raw","tobit","B_all",0.103679064560742,0.0588776296459606,0.0782511710187283,26223,10143,0.108835754871678,"*"
"PFBS","idw__mil_airport.milbase__5km","cov","detect","B_all",0.00960028480880235,0.00859397817334658,0.263953968748725,26223,10143,0.108835754871678,""
"PFBS","idw__mil_airport.milbase__5km","cov","tobit","B_all",0.037410280216435,0.0482203435960159,0.437855600948017,26223,10143,0.108835754871678,""
"PFHxA","idw__mil_airport.milbase__5km","raw","detect","B_all",0.052564544680946,0.0168668464688838,0.00183047833877978,26223,10143,0.112077184151318,"***"
"PFHxA","idw__mil_airport.milbase__5km","raw","tobit","B_all",0.260810548898269,0.0713694972271634,0.000257814261484578,26223,10143,0.112077184151318,"***"
"PFHxA","idw__mil_airport.milbase__5km","cov","detect","B_all",0.0351718432784457,0.0122164058633861,0.00398854385786021,26223,10143,0.112077184151318,"***"
"PFHxA","idw__mil_airport.milbase__5km","cov","tobit","B_all",0.163851944933741,0.0494787976735305,0.000927777596521861,26223,10143,0.112077184151318,"***"
"PFPeA","idw__mil_airport.milbase__5km","raw","detect","B_all",0.0579392657107762,0.0187336574938459,0.00198284495292388,26222,10143,0.130272290443139,"***"
"PFPeA","idw__mil_airport.milbase__5km","raw","tobit","B_all",0.304520056814318,0.0845843173459409,0.000317978326967333,26222,10143,0.130272290443139,"***"
"PFPeA","idw__mil_airport.milbase__5km","cov","detect","B_all",0.0373696025619396,0.0131569134497429,0.00450708966157092,26222,10143,0.130272290443139,"***"
"PFPeA","idw__mil_airport.milbase__5km","cov","tobit","B_all",0.180049050834164,0.0569998443122098,0.00158439786809688,26222,10143,0.130272290443139,"***"
"PFBA","idw__mil_airport.milbase__5km","raw","detect","B_all",0.0257563832446177,0.012182451329751,0.034496474469657,26221,10143,0.104191297051981,"**"
"PFBA","idw__mil_airport.milbase__5km","raw","tobit","B_all",0.187069440271172,0.0733098007227904,0.0107178545228089,26221,10143,0.104191297051981,"**"
"PFBA","idw__mil_airport.milbase__5km","cov","detect","B_all",0.0225267117671036,0.00863205959252435,0.00906331377376226,26221,10143,0.104191297051981,"***"
"PFBA","idw__mil_airport.milbase__5km","cov","tobit","B_all",0.149570732405954,0.0483324163908909,0.0019706148769819,26221,10143,0.104191297051981,"***"
"PFHpA","idw__mil_airport.milbase__5km","raw","detect","B_all",0.0189753360898711,0.00674317886630401,0.0048928534050503,26223,10143,0.0327193684933074,"***"
"PFHpA","idw__mil_airport.milbase__5km","raw","tobit","B_all",0.201784148345187,0.0611199195097526,0.000961876545280423,26223,10143,0.0327193684933074,"***"
"PFHpA","idw__mil_airport.milbase__5km","cov","detect","B_all",0.0104716700152126,0.00495404354482795,0.0345355824095017,26223,10143,0.0327193684933074,"**"
"PFHpA","idw__mil_airport.milbase__5km","cov","tobit","B_all",0.0936301528663549,0.0478213251330916,0.0502398327073098,26223,10143,0.0327193684933074,"*"
"PFOS","idw__mil_airport.milbase__10km","raw","detect","B_all",0.028607514008653,0.00580443844738007,8.28385638235937e-07,26223,10143,0.0868703046943523,"***"
"PFOS","idw__mil_airport.milbase__10km","raw","tobit","B_all",0.222740750551122,0.0393176080515857,1.46882830634744e-08,26223,10143,0.0868703046943523,"***"
"PFOS","idw__mil_airport.milbase__10km","cov","detect","B_all",0.0223171167737573,0.00504326426589207,9.63827379219893e-06,26223,10143,0.0868703046943523,"***"
"PFOS","idw__mil_airport.milbase__10km","cov","tobit","B_all",0.176465340325023,0.0337148133149536,1.65826995583759e-07,26223,10143,0.0868703046943523,"***"
"PFOA","idw__mil_airport.milbase__10km","raw","detect","B_all",0.0318515482192746,0.00618378478435215,2.5935317004493e-07,26223,10143,0.0853449262098158,"***"
"PFOA","idw__mil_airport.milbase__10km","raw","tobit","B_all",0.202118505211073,0.0339344620804121,2.58260539257406e-09,26223,10143,0.0853449262098158,"***"
"PFOA","idw__mil_airport.milbase__10km","cov","detect","B_all",0.0183551874883876,0.00450380017174956,4.5917777918195e-05,26223,10143,0.0853449262098158,"***"
"PFOA","idw__mil_airport.milbase__10km","cov","tobit","B_all",0.123652757590322,0.0247954661126332,6.13526316404682e-07,26223,10143,0.0853449262098158,"***"
"PFHxS","idw__mil_airport.milbase__10km","raw","detect","B_all",0.0319264022581423,0.00570265462363339,2.16194647846746e-08,26222,10143,0.0665471741285943,"***"
"PFHxS","idw__mil_airport.milbase__10km","raw","tobit","B_all",0.251475346463459,0.0405674224799766,5.68417705537066e-10,26222,10143,0.0665471741285943,"***"
"PFHxS","idw__mil_airport.milbase__10km","cov","detect","B_all",0.0253069980024781,0.0050915412212649,6.68148126690293e-07,26222,10143,0.0665471741285943,"***"
"PFHxS","idw__mil_airport.milbase__10km","cov","tobit","B_all",0.187742889372359,0.0335360333885593,2.16534161604156e-08,26222,10143,0.0665471741285943,"***"
"PFBS","idw__mil_airport.milbase__10km","raw","detect","B_all",0.0241289172870422,0.00591788042264744,4.55635633176407e-05,26223,10143,0.108835754871678,"***"
"PFBS","idw__mil_airport.milbase__10km","raw","tobit","B_all",0.118038161524765,0.0281252008458256,2.7061431268936e-05,26223,10143,0.108835754871678,"***"
"PFBS","idw__mil_airport.milbase__10km","cov","detect","B_all",0.0158651669133024,0.00483238272393371,0.0010267440886182,26223,10143,0.108835754871678,"***"
"PFBS","idw__mil_airport.milbase__10km","cov","tobit","B_all",0.0750508581750411,0.024099876316185,0.00184469754551992,26223,10143,0.108835754871678,"***"
"PFHxA","idw__mil_airport.milbase__10km","raw","detect","B_all",0.0502805239822442,0.00818594264269705,8.13345243178133e-10,26223,10143,0.112077184151318,"***"
"PFHxA","idw__mil_airport.milbase__10km","raw","tobit","B_all",0.242035366028963,0.0342656374686255,1.62358980998612e-12,26223,10143,0.112077184151318,"***"
"PFHxA","idw__mil_airport.milbase__10km","cov","detect","B_all",0.0380717809341513,0.0065136501358642,5.0680383392592e-09,26223,10143,0.112077184151318,"***"
"PFHxA","idw__mil_airport.milbase__10km","cov","tobit","B_all",0.173827856933479,0.0251664440769112,4.94562787404314e-12,26223,10143,0.112077184151318,"***"
"PFPeA","idw__mil_airport.milbase__10km","raw","detect","B_all",0.054245173611681,0.00884063289003356,8.46823744963781e-10,26222,10143,0.130272290443139,"***"
"PFPeA","idw__mil_airport.milbase__10km","raw","tobit","B_all",0.277317260443973,0.0395145519275334,2.24898086439957e-12,26222,10143,0.130272290443139,"***"
"PFPeA","idw__mil_airport.milbase__10km","cov","detect","B_all",0.0392959228423814,0.00677614738466751,6.66502671039213e-09,26222,10143,0.130272290443139,"***"
"PFPeA","idw__mil_airport.milbase__10km","cov","tobit","B_all",0.188420295250802,0.0281573186482501,2.20594563524325e-11,26222,10143,0.130272290443139,"***"
"PFBA","idw__mil_airport.milbase__10km","raw","detect","B_all",0.0317264328016946,0.00650712986516418,1.08455387489708e-06,26221,10143,0.104191297051981,"***"
"PFBA","idw__mil_airport.milbase__10km","raw","tobit","B_all",0.189247689349048,0.0367410726865521,2.59310967399259e-07,26221,10143,0.104191297051981,"***"
"PFBA","idw__mil_airport.milbase__10km","cov","detect","B_all",0.026624055017806,0.00512632000239248,2.06266184819974e-07,26221,10143,0.104191297051981,"***"
"PFBA","idw__mil_airport.milbase__10km","cov","tobit","B_all",0.155338164910249,0.0254918506623527,1.10371610767323e-09,26221,10143,0.104191297051981,"***"
"PFHpA","idw__mil_airport.milbase__10km","raw","detect","B_all",0.0156664215089534,0.00335149108144242,2.94723567233616e-06,26223,10143,0.0327193684933074,"***"
"PFHpA","idw__mil_airport.milbase__10km","raw","tobit","B_all",0.168817240452493,0.0306311765807699,3.56217001567837e-08,26223,10143,0.0327193684933074,"***"
"PFHpA","idw__mil_airport.milbase__10km","cov","detect","B_all",0.0105939870576804,0.00276580763313389,0.000127965670985031,26223,10143,0.0327193684933074,"***"
"PFHpA","idw__mil_airport.milbase__10km","cov","tobit","B_all",0.103895803918747,0.0258205350282651,5.72747044620213e-05,26223,10143,0.0327193684933074,"***"
"PFOS","idw__mil_airport.milbase__25km","raw","detect","B_all",0.0192719967234393,0.00227616506482799,2.52072292002609e-17,26223,10143,0.0868703046943523,"***"
"PFOS","idw__mil_airport.milbase__25km","raw","tobit","B_all",0.154321818773223,0.0165429500100246,1.07324072431424e-20,26223,10143,0.0868703046943523,"***"
"PFOS","idw__mil_airport.milbase__25km","cov","detect","B_all",0.0159690477210817,0.0022281933329064,7.67630736662042e-13,26223,10143,0.0868703046943523,"***"
"PFOS","idw__mil_airport.milbase__25km","cov","tobit","B_all",0.129464478266912,0.0165505450995163,5.18382062845114e-15,26223,10143,0.0868703046943523,"***"
"PFOA","idw__mil_airport.milbase__25km","raw","detect","B_all",0.0250378412237189,0.00257659862628209,2.54187313264022e-22,26223,10143,0.0853449262098158,"***"
"PFOA","idw__mil_airport.milbase__25km","raw","tobit","B_all",0.16327714161349,0.014867645240889,4.66250414958275e-28,26223,10143,0.0853449262098158,"***"
"PFOA","idw__mil_airport.milbase__25km","cov","detect","B_all",0.0173350276920397,0.00219132866715445,2.55866821121509e-15,26223,10143,0.0853449262098158,"***"
"PFOA","idw__mil_airport.milbase__25km","cov","tobit","B_all",0.11601266679118,0.0131066894982899,8.64213763219378e-19,26223,10143,0.0853449262098158,"***"
"PFHxS","idw__mil_airport.milbase__25km","raw","detect","B_all",0.0165563314985143,0.0020090708077737,1.71076645788616e-16,26222,10143,0.0665471741285943,"***"
"PFHxS","idw__mil_airport.milbase__25km","raw","tobit","B_all",0.139324662141545,0.0155678972078821,3.57144749040171e-19,26222,10143,0.0665471741285943,"***"
"PFHxS","idw__mil_airport.milbase__25km","cov","detect","B_all",0.0127546729238101,0.00195041862584916,6.17438202954506e-11,26222,10143,0.0665471741285943,"***"
"PFHxS","idw__mil_airport.milbase__25km","cov","tobit","B_all",0.101837633695515,0.0153577930441946,3.33404346229662e-11,26222,10143,0.0665471741285943,"***"
"PFBS","idw__mil_airport.milbase__25km","raw","detect","B_all",0.0190697639735973,0.002472958337375,1.24526591533802e-14,26223,10143,0.108835754871678,"***"
"PFBS","idw__mil_airport.milbase__25km","raw","tobit","B_all",0.0982530522428502,0.0122802567629446,1.2351748781179e-15,26223,10143,0.108835754871678,"***"
"PFBS","idw__mil_airport.milbase__25km","cov","detect","B_all",0.0147230824417736,0.00230806382766785,1.78276635821874e-10,26223,10143,0.108835754871678,"***"
"PFBS","idw__mil_airport.milbase__25km","cov","tobit","B_all",0.0759788408910131,0.0120718050726156,3.09569631615439e-10,26223,10143,0.108835754871678,"***"
"PFHxA","idw__mil_airport.milbase__25km","raw","detect","B_all",0.034809064048275,0.00286508595908896,5.7790913936522e-34,26223,10143,0.112077184151318,"***"
"PFHxA","idw__mil_airport.milbase__25km","raw","tobit","B_all",0.175828607916965,0.0127323686919202,2.2314234573139e-43,26223,10143,0.112077184151318,"***"
"PFHxA","idw__mil_airport.milbase__25km","cov","detect","B_all",0.0283113126127485,0.00253764062727707,6.6523842630696e-29,26223,10143,0.112077184151318,"***"
"PFHxA","idw__mil_airport.milbase__25km","cov","tobit","B_all",0.138473312972312,0.011285523003191,1.31261142828347e-34,26223,10143,0.112077184151318,"***"
"PFPeA","idw__mil_airport.milbase__25km","raw","detect","B_all",0.0378906895368862,0.00306645465415721,4.49218926760977e-35,26222,10143,0.130272290443139,"***"
"PFPeA","idw__mil_airport.milbase__25km","raw","tobit","B_all",0.202820779814201,0.0145918464110395,6.36992951793845e-44,26222,10143,0.130272290443139,"***"
"PFPeA","idw__mil_airport.milbase__25km","cov","detect","B_all",0.0295666813491905,0.00263429459756089,3.11740573880251e-29,26222,10143,0.130272290443139,"***"
"PFPeA","idw__mil_airport.milbase__25km","cov","tobit","B_all",0.153446799137727,0.0124548733949432,7.0500372520817e-35,26222,10143,0.130272290443139,"***"
"PFBA","idw__mil_airport.milbase__25km","raw","detect","B_all",0.0221955742404503,0.00259942306538299,1.35794286664159e-17,26221,10143,0.104191297051981,"***"
"PFBA","idw__mil_airport.milbase__25km","raw","tobit","B_all",0.133031801937882,0.0170892106767886,6.9962193947656e-15,26221,10143,0.104191297051981,"***"
"PFBA","idw__mil_airport.milbase__25km","cov","detect","B_all",0.0191351277476075,0.00230129594210587,9.18020418563743e-17,26221,10143,0.104191297051981,"***"
"PFBA","idw__mil_airport.milbase__25km","cov","tobit","B_all",0.114933739937367,0.0129298715133477,6.1656520534539e-19,26221,10143,0.104191297051981,"***"
"PFHpA","idw__mil_airport.milbase__25km","raw","detect","B_all",0.00970555132033625,0.0014964398486358,8.82849784466806e-11,26223,10143,0.0327193684933074,"***"
"PFHpA","idw__mil_airport.milbase__25km","raw","tobit","B_all",0.116403165470716,0.0151635803859628,1.63499048827125e-14,26223,10143,0.0327193684933074,"***"
"PFHpA","idw__mil_airport.milbase__25km","cov","detect","B_all",0.00694771214914869,0.00138272443519837,5.04340422226869e-07,26223,10143,0.0327193684933074,"***"
"PFHpA","idw__mil_airport.milbase__25km","cov","tobit","B_all",0.0805993874993015,0.0151828926562095,1.10491085669415e-07,26223,10143,0.0327193684933074,"***"
"PFOS","idw__mil_milfire.milsusp__5km","raw","detect","B_all",0.0490348054618863,0.020791085891519,0.0183512678454787,26223,10143,0.0868703046943523,"**"
"PFOS","idw__mil_milfire.milsusp__5km","raw","tobit","B_all",0.462221356249614,0.1564324710524,0.00312906220144827,26223,10143,0.0868703046943523,"***"
"PFOS","idw__mil_milfire.milsusp__5km","cov","detect","B_all",0.0288208710431905,0.0186532258067504,0.122325035076665,26223,10143,0.0868703046943523,""
"PFOS","idw__mil_milfire.milsusp__5km","cov","tobit","B_all",0.354220587923552,0.141824330914906,0.0125036847532046,26223,10143,0.0868703046943523,"**"
"PFOA","idw__mil_milfire.milsusp__5km","raw","detect","B_all",0.030892313745791,0.0175098008133586,0.0776836734929737,26223,10143,0.0853449262098158,"*"
"PFOA","idw__mil_milfire.milsusp__5km","raw","tobit","B_all",0.24283400387617,0.115851822984704,0.0360756194706263,26223,10143,0.0853449262098158,"**"
"PFOA","idw__mil_milfire.milsusp__5km","cov","detect","B_all",-0.00279843503894038,0.0164966875425967,0.865296268254934,26223,10143,0.0853449262098158,""
"PFOA","idw__mil_milfire.milsusp__5km","cov","tobit","B_all",0.0833202204957454,0.113961444247121,0.464701950183161,26223,10143,0.0853449262098158,""
"PFHxS","idw__mil_milfire.milsusp__5km","raw","detect","B_all",0.0915074863278283,0.0305542063527201,0.00274514396626272,26222,10143,0.0665471741285943,"***"
"PFHxS","idw__mil_milfire.milsusp__5km","raw","tobit","B_all",0.778789325819402,0.201902949244251,0.000114671780920411,26222,10143,0.0665471741285943,"***"
"PFHxS","idw__mil_milfire.milsusp__5km","cov","detect","B_all",0.0621396782596236,0.0246002240273347,0.0115375990928148,26222,10143,0.0665471741285943,"**"
"PFHxS","idw__mil_milfire.milsusp__5km","cov","tobit","B_all",0.50542224777695,0.146254258848623,0.000548707071329886,26222,10143,0.0665471741285943,"***"
"PFBS","idw__mil_milfire.milsusp__5km","raw","detect","B_all",0.000301582245715888,0.0209459793539904,0.988512377484898,26223,10143,0.108835754871678,""
"PFBS","idw__mil_milfire.milsusp__5km","raw","tobit","B_all",-0.0112106572447672,0.132287831182991,0.932464570582124,26223,10143,0.108835754871678,""
"PFBS","idw__mil_milfire.milsusp__5km","cov","detect","B_all",-0.0196286800882457,0.0190808794701108,0.303616251012652,26223,10143,0.108835754871678,""
"PFBS","idw__mil_milfire.milsusp__5km","cov","tobit","B_all",-0.126725565998953,0.122915572068416,0.302542303154179,26223,10143,0.108835754871678,""
"PFHxA","idw__mil_milfire.milsusp__5km","raw","detect","B_all",0.0575558731317911,0.0249441953037242,0.0210333420266836,26223,10143,0.112077184151318,"**"
"PFHxA","idw__mil_milfire.milsusp__5km","raw","tobit","B_all",0.348675708121172,0.122216563386761,0.00433177074461947,26223,10143,0.112077184151318,"***"
"PFHxA","idw__mil_milfire.milsusp__5km","cov","detect","B_all",0.0218860137169873,0.0213820331958169,0.306038288553225,26223,10143,0.112077184151318,""
"PFHxA","idw__mil_milfire.milsusp__5km","cov","tobit","B_all",0.159680564276159,0.110115259088007,0.147024489682626,26223,10143,0.112077184151318,""
"PFPeA","idw__mil_milfire.milsusp__5km","raw","detect","B_all",0.0680180586607344,0.0292123726428266,0.0198909277795111,26222,10143,0.130272290443139,"**"
"PFPeA","idw__mil_milfire.milsusp__5km","raw","tobit","B_all",0.39908641753484,0.147041998580742,0.00664564716268043,26222,10143,0.130272290443139,"***"
"PFPeA","idw__mil_milfire.milsusp__5km","cov","detect","B_all",0.0253694322442775,0.0235550294604604,0.281467643566719,26222,10143,0.130272290443139,""
"PFPeA","idw__mil_milfire.milsusp__5km","cov","tobit","B_all",0.122279957457145,0.122498739824535,0.318175597616168,26222,10143,0.130272290443139,""
"PFBA","idw__mil_milfire.milsusp__5km","raw","detect","B_all",-0.0253805240149193,0.0175239597220456,0.147524024795423,26221,10143,0.104191297051981,""
"PFBA","idw__mil_milfire.milsusp__5km","raw","tobit","B_all",-0.18053570179829,0.129404926162665,0.162978954230464,26221,10143,0.104191297051981,""
"PFBA","idw__mil_milfire.milsusp__5km","cov","detect","B_all",-0.0331613144343307,0.0154066721427515,0.0313658978592067,26221,10143,0.104191297051981,"**"
"PFBA","idw__mil_milfire.milsusp__5km","cov","tobit","B_all",-0.30481912106395,0.111793391877861,0.00639849072032723,26221,10143,0.104191297051981,"***"
"PFHpA","idw__mil_milfire.milsusp__5km","raw","detect","B_all",0.0408110479023492,0.0149136731896469,0.00620993637014502,26223,10143,0.0327193684933074,"***"
"PFHpA","idw__mil_milfire.milsusp__5km","raw","tobit","B_all",0.472795815704148,0.135108415131768,0.000466339776995315,26223,10143,0.0327193684933074,"***"
"PFHpA","idw__mil_milfire.milsusp__5km","cov","detect","B_all",0.0215561457426927,0.0123185685145219,0.0801372141162884,26223,10143,0.0327193684933074,"*"
"PFHpA","idw__mil_milfire.milsusp__5km","cov","tobit","B_all",0.282721330800499,0.124974361371324,0.0236829094933726,26223,10143,0.0327193684933074,"**"
"PFOS","idw__mil_milfire.milsusp__10km","raw","detect","B_all",0.0420648530484402,0.0124847174435307,0.000753572875262297,26223,10143,0.0868703046943523,"***"
"PFOS","idw__mil_milfire.milsusp__10km","raw","tobit","B_all",0.36611527218933,0.0880794155475661,3.2294865186837e-05,26223,10143,0.0868703046943523,"***"
"PFOS","idw__mil_milfire.milsusp__10km","cov","detect","B_all",0.0299796157201432,0.0114429704416789,0.00879515549501354,26223,10143,0.0868703046943523,"***"
"PFOS","idw__mil_milfire.milsusp__10km","cov","tobit","B_all",0.309205416291831,0.0824171931258509,0.000175632478139236,26223,10143,0.0868703046943523,"***"
"PFOA","idw__mil_milfire.milsusp__10km","raw","detect","B_all",0.0339532179249425,0.0110921150746788,0.00220582244802724,26223,10143,0.0853449262098158,"***"
"PFOA","idw__mil_milfire.milsusp__10km","raw","tobit","B_all",0.24275965420857,0.0683635641995877,0.000383756814734051,26223,10143,0.0853449262098158,"***"
"PFOA","idw__mil_milfire.milsusp__10km","cov","detect","B_all",0.0118943250963071,0.00989976631050115,0.22956686655108,26223,10143,0.0853449262098158,""
"PFOA","idw__mil_milfire.milsusp__10km","cov","tobit","B_all",0.140431958481752,0.0687779382753068,0.0411696946820257,26223,10143,0.0853449262098158,"**"
"PFHxS","idw__mil_milfire.milsusp__10km","raw","detect","B_all",0.0519551213523601,0.016082417948772,0.00123550517258552,26222,10143,0.0665471741285943,"***"
"PFHxS","idw__mil_milfire.milsusp__10km","raw","tobit","B_all",0.442933929970679,0.111799496984608,7.43682150654761e-05,26222,10143,0.0665471741285943,"***"
"PFHxS","idw__mil_milfire.milsusp__10km","cov","detect","B_all",0.0346475668209777,0.0134291195079937,0.00987909736820619,26222,10143,0.0665471741285943,"***"
"PFHxS","idw__mil_milfire.milsusp__10km","cov","tobit","B_all",0.284489507813158,0.0834333371635238,0.000650147777178465,26222,10143,0.0665471741285943,"***"
"PFBS","idw__mil_milfire.milsusp__10km","raw","detect","B_all",0.00511164914054068,0.0118386073256203,0.665902835268793,26223,10143,0.108835754871678,""
"PFBS","idw__mil_milfire.milsusp__10km","raw","tobit","B_all",0.0250899067096764,0.0732818642760951,0.732068408120387,26223,10143,0.108835754871678,""
"PFBS","idw__mil_milfire.milsusp__10km","cov","detect","B_all",-0.00878244340912312,0.0110020894066213,0.424724080296137,26223,10143,0.108835754871678,""
"PFBS","idw__mil_milfire.milsusp__10km","cov","tobit","B_all",-0.0554857241715012,0.0729113607998037,0.44665560413422,26223,10143,0.108835754871678,""
"PFHxA","idw__mil_milfire.milsusp__10km","raw","detect","B_all",0.0394313656324494,0.0141626940785888,0.00536646924801413,26223,10143,0.112077184151318,"***"
"PFHxA","idw__mil_milfire.milsusp__10km","raw","tobit","B_all",0.231911998624068,0.0700439079520231,0.00092979243788937,26223,10143,0.112077184151318,"***"
"PFHxA","idw__mil_milfire.milsusp__10km","cov","detect","B_all",0.0148128345475668,0.0118489429978372,0.211248504132373,26223,10143,0.112077184151318,""
"PFHxA","idw__mil_milfire.milsusp__10km","cov","tobit","B_all",0.0994181198193403,0.0651935969354271,0.127267191548418,26223,10143,0.112077184151318,""
"PFPeA","idw__mil_milfire.milsusp__10km","raw","detect","B_all",0.0457818873573155,0.0162450766466472,0.00482936032331997,26222,10143,0.130272290443139,"***"
"PFPeA","idw__mil_milfire.milsusp__10km","raw","tobit","B_all",0.260766636580457,0.0821463471694072,0.00150138606347563,26222,10143,0.130272290443139,"***"
"PFPeA","idw__mil_milfire.milsusp__10km","cov","detect","B_all",0.0160478522269907,0.0129677375600812,0.215893589256085,26222,10143,0.130272290443139,""
"PFPeA","idw__mil_milfire.milsusp__10km","cov","tobit","B_all",0.0729254669855885,0.0721468385345013,0.3121158616891,26222,10143,0.130272290443139,""
"PFBA","idw__mil_milfire.milsusp__10km","raw","detect","B_all",-0.0200953926628513,0.00894390905733543,0.0246512548714646,26221,10143,0.104191297051981,"**"
"PFBA","idw__mil_milfire.milsusp__10km","raw","tobit","B_all",-0.1574702773593,0.0693577213266734,0.0231828814993864,26221,10143,0.104191297051981,"**"
"PFBA","idw__mil_milfire.milsusp__10km","cov","detect","B_all",-0.028912923489625,0.00863476311003483,0.000812700050554868,26221,10143,0.104191297051981,"***"
"PFBA","idw__mil_milfire.milsusp__10km","cov","tobit","B_all",-0.263033977061518,0.0676164779351983,0.000100208318057855,26221,10143,0.104191297051981,"***"
"PFHpA","idw__mil_milfire.milsusp__10km","raw","detect","B_all",0.0259035814785161,0.00853529237091711,0.00240632028083038,26223,10143,0.0327193684933074,"***"
"PFHpA","idw__mil_milfire.milsusp__10km","raw","tobit","B_all",0.297293468476837,0.0776656433502096,0.000129260491237656,26223,10143,0.0327193684933074,"***"
"PFHpA","idw__mil_milfire.milsusp__10km","cov","detect","B_all",0.0148560349687268,0.00774492146545257,0.0550901305227766,26223,10143,0.0327193684933074,"*"
"PFHpA","idw__mil_milfire.milsusp__10km","cov","tobit","B_all",0.193517433791811,0.0786571908081757,0.0138834951565968,26223,10143,0.0327193684933074,"**"
"PFOS","idw__mil_milfire.milsusp__25km","raw","detect","B_all",0.0302432431426897,0.00560057212231868,6.66307043604195e-08,26223,10143,0.0868703046943523,"***"
"PFOS","idw__mil_milfire.milsusp__25km","raw","tobit","B_all",0.238806400445581,0.0378861886486337,2.91454185551079e-10,26223,10143,0.0868703046943523,"***"
"PFOS","idw__mil_milfire.milsusp__25km","cov","detect","B_all",0.0233550542192094,0.00580549692341374,5.74808344221173e-05,26223,10143,0.0868703046943523,"***"
"PFOS","idw__mil_milfire.milsusp__25km","cov","tobit","B_all",0.204521621023332,0.0393308861315837,1.9926090880302e-07,26223,10143,0.0868703046943523,"***"
"PFOA","idw__mil_milfire.milsusp__25km","raw","detect","B_all",0.0379953309539837,0.00583985075763169,7.70673465488682e-11,26223,10143,0.0853449262098158,"***"
"PFOA","idw__mil_milfire.milsusp__25km","raw","tobit","B_all",0.234993019469323,0.0309764377202741,3.29459286388225e-14,26223,10143,0.0853449262098158,"***"
"PFOA","idw__mil_milfire.milsusp__25km","cov","detect","B_all",0.02534300335411,0.00548091128948628,3.76651913500159e-06,26223,10143,0.0853449262098158,"***"
"PFOA","idw__mil_milfire.milsusp__25km","cov","tobit","B_all",0.170503100154072,0.0318089071403638,8.31154587833494e-08,26223,10143,0.0853449262098158,"***"
"PFHxS","idw__mil_milfire.milsusp__25km","raw","detect","B_all",0.0234409270902629,0.00535692530989362,1.20978248881396e-05,26222,10143,0.0665471741285943,"***"
"PFHxS","idw__mil_milfire.milsusp__25km","raw","tobit","B_all",0.198531692762298,0.0412479523674141,1.48585722330084e-06,26222,10143,0.0665471741285943,"***"
"PFHxS","idw__mil_milfire.milsusp__25km","cov","detect","B_all",0.0142505791393983,0.00507837948249846,0.00501408843140483,26222,10143,0.0665471741285943,"***"
"PFHxS","idw__mil_milfire.milsusp__25km","cov","tobit","B_all",0.115929956287472,0.0368669222447682,0.0016634131200383,26222,10143,0.0665471741285943,"***"
"PFBS","idw__mil_milfire.milsusp__25km","raw","detect","B_all",0.0116301765791125,0.00533575646221816,0.0292820946538411,26223,10143,0.108835754871678,"**"
"PFBS","idw__mil_milfire.milsusp__25km","raw","tobit","B_all",0.060643000184417,0.0299006524269394,0.0425449685825177,26223,10143,0.108835754871678,"**"
"PFBS","idw__mil_milfire.milsusp__25km","cov","detect","B_all",0.00246482045604922,0.00545208097639476,0.651205578705239,26223,10143,0.108835754871678,""
"PFBS","idw__mil_milfire.milsusp__25km","cov","tobit","B_all",0.0131129151775625,0.0330657284612927,0.691683703536181,26223,10143,0.108835754871678,""
"PFHxA","idw__mil_milfire.milsusp__25km","raw","detect","B_all",0.0322524402573893,0.00627492776972358,2.74898941445786e-07,26223,10143,0.112077184151318,"***"
"PFHxA","idw__mil_milfire.milsusp__25km","raw","tobit","B_all",0.171405208898903,0.0296012265487834,7.0186987309538e-09,26223,10143,0.112077184151318,"***"
"PFHxA","idw__mil_milfire.milsusp__25km","cov","detect","B_all",0.0181943582916678,0.00570414793888847,0.00142434582881912,26223,10143,0.112077184151318,"***"
"PFHxA","idw__mil_milfire.milsusp__25km","cov","tobit","B_all",0.0997743212140715,0.02949743502204,0.000718359517287576,26223,10143,0.112077184151318,"***"
"PFPeA","idw__mil_milfire.milsusp__25km","raw","detect","B_all",0.036015543808963,0.00696734933063491,2.35112343323384e-07,26222,10143,0.130272290443139,"***"
"PFPeA","idw__mil_milfire.milsusp__25km","raw","tobit","B_all",0.18785230200646,0.0338268686376974,2.80252742590861e-08,26222,10143,0.130272290443139,"***"
"PFPeA","idw__mil_milfire.milsusp__25km","cov","detect","B_all",0.0186144838313115,0.00598929171849947,0.00188383058577082,26222,10143,0.130272290443139,"***"
"PFPeA","idw__mil_milfire.milsusp__25km","cov","tobit","B_all",0.0866656921052332,0.0318097883636437,0.00643993980927517,26222,10143,0.130272290443139,"***"
"PFBA","idw__mil_milfire.milsusp__25km","raw","detect","B_all",-0.0091059946818578,0.0042637470390744,0.0327055935727373,26221,10143,0.104191297051981,"**"
"PFBA","idw__mil_milfire.milsusp__25km","raw","tobit","B_all",-0.0777587892346949,0.0311993852704877,0.0126912357093219,26221,10143,0.104191297051981,"**"
"PFBA","idw__mil_milfire.milsusp__25km","cov","detect","B_all",-0.0170370897390548,0.0044424449601827,0.000125528268988902,26221,10143,0.104191297051981,"***"
"PFBA","idw__mil_milfire.milsusp__25km","cov","tobit","B_all",-0.138706085795857,0.0324317880515021,1.89551366622018e-05,26221,10143,0.104191297051981,"***"
"PFHpA","idw__mil_milfire.milsusp__25km","raw","detect","B_all",0.0148987907836822,0.00372648769255754,6.38587412079851e-05,26223,10143,0.0327193684933074,"***"
"PFHpA","idw__mil_milfire.milsusp__25km","raw","tobit","B_all",0.172091033703201,0.0344467349947433,5.85744239482985e-07,26223,10143,0.0327193684933074,"***"
"PFHpA","idw__mil_milfire.milsusp__25km","cov","detect","B_all",0.00920870443851262,0.00406879719633004,0.0236202949485488,26223,10143,0.0327193684933074,"**"
"PFHpA","idw__mil_milfire.milsusp__25km","cov","tobit","B_all",0.119846971636506,0.0400921071407183,0.00279625754203506,26223,10143,0.0327193684933074,"***"
"PFOS","idw__mil_milfire.milbase__5km","raw","detect","B_all",0.0202002676966065,0.012995980104253,0.120101576239451,26223,10143,0.0868703046943523,""
"PFOS","idw__mil_milfire.milbase__5km","raw","tobit","B_all",0.19275749653205,0.100530371511644,0.0551864243338272,26223,10143,0.0868703046943523,"*"
"PFOS","idw__mil_milfire.milbase__5km","cov","detect","B_all",0.0121684181771719,0.00968093636350656,0.208773042680415,26223,10143,0.0868703046943523,""
"PFOS","idw__mil_milfire.milbase__5km","cov","tobit","B_all",0.151783036219267,0.0815782899134248,0.0628033353904691,26223,10143,0.0868703046943523,"*"
"PFOA","idw__mil_milfire.milbase__5km","raw","detect","B_all",0.0193552962720022,0.0123259484939802,0.116347987619199,26223,10143,0.0853449262098158,""
"PFOA","idw__mil_milfire.milbase__5km","raw","tobit","B_all",0.141039696561538,0.0776505569530224,0.0693184620292767,26223,10143,0.0853449262098158,"*"
"PFOA","idw__mil_milfire.milbase__5km","cov","detect","B_all",0.0050169671392127,0.00780439458891108,0.520328746544739,26223,10143,0.0853449262098158,""
"PFOA","idw__mil_milfire.milbase__5km","cov","tobit","B_all",0.0717377144484115,0.0584039367169709,0.219333349533793,26223,10143,0.0853449262098158,""
"PFHxS","idw__mil_milfire.milbase__5km","raw","detect","B_all",0.0348708222083213,0.0151892568399977,0.0216898565596845,26222,10143,0.0665471741285943,"**"
"PFHxS","idw__mil_milfire.milbase__5km","raw","tobit","B_all",0.318884193420241,0.11507175643233,0.00558540730599909,26222,10143,0.0665471741285943,"***"
"PFHxS","idw__mil_milfire.milbase__5km","cov","detect","B_all",0.0206895242831263,0.0111799050891459,0.0642272237090065,26222,10143,0.0665471741285943,"*"
"PFHxS","idw__mil_milfire.milbase__5km","cov","tobit","B_all",0.188747623915078,0.0823064055393376,0.0218346930584302,26222,10143,0.0665471741285943,"**"
"PFBS","idw__mil_milfire.milbase__5km","raw","detect","B_all",-0.00147313125459818,0.0111692403565236,0.895069871833175,26223,10143,0.108835754871678,""
"PFBS","idw__mil_milfire.milbase__5km","raw","tobit","B_all",-0.0188146032136398,0.0725590577463686,0.79540335898679,26223,10143,0.108835754871678,""
"PFBS","idw__mil_milfire.milbase__5km","cov","detect","B_all",-0.00985950873861045,0.00873325053201193,0.258913827918099,26223,10143,0.108835754871678,""
"PFBS","idw__mil_milfire.milbase__5km","cov","tobit","B_all",-0.0740817063758316,0.0645468066436981,0.251083881234335,26223,10143,0.108835754871678,""
"PFHxA","idw__mil_milfire.milbase__5km","raw","detect","B_all",0.0301193144103525,0.0174013288837508,0.0834762217153657,26223,10143,0.112077184151318,"*"
"PFHxA","idw__mil_milfire.milbase__5km","raw","tobit","B_all",0.161149581285569,0.0784493360234957,0.0399576268875606,26223,10143,0.112077184151318,"**"
"PFHxA","idw__mil_milfire.milbase__5km","cov","detect","B_all",0.0149437721989687,0.0125780142149867,0.234799228686184,26223,10143,0.112077184151318,""
"PFHxA","idw__mil_milfire.milbase__5km","cov","tobit","B_all",0.0764058033822091,0.0599010513326178,0.202120440893799,26223,10143,0.112077184151318,""
"PFPeA","idw__mil_milfire.milbase__5km","raw","detect","B_all",0.0341939343482794,0.019690253108886,0.0824592276672784,26222,10143,0.130272290443139,"*"
"PFPeA","idw__mil_milfire.milbase__5km","raw","tobit","B_all",0.185292725925978,0.0936730520556708,0.0479197605488116,26222,10143,0.130272290443139,"**"
"PFPeA","idw__mil_milfire.milbase__5km","cov","detect","B_all",0.016365892546338,0.0135656944067923,0.227656511571132,26222,10143,0.130272290443139,""
"PFPeA","idw__mil_milfire.milbase__5km","cov","tobit","B_all",0.0662640302563133,0.0676406011210504,0.327259532756436,26222,10143,0.130272290443139,""
"PFBA","idw__mil_milfire.milbase__5km","raw","detect","B_all",-0.0103862425428534,0.00924515356887984,0.261256766400755,26221,10143,0.104191297051981,""
"PFBA","idw__mil_milfire.milbase__5km","raw","tobit","B_all",-0.0664725134624009,0.0718021952072123,0.354564107746986,26221,10143,0.104191297051981,""
"PFBA","idw__mil_milfire.milbase__5km","cov","detect","B_all",-0.0135916350323451,0.00727086402545635,0.061577093043716,26221,10143,0.104191297051981,"*"
"PFBA","idw__mil_milfire.milbase__5km","cov","tobit","B_all",-0.138879173890093,0.059940010278732,0.0205053948712116,26221,10143,0.104191297051981,"**"
"PFHpA","idw__mil_milfire.milbase__5km","raw","detect","B_all",0.0136699536728832,0.00765500153603839,0.0741390118447355,26223,10143,0.0327193684933074,"*"
"PFHpA","idw__mil_milfire.milbase__5km","raw","tobit","B_all",0.170602228434332,0.0794128112617825,0.0316902448114369,26223,10143,0.0327193684933074,"**"
"PFHpA","idw__mil_milfire.milbase__5km","cov","detect","B_all",0.00568361974508469,0.00516028063381079,0.270715300128867,26223,10143,0.0327193684933074,""
"PFHpA","idw__mil_milfire.milbase__5km","cov","tobit","B_all",0.0815335927150199,0.0640426468195461,0.20297757813618,26223,10143,0.0327193684933074,""
"PFOS","idw__mil_milfire.milbase__10km","raw","detect","B_all",0.0246305391442571,0.00831631992330808,0.00305934440173681,26223,10143,0.0868703046943523,"***"
"PFOS","idw__mil_milfire.milbase__10km","raw","tobit","B_all",0.207173327857887,0.0588089539145052,0.00042698209605011,26223,10143,0.0868703046943523,"***"
"PFOS","idw__mil_milfire.milbase__10km","cov","detect","B_all",0.0179890637415944,0.00673366177732771,0.00755101888008511,26223,10143,0.0868703046943523,"***"
"PFOS","idw__mil_milfire.milbase__10km","cov","tobit","B_all",0.173336134654139,0.0492855568783156,0.000436492780956361,26223,10143,0.0868703046943523,"***"
"PFOA","idw__mil_milfire.milbase__10km","raw","detect","B_all",0.0274658066163494,0.00837742369891603,0.00104341694707365,26223,10143,0.0853449262098158,"***"
"PFOA","idw__mil_milfire.milbase__10km","raw","tobit","B_all",0.181438210543593,0.0475374363996141,0.000135224512644461,26223,10143,0.0853449262098158,"***"
"PFOA","idw__mil_milfire.milbase__10km","cov","detect","B_all",0.0150605202674257,0.00570115742163698,0.00825007970820434,26223,10143,0.0853449262098158,"***"
"PFOA","idw__mil_milfire.milbase__10km","cov","tobit","B_all",0.122137335733148,0.0357707354847874,0.000639112640765982,26223,10143,0.0853449262098158,"***"
"PFHxS","idw__mil_milfire.milbase__10km","raw","detect","B_all",0.0253382162387177,0.00846801606458167,0.00276951324871959,26222,10143,0.0665471741285943,"***"
"PFHxS","idw__mil_milfire.milbase__10km","raw","tobit","B_all",0.22339428036399,0.0643452533155508,0.000516968468646358,26222,10143,0.0665471741285943,"***"
"PFHxS","idw__mil_milfire.milbase__10km","cov","detect","B_all",0.0156684093425775,0.00658762567060298,0.0173850858614225,26222,10143,0.0665471741285943,"**"
"PFHxS","idw__mil_milfire.milbase__10km","cov","tobit","B_all",0.137785344754665,0.0470303146028658,0.00339274720795707,26222,10143,0.0665471741285943,"***"
"PFBS","idw__mil_milfire.milbase__10km","raw","detect","B_all",0.00668770959533754,0.00694886657484841,0.335840013311919,26223,10143,0.108835754871678,""
"PFBS","idw__mil_milfire.milbase__10km","raw","tobit","B_all",0.0370251870944211,0.0410025003859386,0.366526810772182,26223,10143,0.108835754871678,""
"PFBS","idw__mil_milfire.milbase__10km","cov","detect","B_all",-0.000859195164500527,0.00555697023915179,0.877124246479952,26223,10143,0.108835754871678,""
"PFBS","idw__mil_milfire.milbase__10km","cov","tobit","B_all",-0.00581579453597352,0.0375389630981486,0.876878960118913,26223,10143,0.108835754871678,""
"PFHxA","idw__mil_milfire.milbase__10km","raw","detect","B_all",0.0277448553089817,0.009806158538738,0.00466456220909106,26223,10143,0.112077184151318,"***"
"PFHxA","idw__mil_milfire.milbase__10km","raw","tobit","B_all",0.149223143617607,0.0449117187975826,0.000891864944493988,26223,10143,0.112077184151318,"***"
"PFHxA","idw__mil_milfire.milbase__10km","cov","detect","B_all",0.0152802626071537,0.00720393113628896,0.0339133380428095,26223,10143,0.112077184151318,"**"
"PFHxA","idw__mil_milfire.milbase__10km","cov","tobit","B_all",0.0823626602258734,0.0347603897889356,0.0178150422786467,26223,10143,0.112077184151318,"**"
"PFPeA","idw__mil_milfire.milbase__10km","raw","detect","B_all",0.03123606364216,0.0110245083315384,0.00460658886558413,26222,10143,0.130272290443139,"***"
"PFPeA","idw__mil_milfire.milbase__10km","raw","tobit","B_all",0.168456675455121,0.0523754529160611,0.00129841996018748,26222,10143,0.130272290443139,"***"
"PFPeA","idw__mil_milfire.milbase__10km","cov","detect","B_all",0.016519428014546,0.00776065874706656,0.0332864103144523,26222,10143,0.130272290443139,"**"
"PFPeA","idw__mil_milfire.milbase__10km","cov","tobit","B_all",0.0785907390427485,0.0385473682510001,0.0414690478231371,26222,10143,0.130272290443139,"**"
"PFBA","idw__mil_milfire.milbase__10km","raw","detect","B_all",-0.00355419587814796,0.00528848216537511,0.501543266508713,26221,10143,0.104191297051981,""
"PFBA","idw__mil_milfire.milbase__10km","raw","tobit","B_all",-0.0152557577776395,0.036909605731061,0.679366630492874,26221,10143,0.104191297051981,""
"PFBA","idw__mil_milfire.milbase__10km","cov","detect","B_all",-0.00746366010276339,0.00438027127806091,0.0883948282617866,26221,10143,0.104191297051981,"*"
"PFBA","idw__mil_milfire.milbase__10km","cov","tobit","B_all",-0.0602503427038597,0.0327052175451573,0.065442364347001,26221,10143,0.104191297051981,"*"
"PFHpA","idw__mil_milfire.milbase__10km","raw","detect","B_all",0.0127552059505765,0.0048194607779733,0.00813044117614262,26223,10143,0.0327193684933074,"***"
"PFHpA","idw__mil_milfire.milbase__10km","raw","tobit","B_all",0.150044383494087,0.0467958124937677,0.00134424079732175,26223,10143,0.0327193684933074,"***"
"PFHpA","idw__mil_milfire.milbase__10km","cov","detect","B_all",0.00696092528591135,0.00375600990071965,0.0638427222978548,26223,10143,0.0327193684933074,"*"
"PFHpA","idw__mil_milfire.milbase__10km","cov","tobit","B_all",0.0922827895477773,0.0403805394311825,0.0222935847067321,26223,10143,0.0327193684933074,"**"
"PFOS","idw__mil_milfire.milbase__25km","raw","detect","B_all",0.0216811516208584,0.00370370741744894,4.80162769538222e-09,26223,10143,0.0868703046943523,"***"
"PFOS","idw__mil_milfire.milbase__25km","raw","tobit","B_all",0.170870779782338,0.0257791474920878,3.39676842976982e-11,26223,10143,0.0868703046943523,"***"
"PFOS","idw__mil_milfire.milbase__25km","cov","detect","B_all",0.0167006940229572,0.00352603329340919,2.17551072288422e-06,26223,10143,0.0868703046943523,"***"
"PFOS","idw__mil_milfire.milbase__25km","cov","tobit","B_all",0.142851944572142,0.0250450560661725,1.1716681257591e-08,26223,10143,0.0868703046943523,"***"
"PFOA","idw__mil_milfire.milbase__25km","raw","detect","B_all",0.031253670144332,0.00413927040495582,4.33502773875707e-14,26223,10143,0.0853449262098158,"***"
"PFOA","idw__mil_milfire.milbase__25km","raw","tobit","B_all",0.193918726399168,0.0222465755101189,2.8620034091711e-18,26223,10143,0.0853449262098158,"***"
"PFOA","idw__mil_milfire.milbase__25km","cov","detect","B_all",0.0216835842218834,0.00348175540424807,4.73110209770407e-10,26223,10143,0.0853449262098158,"***"
"PFOA","idw__mil_milfire.milbase__25km","cov","tobit","B_all",0.1426969428435,0.0194858107480514,2.42269817012167e-13,26223,10143,0.0853449262098158,"***"
"PFHxS","idw__mil_milfire.milbase__25km","raw","detect","B_all",0.0147557706721552,0.00316890894647002,3.2175538183965e-06,26222,10143,0.0665471741285943,"***"
"PFHxS","idw__mil_milfire.milbase__25km","raw","tobit","B_all",0.131107474894555,0.0258579746455524,3.97206381641655e-07,26222,10143,0.0665471741285943,"***"
"PFHxS","idw__mil_milfire.milbase__25km","cov","detect","B_all",0.00861501407170938,0.00281705173272495,0.00222695584510731,26222,10143,0.0665471741285943,"***"
"PFHxS","idw__mil_milfire.milbase__25km","cov","tobit","B_all",0.0754489583016936,0.0226218355602381,0.000852297731489131,26222,10143,0.0665471741285943,"***"
"PFBS","idw__mil_milfire.milbase__25km","raw","detect","B_all",0.0114580780762558,0.00349646473541443,0.0010489903343565,26223,10143,0.108835754871678,"***"
"PFBS","idw__mil_milfire.milbase__25km","raw","tobit","B_all",0.0626994541661891,0.0191166241307308,0.00103866249150078,26223,10143,0.108835754871678,"***"
"PFBS","idw__mil_milfire.milbase__25km","cov","detect","B_all",0.00566241407403842,0.00325334668743023,0.0817731925449199,26223,10143,0.108835754871678,"*"
"PFBS","idw__mil_milfire.milbase__25km","cov","tobit","B_all",0.0338134367921061,0.0195428363621571,0.083590697971634,26223,10143,0.108835754871678,"*"
"PFHxA","idw__mil_milfire.milbase__25km","raw","detect","B_all",0.025090952894442,0.00424033591522073,3.27450939661959e-09,26223,10143,0.112077184151318,"***"
"PFHxA","idw__mil_milfire.milbase__25km","raw","tobit","B_all",0.133426698519954,0.0199140828722541,2.08251778245349e-11,26223,10143,0.112077184151318,"***"
"PFHxA","idw__mil_milfire.milbase__25km","cov","detect","B_all",0.0163421292355511,0.00358798038035878,5.24635222367999e-06,26223,10143,0.112077184151318,"***"
"PFHxA","idw__mil_milfire.milbase__25km","cov","tobit","B_all",0.0889760918923661,0.0179952335014561,7.63687282868298e-07,26223,10143,0.112077184151318,"***"
"PFPeA","idw__mil_milfire.milbase__25km","raw","detect","B_all",0.0281626503905178,0.00467107608648496,1.64817268666155e-09,26222,10143,0.130272290443139,"***"
"PFPeA","idw__mil_milfire.milbase__25km","raw","tobit","B_all",0.149328219439524,0.0226304388523336,4.15181487186167e-11,26222,10143,0.130272290443139,"***"
"PFPeA","idw__mil_milfire.milbase__25km","cov","detect","B_all",0.0176615319066925,0.00378305322812217,3.03271017953332e-06,26222,10143,0.130272290443139,"***"
"PFPeA","idw__mil_milfire.milbase__25km","cov","tobit","B_all",0.0900276052925812,0.0193670651831616,3.34374125359825e-06,26222,10143,0.130272290443139,"***"
"PFBA","idw__mil_milfire.milbase__25km","raw","detect","B_all",0.000429105619061357,0.00277638286946949,0.877171647281249,26221,10143,0.104191297051981,""
"PFBA","idw__mil_milfire.milbase__25km","raw","tobit","B_all",0.00795512859191206,0.017388498318646,0.647316222946296,26221,10143,0.104191297051981,""
"PFBA","idw__mil_milfire.milbase__25km","cov","detect","B_all",-0.00266001100387929,0.00248795553394509,0.284999668078981,26221,10143,0.104191297051981,""
"PFBA","idw__mil_milfire.milbase__25km","cov","tobit","B_all",-0.0133646962009904,0.0164674258221567,0.417030483902471,26221,10143,0.104191297051981,""
"PFHpA","idw__mil_milfire.milbase__25km","raw","detect","B_all",0.0100188506397177,0.002323445889229,1.61736571257297e-05,26223,10143,0.0327193684933074,"***"
"PFHpA","idw__mil_milfire.milbase__25km","raw","tobit","B_all",0.120299275668787,0.0227804143697943,1.28606749907858e-07,26223,10143,0.0327193684933074,"***"
"PFHpA","idw__mil_milfire.milbase__25km","cov","detect","B_all",0.00613937428815565,0.00223531409020005,0.00602279743909012,26223,10143,0.0327193684933074,"***"
"PFHpA","idw__mil_milfire.milbase__25km","cov","tobit","B_all",0.0817497522970333,0.0238368510666422,0.00060457557777728,26223,10143,0.0327193684933074,"***"
"PFOS","idw__mil_milsusp.milbase__5km","raw","detect","B_all",0.0196427632199343,0.0150907310867949,0.193038028566606,26223,10143,0.0868703046943523,""
"PFOS","idw__mil_milsusp.milbase__5km","raw","tobit","B_all",0.201111506854481,0.118739983018715,0.0903197464958943,26223,10143,0.0868703046943523,"*"
"PFOS","idw__mil_milsusp.milbase__5km","cov","detect","B_all",0.0120037393690763,0.010963849266119,0.273583596081181,26223,10143,0.0868703046943523,""
"PFOS","idw__mil_milsusp.milbase__5km","cov","tobit","B_all",0.164198531219317,0.0950986683108145,0.0842373139217679,26223,10143,0.0868703046943523,"*"
"PFOA","idw__mil_milsusp.milbase__5km","raw","detect","B_all",0.0130747006874153,0.0124202149473036,0.292480708200806,26223,10143,0.0853449262098158,""
"PFOA","idw__mil_milsusp.milbase__5km","raw","tobit","B_all",0.106970969032885,0.0842170100698454,0.204019643990721,26223,10143,0.0853449262098158,""
"PFOA","idw__mil_milsusp.milbase__5km","cov","detect","B_all",-0.00117714625741985,0.00772454485540565,0.878879051097791,26223,10143,0.0853449262098158,""
"PFOA","idw__mil_milsusp.milbase__5km","cov","tobit","B_all",0.0335865038915927,0.0632533006470967,0.595429720977455,26223,10143,0.0853449262098158,""
"PFHxS","idw__mil_milsusp.milbase__5km","raw","detect","B_all",0.039108869798346,0.0204748855413706,0.0561216535311252,26222,10143,0.0665471741285943,"*"
"PFHxS","idw__mil_milsusp.milbase__5km","raw","tobit","B_all",0.353029887902974,0.146090278427885,0.0156697218574814,26222,10143,0.0665471741285943,"**"
"PFHxS","idw__mil_milsusp.milbase__5km","cov","detect","B_all",0.0274772373136998,0.0152711455173214,0.0719726338340726,26222,10143,0.0665471741285943,"*"
"PFHxS","idw__mil_milsusp.milbase__5km","cov","tobit","B_all",0.24654281659247,0.102357850764051,0.0160122538762522,26222,10143,0.0665471741285943,"**"
"PFBS","idw__mil_milsusp.milbase__5km","raw","detect","B_all",0.00605543269105255,0.0145284989317729,0.676827001584316,26223,10143,0.108835754871678,""
"PFBS","idw__mil_milsusp.milbase__5km","raw","tobit","B_all",0.0371125976516262,0.0867127031393587,0.668654808747945,26223,10143,0.108835754871678,""
"PFBS","idw__mil_milsusp.milbase__5km","cov","detect","B_all",-9.13322076563567e-05,0.0110007676001558,0.99337576032161,26223,10143,0.108835754871678,""
"PFBS","idw__mil_milsusp.milbase__5km","cov","tobit","B_all",-0.00151495985488004,0.07438416639441,0.983750849462594,26223,10143,0.108835754871678,""
"PFHxA","idw__mil_milsusp.milbase__5km","raw","detect","B_all",0.0293060742065448,0.0202692348626714,0.148222033130676,26223,10143,0.112077184151318,""
"PFHxA","idw__mil_milsusp.milbase__5km","raw","tobit","B_all",0.164675666991728,0.0923359012279104,0.0745144825383854,26223,10143,0.112077184151318,"*"
"PFHxA","idw__mil_milsusp.milbase__5km","cov","detect","B_all",0.0161765389574265,0.0143770215019126,0.260518604019519,26223,10143,0.112077184151318,""
"PFHxA","idw__mil_milsusp.milbase__5km","cov","tobit","B_all",0.0882122536436437,0.0691298910459132,0.201942670800461,26223,10143,0.112077184151318,""
"PFPeA","idw__mil_milsusp.milbase__5km","raw","detect","B_all",0.0330368190848099,0.0229617526562802,0.150213992845403,26222,10143,0.130272290443139,""
"PFPeA","idw__mil_milsusp.milbase__5km","raw","tobit","B_all",0.189963316170789,0.111482046620415,0.088384591853463,26222,10143,0.130272290443139,"*"
"PFPeA","idw__mil_milsusp.milbase__5km","cov","detect","B_all",0.0179784020931727,0.0157652025129167,0.254125896388663,26222,10143,0.130272290443139,""
"PFPeA","idw__mil_milsusp.milbase__5km","cov","tobit","B_all",0.082337608806757,0.0794863544323266,0.30026233231145,26222,10143,0.130272290443139,""
"PFBA","idw__mil_milsusp.milbase__5km","raw","detect","B_all",-0.00652898725807644,0.0112252665316375,0.560813801332628,26221,10143,0.104191297051981,""
"PFBA","idw__mil_milsusp.milbase__5km","raw","tobit","B_all",-0.0246581288880019,0.0867134062460315,0.776131817129749,26221,10143,0.104191297051981,""
"PFBA","idw__mil_milsusp.milbase__5km","cov","detect","B_all",-0.00607496554436417,0.00779002262593474,0.435485489418929,26221,10143,0.104191297051981,""
"PFBA","idw__mil_milsusp.milbase__5km","cov","tobit","B_all",-0.0732683533152598,0.0634555917178604,0.24823795095862,26221,10143,0.104191297051981,""
"PFHpA","idw__mil_milsusp.milbase__5km","raw","detect","B_all",0.0133764818021588,0.00896246383032531,0.135567984685549,26223,10143,0.0327193684933074,""
"PFHpA","idw__mil_milsusp.milbase__5km","raw","tobit","B_all",0.178318749203975,0.0928572309167956,0.0548132073898047,26223,10143,0.0327193684933074,"*"
"PFHpA","idw__mil_milsusp.milbase__5km","cov","detect","B_all",0.00576337082531442,0.00579355196141794,0.31983813632297,26223,10143,0.0327193684933074,""
"PFHpA","idw__mil_milsusp.milbase__5km","cov","tobit","B_all",0.0892867000610164,0.0721387645697879,0.215824485201109,26223,10143,0.0327193684933074,""
"PFOS","idw__mil_milsusp.milbase__10km","raw","detect","B_all",0.0248891463868212,0.00960711556270641,0.00957811768058861,26223,10143,0.0868703046943523,"***"
"PFOS","idw__mil_milsusp.milbase__10km","raw","tobit","B_all",0.215325406014952,0.0678980497829563,0.00151755860373986,26223,10143,0.0868703046943523,"***"
"PFOS","idw__mil_milsusp.milbase__10km","cov","detect","B_all",0.0181099385519646,0.0074247516718961,0.0147226488294417,26223,10143,0.0868703046943523,"**"
"PFOS","idw__mil_milsusp.milbase__10km","cov","tobit","B_all",0.181392233856764,0.0548800419319393,0.000948918696723171,26223,10143,0.0868703046943523,"***"
"PFOA","idw__mil_milsusp.milbase__10km","raw","detect","B_all",0.0251168206659604,0.008919000524681,0.00486101383287093,26223,10143,0.0853449262098158,"***"
"PFOA","idw__mil_milsusp.milbase__10km","raw","tobit","B_all",0.169993588749162,0.0511099776863919,0.000880907791709146,26223,10143,0.0853449262098158,"***"
"PFOA","idw__mil_milsusp.milbase__10km","cov","detect","B_all",0.012468236782831,0.00556137695045303,0.0249656764454995,26223,10143,0.0853449262098158,"**"
"PFOA","idw__mil_milsusp.milbase__10km","cov","tobit","B_all",0.108752595183527,0.0352348919507877,0.00202525990479138,26223,10143,0.0853449262098158,"***"
"PFHxS","idw__mil_milsusp.milbase__10km","raw","detect","B_all",0.027740500945356,0.0115138136091042,0.0159821273095089,26222,10143,0.0665471741285943,"**"
"PFHxS","idw__mil_milsusp.milbase__10km","raw","tobit","B_all",0.241538619400171,0.0822899188853947,0.00333316450790326,26222,10143,0.0665471741285943,"***"
"PFHxS","idw__mil_milsusp.milbase__10km","cov","detect","B_all",0.0192445027333224,0.00887985476033474,0.0302189079033882,26222,10143,0.0665471741285943,"**"
"PFHxS","idw__mil_milsusp.milbase__10km","cov","tobit","B_all",0.167058950179014,0.0581115689860756,0.00404287646115024,26222,10143,0.0665471741285943,"***"
"PFBS","idw__mil_milsusp.milbase__10km","raw","detect","B_all",0.0114121346253208,0.00859507530634657,0.184259810512156,26223,10143,0.108835754871678,""
"PFBS","idw__mil_milsusp.milbase__10km","raw","tobit","B_all",0.070583007315522,0.047793233887771,0.139718263405932,26223,10143,0.108835754871678,""
"PFBS","idw__mil_milsusp.milbase__10km","cov","detect","B_all",0.00493397156804763,0.00653803048765543,0.45045471289152,26223,10143,0.108835754871678,""
"PFBS","idw__mil_milsusp.milbase__10km","cov","tobit","B_all",0.037594479854111,0.0408733214059276,0.357687528505597,26223,10143,0.108835754871678,""
"PFHxA","idw__mil_milsusp.milbase__10km","raw","detect","B_all",0.0284645588117904,0.0115769012412401,0.0139426602010835,26223,10143,0.112077184151318,"**"
"PFHxA","idw__mil_milsusp.milbase__10km","raw","tobit","B_all",0.155637152174695,0.0519825809137014,0.00275323291099915,26223,10143,0.112077184151318,"***"
"PFHxA","idw__mil_milsusp.milbase__10km","cov","detect","B_all",0.0169850770374901,0.00822892858152889,0.0390111672177269,26223,10143,0.112077184151318,"**"
"PFHxA","idw__mil_milsusp.milbase__10km","cov","tobit","B_all",0.0940033430734583,0.0383133346674566,0.0141457354893824,26223,10143,0.112077184151318,"**"
"PFPeA","idw__mil_milsusp.milbase__10km","raw","detect","B_all",0.0317492899895293,0.0130490492945183,0.0149712806597791,26222,10143,0.130272290443139,"**"
"PFPeA","idw__mil_milsusp.milbase__10km","raw","tobit","B_all",0.175844347048977,0.0614762704634043,0.00423158562828284,26222,10143,0.130272290443139,"***"
"PFPeA","idw__mil_milsusp.milbase__10km","cov","detect","B_all",0.0184884405436711,0.00903210842384231,0.0406611871479007,26222,10143,0.130272290443139,"**"
"PFPeA","idw__mil_milsusp.milbase__10km","cov","tobit","B_all",0.0940909382367841,0.0436611670316228,0.0311598210280061,26222,10143,0.130272290443139,"**"
"PFBA","idw__mil_milsusp.milbase__10km","raw","detect","B_all",-0.000741593187942504,0.0061909336817341,0.904651903955332,26221,10143,0.104191297051981,""
"PFBA","idw__mil_milsusp.milbase__10km","raw","tobit","B_all",0.0141259838965734,0.043941079753075,0.747850018776889,26221,10143,0.104191297051981,""
"PFBA","idw__mil_milsusp.milbase__10km","cov","detect","B_all",-0.00285739877333513,0.00457193694131006,0.531979931951471,26221,10143,0.104191297051981,""
"PFBA","idw__mil_milsusp.milbase__10km","cov","tobit","B_all",-0.018033844911349,0.0339224686144571,0.594989574507196,26221,10143,0.104191297051981,""
"PFHpA","idw__mil_milsusp.milbase__10km","raw","detect","B_all",0.0127575717807676,0.00541746212044428,0.0185277808348365,26223,10143,0.0327193684933074,"**"
"PFHpA","idw__mil_milsusp.milbase__10km","raw","tobit","B_all",0.155466760175702,0.0522665309752197,0.00293467118519242,26223,10143,0.0327193684933074,"***"
"PFHpA","idw__mil_milsusp.milbase__10km","cov","detect","B_all",0.00695669847220524,0.00377806074746383,0.0655715906934426,26223,10143,0.0327193684933074,"*"
"PFHpA","idw__mil_milsusp.milbase__10km","cov","tobit","B_all",0.0963888168671016,0.040106759991857,0.0162475854347661,26223,10143,0.0327193684933074,"**"
"PFOS","idw__mil_milsusp.milbase__25km","raw","detect","B_all",0.0241373036754147,0.0043444140930867,2.76121846907028e-08,26223,10143,0.0868703046943523,"***"
"PFOS","idw__mil_milsusp.milbase__25km","raw","tobit","B_all",0.191460794158887,0.0302054362802052,2.31831659177693e-10,26223,10143,0.0868703046943523,"***"
"PFOS","idw__mil_milsusp.milbase__25km","cov","detect","B_all",0.0183715093284321,0.00384145167002182,1.73180715289695e-06,26223,10143,0.0868703046943523,"***"
"PFOS","idw__mil_milsusp.milbase__25km","cov","tobit","B_all",0.15921925518107,0.027140333818149,4.45042140717397e-09,26223,10143,0.0868703046943523,"***"
"PFOA","idw__mil_milsusp.milbase__25km","raw","detect","B_all",0.0337326558434976,0.00481069460898042,2.34912425340064e-12,26223,10143,0.0853449262098158,"***"
"PFOA","idw__mil_milsusp.milbase__25km","raw","tobit","B_all",0.207865305203955,0.0258557041769573,9.02521621335374e-16,26223,10143,0.0853449262098158,"***"
"PFOA","idw__mil_milsusp.milbase__25km","cov","detect","B_all",0.0228096818194026,0.00368260769533478,5.86956970576826e-10,26223,10143,0.0853449262098158,"***"
"PFOA","idw__mil_milsusp.milbase__25km","cov","tobit","B_all",0.150344723068764,0.019599755420432,1.7100039645883e-14,26223,10143,0.0853449262098158,"***"
"PFHxS","idw__mil_milsusp.milbase__25km","raw","detect","B_all",0.0163841852502306,0.00438309117850956,0.000185457904273195,26222,10143,0.0665471741285943,"***"
"PFHxS","idw__mil_milsusp.milbase__25km","raw","tobit","B_all",0.145192925298204,0.0350252826096391,3.39258270869037e-05,26222,10143,0.0665471741285943,"***"
"PFHxS","idw__mil_milsusp.milbase__25km","cov","detect","B_all",0.0101769094955527,0.00364193593403596,0.00520012538322012,26222,10143,0.0665471741285943,"***"
"PFHxS","idw__mil_milsusp.milbase__25km","cov","tobit","B_all",0.090224555386518,0.0273101944345414,0.00095419550280985,26222,10143,0.0665471741285943,"***"
"PFBS","idw__mil_milsusp.milbase__25km","raw","detect","B_all",0.0150274396183429,0.00409218630871962,0.000240445363980145,26223,10143,0.108835754871678,"***"
"PFBS","idw__mil_milsusp.milbase__25km","raw","tobit","B_all",0.0867400110355577,0.0216920808950773,6.36927480271031e-05,26223,10143,0.108835754871678,"***"
"PFBS","idw__mil_milsusp.milbase__25km","cov","detect","B_all",0.00920963972095047,0.00352167650850396,0.00891936608343839,26223,10143,0.108835754871678,"***"
"PFBS","idw__mil_milsusp.milbase__25km","cov","tobit","B_all",0.0611732339215778,0.0202964015273334,0.00257832842306695,26223,10143,0.108835754871678,"***"
"PFHxA","idw__mil_milsusp.milbase__25km","raw","detect","B_all",0.0275553823180509,0.00505814522644139,5.10182632505397e-08,26223,10143,0.112077184151318,"***"
"PFHxA","idw__mil_milsusp.milbase__25km","raw","tobit","B_all",0.14711470072089,0.0233097362564146,2.76704113397399e-10,26223,10143,0.112077184151318,"***"
"PFHxA","idw__mil_milsusp.milbase__25km","cov","detect","B_all",0.0183277016794801,0.00398329914331081,4.20192648757155e-06,26223,10143,0.112077184151318,"***"
"PFHxA","idw__mil_milsusp.milbase__25km","cov","tobit","B_all",0.101975999039822,0.0191525883363782,1.01288034088051e-07,26223,10143,0.112077184151318,"***"
"PFPeA","idw__mil_milsusp.milbase__25km","raw","detect","B_all",0.0307115527428082,0.00563381777158981,5.00068326511149e-08,26222,10143,0.130272290443139,"***"
"PFPeA","idw__mil_milsusp.milbase__25km","raw","tobit","B_all",0.165163065611956,0.0269410420450004,8.75827295721383e-10,26222,10143,0.130272290443139,"***"
"PFPeA","idw__mil_milsusp.milbase__25km","cov","detect","B_all",0.0197805153283764,0.0042850318105241,3.90851627101996e-06,26222,10143,0.130272290443139,"***"
"PFPeA","idw__mil_milsusp.milbase__25km","cov","tobit","B_all",0.106145159087613,0.0212395925592465,5.8074153257875e-07,26222,10143,0.130272290443139,"***"
"PFBA","idw__mil_milsusp.milbase__25km","raw","detect","B_all",0.00227135730561043,0.0030943372271899,0.462926327850837,26221,10143,0.104191297051981,""
"PFBA","idw__mil_milsusp.milbase__25km","raw","tobit","B_all",0.0261092147942233,0.0199909976478617,0.191536025621265,26221,10143,0.104191297051981,""
"PFBA","idw__mil_milsusp.milbase__25km","cov","detect","B_all",-0.000476080365861908,0.0025899311789776,0.854154903074156,26221,10143,0.104191297051981,""
"PFBA","idw__mil_milsusp.milbase__25km","cov","tobit","B_all",0.00956730115690095,0.0173516364393378,0.581374951544599,26221,10143,0.104191297051981,""
"PFHpA","idw__mil_milsusp.milbase__25km","raw","detect","B_all",0.0111107226600089,0.00252725555841251,1.10081823807858e-05,26223,10143,0.0327193684933074,"***"
"PFHpA","idw__mil_milsusp.milbase__25km","raw","tobit","B_all",0.134459446344638,0.0249252651057759,6.87130345634477e-08,26223,10143,0.0327193684933074,"***"
"PFHpA","idw__mil_milsusp.milbase__25km","cov","detect","B_all",0.00681512127322549,0.00211185235938318,0.00125059504001255,26223,10143,0.0327193684933074,"***"
"PFHpA","idw__mil_milsusp.milbase__25km","cov","tobit","B_all",0.0925861640035195,0.0221567110374737,2.9318502105836e-05,26223,10143,0.0327193684933074,"***"
"PFOS","idw__mil_airport.milfire.milsusp__5km","raw","detect","B_all",0.0505026533177464,0.0109455710600941,3.95029175954064e-06,26223,10143,0.0868703046943523,"***"
"PFOS","idw__mil_airport.milfire.milsusp__5km","raw","tobit","B_all",0.39743401256037,0.0734264630550592,6.20880848244671e-08,26223,10143,0.0868703046943523,"***"
"PFOS","idw__mil_airport.milfire.milsusp__5km","cov","detect","B_all",0.0342447557453181,0.0104357650225656,0.00103263793505443,26223,10143,0.0868703046943523,"***"
"PFOS","idw__mil_airport.milfire.milsusp__5km","cov","tobit","B_all",0.279822100621573,0.0696442180803022,5.87241244565664e-05,26223,10143,0.0868703046943523,"***"
"PFOA","idw__mil_airport.milfire.milsusp__5km","raw","detect","B_all",0.0461262839555187,0.0108835430158825,2.25351097550478e-05,26223,10143,0.0853449262098158,"***"
"PFOA","idw__mil_airport.milfire.milsusp__5km","raw","tobit","B_all",0.294789062491649,0.0594611327107172,7.13412088117973e-07,26223,10143,0.0853449262098158,"***"
"PFOA","idw__mil_airport.milfire.milsusp__5km","cov","detect","B_all",0.0143590172692256,0.00988436184279588,0.146306931544735,26223,10143,0.0853449262098158,""
"PFOA","idw__mil_airport.milfire.milsusp__5km","cov","tobit","B_all",0.111160827967009,0.0548922989803686,0.0428600271309237,26223,10143,0.0853449262098158,"**"
"PFHxS","idw__mil_airport.milfire.milsusp__5km","raw","detect","B_all",0.0712968123867958,0.0118306750761251,1.6761409676935e-09,26222,10143,0.0665471741285943,"***"
"PFHxS","idw__mil_airport.milfire.milsusp__5km","raw","tobit","B_all",0.550939916803156,0.0777694543665623,1.39777796262772e-12,26222,10143,0.0665471741285943,"***"
"PFHxS","idw__mil_airport.milfire.milsusp__5km","cov","detect","B_all",0.0542598828683677,0.0107883913796149,4.91839327719653e-07,26222,10143,0.0665471741285943,"***"
"PFHxS","idw__mil_airport.milfire.milsusp__5km","cov","tobit","B_all",0.391057477171972,0.0660047873778356,3.12899367067481e-09,26222,10143,0.0665471741285943,"***"
"PFBS","idw__mil_airport.milfire.milsusp__5km","raw","detect","B_all",0.0302245169736338,0.0111305549644205,0.00661848449759641,26223,10143,0.108835754871678,"***"
"PFBS","idw__mil_airport.milfire.milsusp__5km","raw","tobit","B_all",0.133754126614308,0.0569622219058148,0.018868446523612,26223,10143,0.108835754871678,"**"
"PFBS","idw__mil_airport.milfire.milsusp__5km","cov","detect","B_all",0.0102427554898726,0.010512773907622,0.32990005614561,26223,10143,0.108835754871678,""
"PFBS","idw__mil_airport.milfire.milsusp__5km","cov","tobit","B_all",0.0226219737799324,0.0556770374394009,0.684516993495143,26223,10143,0.108835754871678,""
"PFHxA","idw__mil_airport.milfire.milsusp__5km","raw","detect","B_all",0.080134421282803,0.0134636570802695,2.65037600681627e-09,26223,10143,0.112077184151318,"***"
"PFHxA","idw__mil_airport.milfire.milsusp__5km","raw","tobit","B_all",0.395408674312344,0.056126408334093,1.85505945988636e-12,26223,10143,0.112077184151318,"***"
"PFHxA","idw__mil_airport.milfire.milsusp__5km","cov","detect","B_all",0.0519413341159984,0.0119435673794051,1.36824484999868e-05,26223,10143,0.112077184151318,"***"
"PFHxA","idw__mil_airport.milfire.milsusp__5km","cov","tobit","B_all",0.2382803040826,0.0493304906580937,1.36338107448334e-06,26223,10143,0.112077184151318,"***"
"PFPeA","idw__mil_airport.milfire.milsusp__5km","raw","detect","B_all",0.0901850908313864,0.0150741563287446,2.19385114092418e-09,26222,10143,0.130272290443139,"***"
"PFPeA","idw__mil_airport.milfire.milsusp__5km","raw","tobit","B_all",0.469895628216456,0.0676793288302345,3.83937825324165e-12,26222,10143,0.130272290443139,"***"
"PFPeA","idw__mil_airport.milfire.milsusp__5km","cov","detect","B_all",0.0558224824239702,0.0128147902645502,1.32401507107055e-05,26222,10143,0.130272290443139,"***"
"PFPeA","idw__mil_airport.milfire.milsusp__5km","cov","tobit","B_all",0.262543006755401,0.0555014766822506,2.24101324945528e-06,26222,10143,0.130272290443139,"***"
"PFBA","idw__mil_airport.milfire.milsusp__5km","raw","detect","B_all",0.0404266817095078,0.0118495331014039,0.000645665242522649,26221,10143,0.104191297051981,"***"
"PFBA","idw__mil_airport.milfire.milsusp__5km","raw","tobit","B_all",0.27575668769536,0.0750912696656093,0.000240389563507246,26221,10143,0.104191297051981,"***"
"PFBA","idw__mil_airport.milfire.milsusp__5km","cov","detect","B_all",0.0292692177761693,0.00985303654783132,0.00297239502777049,26221,10143,0.104191297051981,"***"
"PFBA","idw__mil_airport.milfire.milsusp__5km","cov","tobit","B_all",0.177663097120236,0.0560453931281323,0.00152446417895479,26221,10143,0.104191297051981,"***"
"PFHpA","idw__mil_airport.milfire.milsusp__5km","raw","detect","B_all",0.0330599603651092,0.00718093494864188,4.14747633243696e-06,26223,10143,0.0327193684933074,"***"
"PFHpA","idw__mil_airport.milfire.milsusp__5km","raw","tobit","B_all",0.339015772900451,0.0593679562858951,1.12699845659344e-08,26223,10143,0.0327193684933074,"***"
"PFHpA","idw__mil_airport.milfire.milsusp__5km","cov","detect","B_all",0.019328586579302,0.00673816239944861,0.00412390745188865,26223,10143,0.0327193684933074,"***"
"PFHpA","idw__mil_airport.milfire.milsusp__5km","cov","tobit","B_all",0.176331273935635,0.057401474658379,0.00212704892695109,26223,10143,0.0327193684933074,"***"
"PFOS","idw__mil_airport.milfire.milsusp__10km","raw","detect","B_all",0.0336592014238115,0.00534243398863858,2.96975201366027e-10,26223,10143,0.0868703046943523,"***"
"PFOS","idw__mil_airport.milfire.milsusp__10km","raw","tobit","B_all",0.261174973489326,0.0357676260139087,2.83534922050352e-13,26223,10143,0.0868703046943523,"***"
"PFOS","idw__mil_airport.milfire.milsusp__10km","cov","detect","B_all",0.0264047634667449,0.00523184908355729,4.4897141805494e-07,26223,10143,0.0868703046943523,"***"
"PFOS","idw__mil_airport.milfire.milsusp__10km","cov","tobit","B_all",0.206173176560004,0.0355230151559947,6.47774239469047e-09,26223,10143,0.0868703046943523,"***"
"PFOA","idw__mil_airport.milfire.milsusp__10km","raw","detect","B_all",0.037153538104361,0.00576545717747323,1.16241132770344e-10,26223,10143,0.0853449262098158,"***"
"PFOA","idw__mil_airport.milfire.milsusp__10km","raw","tobit","B_all",0.235513916295088,0.0307419025752691,1.84481480667201e-14,26223,10143,0.0853449262098158,"***"
"PFOA","idw__mil_airport.milfire.milsusp__10km","cov","detect","B_all",0.0213368177682898,0.00512856627784786,3.1770951436968e-05,26223,10143,0.0853449262098158,"***"
"PFOA","idw__mil_airport.milfire.milsusp__10km","cov","tobit","B_all",0.141041468851645,0.0289732849699862,1.12742825850592e-06,26223,10143,0.0853449262098158,"***"
"PFHxS","idw__mil_airport.milfire.milsusp__10km","raw","detect","B_all",0.0383116575282327,0.00527851759128124,3.92758284030657e-13,26222,10143,0.0665471741285943,"***"
"PFHxS","idw__mil_airport.milfire.milsusp__10km","raw","tobit","B_all",0.29861444331306,0.0357340946863918,6.45684369961008e-17,26222,10143,0.0665471741285943,"***"
"PFHxS","idw__mil_airport.milfire.milsusp__10km","cov","detect","B_all",0.030520502317242,0.0050041178870232,1.06682406399808e-09,26222,10143,0.0665471741285943,"***"
"PFHxS","idw__mil_airport.milfire.milsusp__10km","cov","tobit","B_all",0.219840670866316,0.0328469774994744,2.18830045749166e-11,26222,10143,0.0665471741285943,"***"
"PFBS","idw__mil_airport.milfire.milsusp__10km","raw","detect","B_all",0.0265559226237738,0.005634796958938,2.4428244620348e-06,26223,10143,0.108835754871678,"***"
"PFBS","idw__mil_airport.milfire.milsusp__10km","raw","tobit","B_all",0.122390473145375,0.0272004335136853,6.80884826423929e-06,26223,10143,0.108835754871678,"***"
"PFBS","idw__mil_airport.milfire.milsusp__10km","cov","detect","B_all",0.0167178387674172,0.00528758171415279,0.0015684172929662,26223,10143,0.108835754871678,"***"
"PFBS","idw__mil_airport.milfire.milsusp__10km","cov","tobit","B_all",0.0674364072964017,0.0270155511161939,0.0125529331243687,26223,10143,0.108835754871678,"**"
"PFHxA","idw__mil_airport.milfire.milsusp__10km","raw","detect","B_all",0.0604750083365941,0.00678958583081227,5.24204070824819e-19,26223,10143,0.112077184151318,"***"
"PFHxA","idw__mil_airport.milfire.milsusp__10km","raw","tobit","B_all",0.289020025477126,0.0272406020993077,2.68039865803407e-26,26223,10143,0.112077184151318,"***"
"PFHxA","idw__mil_airport.milfire.milsusp__10km","cov","detect","B_all",0.045974829942849,0.00590558045851616,6.97238454562807e-15,26223,10143,0.112077184151318,"***"
"PFHxA","idw__mil_airport.milfire.milsusp__10km","cov","tobit","B_all",0.205078815635729,0.0240835235733392,1.66136520961548e-17,26223,10143,0.112077184151318,"***"
"PFPeA","idw__mil_airport.milfire.milsusp__10km","raw","detect","B_all",0.0660916477933612,0.00727750255963276,1.06952427348575e-19,26222,10143,0.130272290443139,"***"
"PFPeA","idw__mil_airport.milfire.milsusp__10km","raw","tobit","B_all",0.335093786572306,0.0314982857774618,1.97328468282287e-26,26222,10143,0.130272290443139,"***"
"PFPeA","idw__mil_airport.milfire.milsusp__10km","cov","detect","B_all",0.0476102486979796,0.00607457541263594,4.59145039424847e-15,26222,10143,0.130272290443139,"***"
"PFPeA","idw__mil_airport.milfire.milsusp__10km","cov","tobit","B_all",0.222134597914289,0.0263210255971267,3.18873895091761e-17,26222,10143,0.130272290443139,"***"
"PFBA","idw__mil_airport.milfire.milsusp__10km","raw","detect","B_all",0.0387659641486705,0.00597716408376244,8.83333922346009e-11,26221,10143,0.104191297051981,"***"
"PFBA","idw__mil_airport.milfire.milsusp__10km","raw","tobit","B_all",0.224339772470594,0.0347775191319022,1.11325617880451e-10,26221,10143,0.104191297051981,"***"
"PFBA","idw__mil_airport.milfire.milsusp__10km","cov","detect","B_all",0.0316499926003316,0.00513309620645525,7.00976326318839e-10,26221,10143,0.104191297051981,"***"
"PFBA","idw__mil_airport.milfire.milsusp__10km","cov","tobit","B_all",0.173177521669013,0.0262014573768583,3.85720723326403e-11,26221,10143,0.104191297051981,"***"
"PFHpA","idw__mil_airport.milfire.milsusp__10km","raw","detect","B_all",0.020357920435471,0.00356645085009472,1.14194944581322e-08,26223,10143,0.0327193684933074,"***"
"PFHpA","idw__mil_airport.milfire.milsusp__10km","raw","tobit","B_all",0.215298312906403,0.0300242949449469,7.45589729685116e-13,26223,10143,0.0327193684933074,"***"
"PFHpA","idw__mil_airport.milfire.milsusp__10km","cov","detect","B_all",0.0142864151863688,0.00342600379662642,3.04607693351479e-05,26223,10143,0.0327193684933074,"***"
"PFHpA","idw__mil_airport.milfire.milsusp__10km","cov","tobit","B_all",0.136749644700406,0.0314516592414915,1.37427812567223e-05,26223,10143,0.0327193684933074,"***"
"PFOS","idw__mil_airport.milfire.milsusp__25km","raw","detect","B_all",0.0193853724479298,0.00231670946606705,5.87876120856927e-17,26223,10143,0.0868703046943523,"***"
"PFOS","idw__mil_airport.milfire.milsusp__25km","raw","tobit","B_all",0.153386343418806,0.0166373112283683,2.98714325997821e-20,26223,10143,0.0868703046943523,"***"
"PFOS","idw__mil_airport.milfire.milsusp__25km","cov","detect","B_all",0.0163921176973237,0.00239645363680499,7.91067634723784e-12,26223,10143,0.0868703046943523,"***"
"PFOS","idw__mil_airport.milfire.milsusp__25km","cov","tobit","B_all",0.130402192319145,0.0177045437890084,1.76530835069778e-13,26223,10143,0.0868703046943523,"***"
"PFOA","idw__mil_airport.milfire.milsusp__25km","raw","detect","B_all",0.0252314360060431,0.00259728051909355,2.61376857900073e-22,26223,10143,0.0853449262098158,"***"
"PFOA","idw__mil_airport.milfire.milsusp__25km","raw","tobit","B_all",0.162459124620144,0.0146230554135212,1.12419300408785e-28,26223,10143,0.0853449262098158,"***"
"PFOA","idw__mil_airport.milfire.milsusp__25km","cov","detect","B_all",0.0178448521523738,0.00238566437311335,7.43030229465608e-14,26223,10143,0.0853449262098158,"***"
"PFOA","idw__mil_airport.milfire.milsusp__25km","cov","tobit","B_all",0.116486583388351,0.0143708634772712,5.24224323799328e-16,26223,10143,0.0853449262098158,"***"
"PFHxS","idw__mil_airport.milfire.milsusp__25km","raw","detect","B_all",0.0172202652247762,0.00200726796912095,9.57374078855399e-18,26222,10143,0.0665471741285943,"***"
"PFHxS","idw__mil_airport.milfire.milsusp__25km","raw","tobit","B_all",0.140670825683465,0.0150025442603342,6.82219107149266e-21,26222,10143,0.0665471741285943,"***"
"PFHxS","idw__mil_airport.milfire.milsusp__25km","cov","detect","B_all",0.0134537815201688,0.00207838641942382,9.59578161245502e-11,26222,10143,0.0665471741285943,"***"
"PFHxS","idw__mil_airport.milfire.milsusp__25km","cov","tobit","B_all",0.102285458803272,0.0164106180751386,4.57928835713563e-10,26222,10143,0.0665471741285943,"***"
"PFBS","idw__mil_airport.milfire.milsusp__25km","raw","detect","B_all",0.0181844148531774,0.00258048403604248,1.82946727805707e-12,26223,10143,0.108835754871678,"***"
"PFBS","idw__mil_airport.milfire.milsusp__25km","raw","tobit","B_all",0.0891456853860801,0.0127129061128135,2.34567173501978e-12,26223,10143,0.108835754871678,"***"
"PFBS","idw__mil_airport.milfire.milsusp__25km","cov","detect","B_all",0.0140078772175329,0.00249475750547604,1.96647096509384e-08,26223,10143,0.108835754871678,"***"
"PFBS","idw__mil_airport.milfire.milsusp__25km","cov","tobit","B_all",0.0653801556221816,0.0132510790016443,8.05832517184467e-07,26223,10143,0.108835754871678,"***"
"PFHxA","idw__mil_airport.milfire.milsusp__25km","raw","detect","B_all",0.0360401538790219,0.00277684083177064,1.61319449139774e-38,26223,10143,0.112077184151318,"***"
"PFHxA","idw__mil_airport.milfire.milsusp__25km","raw","tobit","B_all",0.17776484647339,0.0119279894261462,3.14309568036608e-50,26223,10143,0.112077184151318,"***"
"PFHxA","idw__mil_airport.milfire.milsusp__25km","cov","detect","B_all",0.0298636862331367,0.00256492569133524,2.48804932775763e-31,26223,10143,0.112077184151318,"***"
"PFHxA","idw__mil_airport.milfire.milsusp__25km","cov","tobit","B_all",0.140067571426007,0.0115980165860027,1.39970680963122e-33,26223,10143,0.112077184151318,"***"
"PFPeA","idw__mil_airport.milfire.milsusp__25km","raw","detect","B_all",0.0395127596442076,0.0029526768761429,7.7032700436757e-41,26222,10143,0.130272290443139,"***"
"PFPeA","idw__mil_airport.milfire.milsusp__25km","raw","tobit","B_all",0.20676366044062,0.0137555309855474,4.57855709887418e-51,26222,10143,0.130272290443139,"***"
"PFPeA","idw__mil_airport.milfire.milsusp__25km","cov","detect","B_all",0.0312181521574734,0.00264761627811443,4.34141174145634e-32,26222,10143,0.130272290443139,"***"
"PFPeA","idw__mil_airport.milfire.milsusp__25km","cov","tobit","B_all",0.155419142848026,0.0127062720774064,2.10520519256364e-34,26222,10143,0.130272290443139,"***"
"PFBA","idw__mil_airport.milfire.milsusp__25km","raw","detect","B_all",0.0238280100499631,0.00264957678130654,2.40269932706477e-19,26221,10143,0.104191297051981,"***"
"PFBA","idw__mil_airport.milfire.milsusp__25km","raw","tobit","B_all",0.139202581600489,0.016950264817916,2.16786438226869e-16,26221,10143,0.104191297051981,"***"
"PFBA","idw__mil_airport.milfire.milsusp__25km","cov","detect","B_all",0.0209431540562878,0.00239080433424571,1.95461977926009e-18,26221,10143,0.104191297051981,"***"
"PFBA","idw__mil_airport.milfire.milsusp__25km","cov","tobit","B_all",0.119476093720187,0.0130256283876322,4.62662225233267e-20,26221,10143,0.104191297051981,"***"
"PFHpA","idw__mil_airport.milfire.milsusp__25km","raw","detect","B_all",0.0103541431678573,0.00161572616626105,1.47100285167871e-10,26223,10143,0.0327193684933074,"***"
"PFHpA","idw__mil_airport.milfire.milsusp__25km","raw","tobit","B_all",0.120814968525233,0.0155846096837268,9.03159434770366e-15,26223,10143,0.0327193684933074,"***"
"PFHpA","idw__mil_airport.milfire.milsusp__25km","cov","detect","B_all",0.00770000858669342,0.0016348383838586,2.47776423639389e-06,26223,10143,0.0327193684933074,"***"
"PFHpA","idw__mil_airport.milfire.milsusp__25km","cov","tobit","B_all",0.0851746000627015,0.0173569163844381,9.23657400832334e-07,26223,10143,0.0327193684933074,"***"
"PFOS","idw__mil_airport.milfire.milbase__5km","raw","detect","B_all",0.0325141507798004,0.0109566655834842,0.00300210386199028,26223,10143,0.0868703046943523,"***"
"PFOS","idw__mil_airport.milfire.milbase__5km","raw","tobit","B_all",0.263250825893016,0.0759899086259886,0.000531639670668337,26223,10143,0.0868703046943523,"***"
"PFOS","idw__mil_airport.milfire.milbase__5km","cov","detect","B_all",0.0226378274563696,0.00871014449283632,0.00934907101721742,26223,10143,0.0868703046943523,"***"
"PFOS","idw__mil_airport.milfire.milbase__5km","cov","tobit","B_all",0.195815771701478,0.0612036465516467,0.00137707514047012,26223,10143,0.0868703046943523,"***"
"PFOA","idw__mil_airport.milfire.milbase__5km","raw","detect","B_all",0.0319396229379584,0.0108516405939733,0.00324734614763869,26223,10143,0.0853449262098158,"***"
"PFOA","idw__mil_airport.milfire.milbase__5km","raw","tobit","B_all",0.20730258412284,0.06119057955773,0.000704508395581749,26223,10143,0.0853449262098158,"***"
"PFOA","idw__mil_airport.milfire.milbase__5km","cov","detect","B_all",0.011904884746882,0.00701020267646684,0.0894657530768836,26223,10143,0.0853449262098158,"*"
"PFOA","idw__mil_airport.milfire.milbase__5km","cov","tobit","B_all",0.0957075472365372,0.0428083465865047,0.0253700099999118,26223,10143,0.0853449262098158,"**"
"PFHxS","idw__mil_airport.milfire.milbase__5km","raw","detect","B_all",0.0455470972040394,0.0115092020312052,7.57539827317149e-05,26222,10143,0.0665471741285943,"***"
"PFHxS","idw__mil_airport.milfire.milbase__5km","raw","tobit","B_all",0.364529287951685,0.0818945387033895,8.53902244133172e-06,26222,10143,0.0665471741285943,"***"
"PFHxS","idw__mil_airport.milfire.milbase__5km","cov","detect","B_all",0.0333329327077999,0.00956340641346654,0.000491279728694325,26222,10143,0.0665471741285943,"***"
"PFHxS","idw__mil_airport.milfire.milbase__5km","cov","tobit","B_all",0.253084629618054,0.0633258144044796,6.42729711437336e-05,26222,10143,0.0665471741285943,"***"
"PFBS","idw__mil_airport.milfire.milbase__5km","raw","detect","B_all",0.0165398280385224,0.00998177272233703,0.0975188545444159,26223,10143,0.108835754871678,"*"
"PFBS","idw__mil_airport.milfire.milbase__5km","raw","tobit","B_all",0.0750973692857336,0.0524238800368884,0.151999899097086,26223,10143,0.108835754871678,""
"PFBS","idw__mil_airport.milfire.milbase__5km","cov","detect","B_all",0.00377154254781742,0.00750817326224189,0.615438981259241,26223,10143,0.108835754871678,""
"PFBS","idw__mil_airport.milfire.milbase__5km","cov","tobit","B_all",0.0018750967349694,0.0448837114075725,0.966676649313846,26223,10143,0.108835754871678,""
"PFHxA","idw__mil_airport.milfire.milbase__5km","raw","detect","B_all",0.051299331315683,0.0149378281970835,0.000594328753640363,26223,10143,0.112077184151318,"***"
"PFHxA","idw__mil_airport.milfire.milbase__5km","raw","tobit","B_all",0.255551787341638,0.0639852099901993,6.49898959075331e-05,26223,10143,0.112077184151318,"***"
"PFHxA","idw__mil_airport.milfire.milbase__5km","cov","detect","B_all",0.0329736460236912,0.0109296953309587,0.00255385744365948,26223,10143,0.112077184151318,"***"
"PFHxA","idw__mil_airport.milfire.milbase__5km","cov","tobit","B_all",0.155185417283208,0.045225571256104,0.000600553185453669,26223,10143,0.112077184151318,"***"
"PFPeA","idw__mil_airport.milfire.milbase__5km","raw","detect","B_all",0.0570396229214716,0.0166701799110066,0.000622409827970966,26222,10143,0.130272290443139,"***"
"PFPeA","idw__mil_airport.milfire.milbase__5km","raw","tobit","B_all",0.299240681294503,0.0758218969860421,7.9260169863169e-05,26222,10143,0.130272290443139,"***"
"PFPeA","idw__mil_airport.milfire.milbase__5km","cov","detect","B_all",0.0349706843417387,0.0117494616878244,0.0029168765071978,26222,10143,0.130272290443139,"***"
"PFPeA","idw__mil_airport.milfire.milbase__5km","cov","tobit","B_all",0.167185413030034,0.0516379081594424,0.00120519058135318,26222,10143,0.130272290443139,"***"
"PFBA","idw__mil_airport.milfire.milbase__5km","raw","detect","B_all",0.0210389130977699,0.01041623242305,0.0434020765108483,26221,10143,0.104191297051981,"**"
"PFBA","idw__mil_airport.milfire.milbase__5km","raw","tobit","B_all",0.157215218687103,0.0641100341985217,0.014195745239087,26221,10143,0.104191297051981,"**"
"PFBA","idw__mil_airport.milfire.milbase__5km","cov","detect","B_all",0.0148046240262068,0.00726397249971971,0.0415410113161048,26221,10143,0.104191297051981,"**"
"PFBA","idw__mil_airport.milfire.milbase__5km","cov","tobit","B_all",0.10177249167699,0.0432862373214774,0.0187154238031501,26221,10143,0.104191297051981,"**"
"PFHpA","idw__mil_airport.milfire.milbase__5km","raw","detect","B_all",0.0194967168515488,0.00624076642594915,0.00178355809253011,26223,10143,0.0327193684933074,"***"
"PFHpA","idw__mil_airport.milfire.milbase__5km","raw","tobit","B_all",0.208164090336556,0.0570134185216269,0.000261076772849688,26223,10143,0.0327193684933074,"***"
"PFHpA","idw__mil_airport.milfire.milbase__5km","cov","detect","B_all",0.0108145077392772,0.00465570674629578,0.0201872197629596,26223,10143,0.0327193684933074,"**"
"PFHpA","idw__mil_airport.milfire.milbase__5km","cov","tobit","B_all",0.103598217702944,0.0443934714666709,0.0196147727327186,26223,10143,0.0327193684933074,"**"
"PFOS","idw__mil_airport.milfire.milbase__10km","raw","detect","B_all",0.0272681991201087,0.00522541464230372,1.80494885714512e-07,26223,10143,0.0868703046943523,"***"
"PFOS","idw__mil_airport.milfire.milbase__10km","raw","tobit","B_all",0.213538141315373,0.0359196137629869,2.7664309899263e-09,26223,10143,0.0868703046943523,"***"
"PFOS","idw__mil_airport.milfire.milbase__10km","cov","detect","B_all",0.0215178365290776,0.00470330246042781,4.76109841991481e-06,26223,10143,0.0868703046943523,"***"
"PFOS","idw__mil_airport.milfire.milbase__10km","cov","tobit","B_all",0.172018243415929,0.0320854504621268,8.26463018959615e-08,26223,10143,0.0868703046943523,"***"
"PFOA","idw__mil_airport.milfire.milbase__10km","raw","detect","B_all",0.0316845908647142,0.00565943526073668,2.16160965874746e-08,26223,10143,0.0853449262098158,"***"
"PFOA","idw__mil_airport.milfire.milbase__10km","raw","tobit","B_all",0.201492022442979,0.0312873531580914,1.19436571605034e-10,26223,10143,0.0853449262098158,"***"
"PFOA","idw__mil_airport.milfire.milbase__10km","cov","detect","B_all",0.0189489824406367,0.00433519764912163,1.23700550078401e-05,26223,10143,0.0853449262098158,"***"
"PFOA","idw__mil_airport.milfire.milbase__10km","cov","tobit","B_all",0.128443500613641,0.0244302563603239,1.45980509405449e-07,26223,10143,0.0853449262098158,"***"
"PFHxS","idw__mil_airport.milfire.milbase__10km","raw","detect","B_all",0.0297357972155202,0.00498587988136246,2.46133834736791e-09,26222,10143,0.0665471741285943,"***"
"PFHxS","idw__mil_airport.milfire.milbase__10km","raw","tobit","B_all",0.238918265613397,0.0363097817558323,4.70456838402945e-11,26222,10143,0.0665471741285943,"***"
"PFHxS","idw__mil_airport.milfire.milbase__10km","cov","detect","B_all",0.0229849537106436,0.00450403311462809,3.33968742945884e-07,26222,10143,0.0665471741285943,"***"
"PFHxS","idw__mil_airport.milfire.milbase__10km","cov","tobit","B_all",0.173449554242428,0.0307883935265504,1.7648409195937e-08,26222,10143,0.0665471741285943,"***"
"PFBS","idw__mil_airport.milfire.milbase__10km","raw","detect","B_all",0.0205561171066791,0.00522144053078952,8.25523170603838e-05,26223,10143,0.108835754871678,"***"
"PFBS","idw__mil_airport.milfire.milbase__10km","raw","tobit","B_all",0.099609243637257,0.0256937164564507,0.000105841933816519,26223,10143,0.108835754871678,"***"
"PFBS","idw__mil_airport.milfire.milbase__10km","cov","detect","B_all",0.0124433098435008,0.00441559844137389,0.00483185803133849,26223,10143,0.108835754871678,"***"
"PFBS","idw__mil_airport.milfire.milbase__10km","cov","tobit","B_all",0.0558162924932214,0.0231942377088509,0.0161074218282805,26223,10143,0.108835754871678,"**"
"PFHxA","idw__mil_airport.milfire.milbase__10km","raw","detect","B_all",0.0469467280951777,0.00714982932379504,5.16388027403114e-11,26223,10143,0.112077184151318,"***"
"PFHxA","idw__mil_airport.milfire.milbase__10km","raw","tobit","B_all",0.229318275358089,0.030526057230608,5.81356382451869e-14,26223,10143,0.112077184151318,"***"
"PFHxA","idw__mil_airport.milfire.milbase__10km","cov","detect","B_all",0.0351484175088374,0.00581731864833275,1.52186556043386e-09,26223,10143,0.112077184151318,"***"
"PFHxA","idw__mil_airport.milfire.milbase__10km","cov","tobit","B_all",0.163246468405499,0.023423817762901,3.18632486170871e-12,26223,10143,0.112077184151318,"***"
"PFPeA","idw__mil_airport.milfire.milbase__10km","raw","detect","B_all",0.0509401001249452,0.0077528421953963,5.01443912328569e-11,26222,10143,0.130272290443139,"***"
"PFPeA","idw__mil_airport.milfire.milbase__10km","raw","tobit","B_all",0.262702016270405,0.0351729832360698,8.08937912232283e-14,26222,10143,0.130272290443139,"***"
"PFPeA","idw__mil_airport.milfire.milbase__10km","cov","detect","B_all",0.036241852478479,0.00605280531778023,2.12943714873114e-09,26222,10143,0.130272290443139,"***"
"PFPeA","idw__mil_airport.milfire.milbase__10km","cov","tobit","B_all",0.174789694407107,0.0260041303340857,1.79724064907062e-11,26222,10143,0.130272290443139,"***"
"PFBA","idw__mil_airport.milfire.milbase__10km","raw","detect","B_all",0.0267019026204189,0.00556420033804555,1.59559229800901e-06,26221,10143,0.104191297051981,"***"
"PFBA","idw__mil_airport.milfire.milbase__10km","raw","tobit","B_all",0.163376442107269,0.032259141444975,4.09472288068638e-07,26221,10143,0.104191297051981,"***"
"PFBA","idw__mil_airport.milfire.milbase__10km","cov","detect","B_all",0.0211350328367541,0.00442580909985484,1.79345553165851e-06,26221,10143,0.104191297051981,"***"
"PFBA","idw__mil_airport.milfire.milbase__10km","cov","tobit","B_all",0.126482270143176,0.0231628134482895,4.74596084556851e-08,26221,10143,0.104191297051981,"***"
"PFHpA","idw__mil_airport.milfire.milbase__10km","raw","detect","B_all",0.0153255230963819,0.00315500116698786,1.18857178431887e-06,26223,10143,0.0327193684933074,"***"
"PFHpA","idw__mil_airport.milfire.milbase__10km","raw","tobit","B_all",0.166865204321157,0.0290300333409529,9.02947065193998e-09,26223,10143,0.0327193684933074,"***"
"PFHpA","idw__mil_airport.milfire.milbase__10km","cov","detect","B_all",0.0103954835383501,0.00272210692245183,0.000134042215043314,26223,10143,0.0327193684933074,"***"
"PFHpA","idw__mil_airport.milfire.milbase__10km","cov","tobit","B_all",0.105235580789871,0.0258882520409748,4.8033764708423e-05,26223,10143,0.0327193684933074,"***"
"PFOS","idw__mil_airport.milfire.milbase__25km","raw","detect","B_all",0.0182944557835876,0.00215586312771405,2.14041064842846e-17,26223,10143,0.0868703046943523,"***"
"PFOS","idw__mil_airport.milfire.milbase__25km","raw","tobit","B_all",0.147442944703031,0.0159140044838333,1.95112576888781e-20,26223,10143,0.0868703046943523,"***"
"PFOS","idw__mil_airport.milfire.milbase__25km","cov","detect","B_all",0.015322837970953,0.00215635984099407,1.19556776153621e-12,26223,10143,0.0868703046943523,"***"
"PFOS","idw__mil_airport.milfire.milbase__25km","cov","tobit","B_all",0.125526546597336,0.0162841215161432,1.27280876111793e-14,26223,10143,0.0868703046943523,"***"
"PFOA","idw__mil_airport.milfire.milbase__25km","raw","detect","B_all",0.0242331715496495,0.00242730831703565,1.79899050067647e-23,26223,10143,0.0853449262098158,"***"
"PFOA","idw__mil_airport.milfire.milbase__25km","raw","tobit","B_all",0.159135813923349,0.0141977512502224,3.70323446540951e-29,26223,10143,0.0853449262098158,"***"
"PFOA","idw__mil_airport.milfire.milbase__25km","cov","detect","B_all",0.0170435374368538,0.00213318925739434,1.35269969709341e-15,26223,10143,0.0853449262098158,"***"
"PFOA","idw__mil_airport.milfire.milbase__25km","cov","tobit","B_all",0.115126540556174,0.013100715514658,1.52509640131891e-18,26223,10143,0.0853449262098158,"***"
"PFHxS","idw__mil_airport.milfire.milbase__25km","raw","detect","B_all",0.015744720815048,0.0018638459986854,2.97768596387407e-17,26222,10143,0.0665471741285943,"***"
"PFHxS","idw__mil_airport.milfire.milbase__25km","raw","tobit","B_all",0.134272840118663,0.0147020449159377,6.66660737079886e-20,26222,10143,0.0665471741285943,"***"
"PFHxS","idw__mil_airport.milfire.milbase__25km","cov","detect","B_all",0.0120544494212222,0.0018365036663778,5.24522700247308e-11,26222,10143,0.0665471741285943,"***"
"PFHxS","idw__mil_airport.milfire.milbase__25km","cov","tobit","B_all",0.0973366066879083,0.0148618324864266,5.77551502243476e-11,26222,10143,0.0665471741285943,"***"
"PFBS","idw__mil_airport.milfire.milbase__25km","raw","detect","B_all",0.0170248040999316,0.00233791287726948,3.287792905689e-13,26223,10143,0.108835754871678,"***"
"PFBS","idw__mil_airport.milfire.milbase__25km","raw","tobit","B_all",0.0873621969026427,0.011922732481071,2.34724233531249e-13,26223,10143,0.108835754871678,"***"
"PFBS","idw__mil_airport.milfire.milbase__25km","cov","detect","B_all",0.0129177645110808,0.00222267998942628,6.18058248975442e-09,26223,10143,0.108835754871678,"***"
"PFBS","idw__mil_airport.milfire.milbase__25km","cov","tobit","B_all",0.0652722091301147,0.011990977364875,5.226028218379e-08,26223,10143,0.108835754871678,"***"
"PFHxA","idw__mil_airport.milfire.milbase__25km","raw","detect","B_all",0.0325207571271307,0.00264774098812982,1.12532122879918e-34,26223,10143,0.112077184151318,"***"
"PFHxA","idw__mil_airport.milfire.milbase__25km","raw","tobit","B_all",0.166586055979363,0.0120316776137857,1.35205969506826e-43,26223,10143,0.112077184151318,"***"
"PFHxA","idw__mil_airport.milfire.milbase__25km","cov","detect","B_all",0.0265330298695227,0.00239335629695197,1.46508928480236e-28,26223,10143,0.112077184151318,"***"
"PFHxA","idw__mil_airport.milfire.milbase__25km","cov","tobit","B_all",0.131574905032235,0.0110435264779201,9.98064462569541e-33,26223,10143,0.112077184151318,"***"
"PFPeA","idw__mil_airport.milfire.milbase__25km","raw","detect","B_all",0.0355340298296357,0.00283638265377123,5.25093210074066e-36,26222,10143,0.130272290443139,"***"
"PFPeA","idw__mil_airport.milfire.milbase__25km","raw","tobit","B_all",0.192078309448015,0.0137698583448802,3.18218348458739e-44,26222,10143,0.130272290443139,"***"
"PFPeA","idw__mil_airport.milfire.milbase__25km","cov","detect","B_all",0.027767339305486,0.00248517192034506,5.51531635580702e-29,26222,10143,0.130272290443139,"***"
"PFPeA","idw__mil_airport.milfire.milbase__25km","cov","tobit","B_all",0.145052275126265,0.012134101627272,6.17987930452226e-33,26222,10143,0.130272290443139,"***"
"PFBA","idw__mil_airport.milfire.milbase__25km","raw","detect","B_all",0.0192406933045043,0.00240132639594478,1.12374881743593e-15,26221,10143,0.104191297051981,"***"
"PFBA","idw__mil_airport.milfire.milbase__25km","raw","tobit","B_all",0.118082906852614,0.0159039157079876,1.12976562706176e-13,26221,10143,0.104191297051981,"***"
"PFBA","idw__mil_airport.milfire.milbase__25km","cov","detect","B_all",0.0164463379739833,0.00214080684057047,1.56247359014944e-14,26221,10143,0.104191297051981,"***"
"PFBA","idw__mil_airport.milfire.milbase__25km","cov","tobit","B_all",0.100821457531194,0.0123331799328986,2.96321538689911e-16,26221,10143,0.104191297051981,"***"
"PFHpA","idw__mil_airport.milfire.milbase__25km","raw","detect","B_all",0.0092241828997729,0.00144894440382506,1.93844535832099e-10,26223,10143,0.0327193684933074,"***"
"PFHpA","idw__mil_airport.milfire.milbase__25km","raw","tobit","B_all",0.111761669045721,0.0149226995180875,6.92031916571477e-14,26223,10143,0.0327193684933074,"***"
"PFHpA","idw__mil_airport.milfire.milbase__25km","cov","detect","B_all",0.00659765426728029,0.0013936148654186,2.19918633850501e-06,26223,10143,0.0327193684933074,"***"
"PFHpA","idw__mil_airport.milfire.milbase__25km","cov","tobit","B_all",0.0776145764267239,0.0155718405287473,6.21895942594618e-07,26223,10143,0.0327193684933074,"***"
"PFOS","idw__mil_airport.milsusp.milbase__5km","raw","detect","B_all",0.0335915882358381,0.0122450423943975,0.00608286668362895,26223,10143,0.0868703046943523,"***"
"PFOS","idw__mil_airport.milsusp.milbase__5km","raw","tobit","B_all",0.274163494473253,0.0845290212967832,0.0011810212701208,26223,10143,0.0868703046943523,"***"
"PFOS","idw__mil_airport.milsusp.milbase__5km","cov","detect","B_all",0.0233965996843926,0.00949638944217027,0.0137497216898588,26223,10143,0.0868703046943523,"**"
"PFOS","idw__mil_airport.milsusp.milbase__5km","cov","tobit","B_all",0.205204234068289,0.0669213657782548,0.00216690540432909,26223,10143,0.0868703046943523,"***"
"PFOA","idw__mil_airport.milsusp.milbase__5km","raw","detect","B_all",0.0289408011427168,0.0112805794876254,0.0103014731036006,26223,10143,0.0853449262098158,"**"
"PFOA","idw__mil_airport.milsusp.milbase__5km","raw","tobit","B_all",0.192647939658283,0.0647182980853771,0.00291354553472035,26223,10143,0.0853449262098158,"***"
"PFOA","idw__mil_airport.milsusp.milbase__5km","cov","detect","B_all",0.0081432593647743,0.00704766433224821,0.247904128512259,26223,10143,0.0853449262098158,""
"PFOA","idw__mil_airport.milsusp.milbase__5km","cov","tobit","B_all",0.0743426568493141,0.0449739341633836,0.0983274982770752,26223,10143,0.0853449262098158,"*"
"PFHxS","idw__mil_airport.milsusp.milbase__5km","raw","detect","B_all",0.0499523401849118,0.0140661085692469,0.00038339857266441,26222,10143,0.0665471741285943,"***"
"PFHxS","idw__mil_airport.milsusp.milbase__5km","raw","tobit","B_all",0.39213514813052,0.096684994671558,4.99626740270998e-05,26222,10143,0.0665471741285943,"***"
"PFHxS","idw__mil_airport.milsusp.milbase__5km","cov","detect","B_all",0.038929774003435,0.0116163790004108,0.000804380399527372,26222,10143,0.0665471741285943,"***"
"PFHxS","idw__mil_airport.milsusp.milbase__5km","cov","tobit","B_all",0.292211863032535,0.0730038699664444,6.26263276940566e-05,26222,10143,0.0665471741285943,"***"
"PFBS","idw__mil_airport.milsusp.milbase__5km","raw","detect","B_all",0.0222826421049212,0.0117643553578551,0.058214257624775,26223,10143,0.108835754871678,"*"
"PFBS","idw__mil_airport.milsusp.milbase__5km","raw","tobit","B_all",0.108940453373854,0.0592320480593419,0.065883613700385,26223,10143,0.108835754871678,"*"
"PFBS","idw__mil_airport.milsusp.milbase__5km","cov","detect","B_all",0.0102866344444179,0.00870218408638811,0.237175934398027,26223,10143,0.108835754871678,""
"PFBS","idw__mil_airport.milsusp.milbase__5km","cov","tobit","B_all",0.0421663300833583,0.049152544182745,0.390966082698117,26223,10143,0.108835754871678,""
"PFHxA","idw__mil_airport.milsusp.milbase__5km","raw","detect","B_all",0.0524463661925931,0.0166571755946858,0.00164068631308487,26223,10143,0.112077184151318,"***"
"PFHxA","idw__mil_airport.milsusp.milbase__5km","raw","tobit","B_all",0.263489311065503,0.0710773027826462,0.000209661988205021,26223,10143,0.112077184151318,"***"
"PFHxA","idw__mil_airport.milsusp.milbase__5km","cov","detect","B_all",0.0347744442247711,0.0119593204653231,0.00364065501643924,26223,10143,0.112077184151318,"***"
"PFHxA","idw__mil_airport.milsusp.milbase__5km","cov","tobit","B_all",0.16539023230045,0.0493141912962238,0.000797082163012118,26223,10143,0.112077184151318,"***"
"PFPeA","idw__mil_airport.milsusp.milbase__5km","raw","detect","B_all",0.0578711070013034,0.018551636617881,0.00181182241394642,26222,10143,0.130272290443139,"***"
"PFPeA","idw__mil_airport.milsusp.milbase__5km","raw","tobit","B_all",0.307920738998316,0.0846039738520849,0.000273110567674735,26222,10143,0.130272290443139,"***"
"PFPeA","idw__mil_airport.milsusp.milbase__5km","cov","detect","B_all",0.0368853320365303,0.0129101391793788,0.00427554764746592,26222,10143,0.130272290443139,"***"
"PFPeA","idw__mil_airport.milsusp.milbase__5km","cov","tobit","B_all",0.17996989281572,0.0566699323635673,0.00149446457286487,26222,10143,0.130272290443139,"***"
"PFBA","idw__mil_airport.milsusp.milbase__5km","raw","detect","B_all",0.0255634150208347,0.011964146788299,0.0326249675547071,26221,10143,0.104191297051981,"**"
"PFBA","idw__mil_airport.milsusp.milbase__5km","raw","tobit","B_all",0.188322586579453,0.0726533765224282,0.00954005531945617,26221,10143,0.104191297051981,"***"
"PFBA","idw__mil_airport.milsusp.milbase__5km","cov","detect","B_all",0.0217112802841569,0.0083081557227476,0.00896859134441637,26221,10143,0.104191297051981,"***"
"PFBA","idw__mil_airport.milsusp.milbase__5km","cov","tobit","B_all",0.145258898123924,0.0470804225238486,0.00203322672810458,26221,10143,0.104191297051981,"***"
"PFHpA","idw__mil_airport.milsusp.milbase__5km","raw","detect","B_all",0.0197733591972505,0.00691211679894999,0.00422732555238166,26223,10143,0.0327193684933074,"***"
"PFHpA","idw__mil_airport.milsusp.milbase__5km","raw","tobit","B_all",0.213016137947334,0.0630113807312601,0.000723283178951369,26223,10143,0.0327193684933074,"***"
"PFHpA","idw__mil_airport.milsusp.milbase__5km","cov","detect","B_all",0.011224605954278,0.0050401262632736,0.0259440283167226,26223,10143,0.0327193684933074,"**"
"PFHpA","idw__mil_airport.milsusp.milbase__5km","cov","tobit","B_all",0.10718917410434,0.0486520612660442,0.0275821718735068,26223,10143,0.0327193684933074,"**"
"PFOS","idw__mil_airport.milsusp.milbase__10km","raw","detect","B_all",0.0283061450868309,0.0057527749885665,8.63528661381971e-07,26223,10143,0.0868703046943523,"***"
"PFOS","idw__mil_airport.milsusp.milbase__10km","raw","tobit","B_all",0.221702211334962,0.0392723572722205,1.64942942458e-08,26223,10143,0.0868703046943523,"***"
"PFOS","idw__mil_airport.milsusp.milbase__10km","cov","detect","B_all",0.0220632702640588,0.00498982774142771,9.79501720684218e-06,26223,10143,0.0868703046943523,"***"
"PFOS","idw__mil_airport.milsusp.milbase__10km","cov","tobit","B_all",0.176640642890974,0.0337975321178101,1.72808476748828e-07,26223,10143,0.0868703046943523,"***"
"PFOA","idw__mil_airport.milsusp.milbase__10km","raw","detect","B_all",0.0312209511519365,0.00602534741744479,2.19988443956903e-07,26223,10143,0.0853449262098158,"***"
"PFOA","idw__mil_airport.milsusp.milbase__10km","raw","tobit","B_all",0.199580685548967,0.0332175990831262,1.87500104419717e-09,26223,10143,0.0853449262098158,"***"
"PFOA","idw__mil_airport.milsusp.milbase__10km","cov","detect","B_all",0.0176924627201015,0.00440733192915802,5.96161572589716e-05,26223,10143,0.0853449262098158,"***"
"PFOA","idw__mil_airport.milsusp.milbase__10km","cov","tobit","B_all",0.121967594582522,0.0245380731953902,6.6764997318579e-07,26223,10143,0.0853449262098158,"***"
"PFHxS","idw__mil_airport.milsusp.milbase__10km","raw","detect","B_all",0.0322638035429125,0.00602446840581218,8.53387138564615e-08,26222,10143,0.0665471741285943,"***"
"PFHxS","idw__mil_airport.milsusp.milbase__10km","raw","tobit","B_all",0.254730478341255,0.0428831460621797,2.84836013347256e-09,26222,10143,0.0665471741285943,"***"
"PFHxS","idw__mil_airport.milsusp.milbase__10km","cov","detect","B_all",0.0257811657286699,0.00529307170217485,1.11182161052642e-06,26222,10143,0.0665471741285943,"***"
"PFHxS","idw__mil_airport.milsusp.milbase__10km","cov","tobit","B_all",0.191876461152431,0.0344055801162488,2.44843281844016e-08,26222,10143,0.0665471741285943,"***"
"PFBS","idw__mil_airport.milsusp.milbase__10km","raw","detect","B_all",0.0242386683196271,0.00587637599931826,3.71113955023424e-05,26223,10143,0.108835754871678,"***"
"PFBS","idw__mil_airport.milsusp.milbase__10km","raw","tobit","B_all",0.119665640019496,0.0280395723001248,1.97462152878746e-05,26223,10143,0.108835754871678,"***"
"PFBS","idw__mil_airport.milsusp.milbase__10km","cov","detect","B_all",0.016097504664813,0.0048317915476111,0.000863541815577882,26223,10143,0.108835754871678,"***"
"PFBS","idw__mil_airport.milsusp.milbase__10km","cov","tobit","B_all",0.077459361256673,0.0242618000602918,0.00140975207463887,26223,10143,0.108835754871678,"***"
"PFHxA","idw__mil_airport.milsusp.milbase__10km","raw","detect","B_all",0.0496083703595643,0.00803867332288284,6.77677843756044e-10,26223,10143,0.112077184151318,"***"
"PFHxA","idw__mil_airport.milsusp.milbase__10km","raw","tobit","B_all",0.240561534854136,0.0337813454571395,1.07041572876012e-12,26223,10143,0.112077184151318,"***"
"PFHxA","idw__mil_airport.milsusp.milbase__10km","cov","detect","B_all",0.0374624135504004,0.0063696964304818,4.06933846496133e-09,26223,10143,0.112077184151318,"***"
"PFHxA","idw__mil_airport.milsusp.milbase__10km","cov","tobit","B_all",0.172898932324447,0.0248880830474721,3.72984950126549e-12,26223,10143,0.112077184151318,"***"
"PFPeA","idw__mil_airport.milsusp.milbase__10km","raw","detect","B_all",0.0535313106289982,0.0087148608435651,8.12163664785043e-10,26222,10143,0.130272290443139,"***"
"PFPeA","idw__mil_airport.milsusp.milbase__10km","raw","tobit","B_all",0.275567268317919,0.039110542803211,1.84324272649466e-12,26222,10143,0.130272290443139,"***"
"PFPeA","idw__mil_airport.milsusp.milbase__10km","cov","detect","B_all",0.0386199728929901,0.00664557999255744,6.19609291132551e-09,26222,10143,0.130272290443139,"***"
"PFPeA","idw__mil_airport.milsusp.milbase__10km","cov","tobit","B_all",0.186594536490916,0.0278316139977,2.02222474591461e-11,26222,10143,0.130272290443139,"***"
"PFBA","idw__mil_airport.milsusp.milbase__10km","raw","detect","B_all",0.0309046929682276,0.00633163610203707,1.05551173506383e-06,26221,10143,0.104191297051981,"***"
"PFBA","idw__mil_airport.milsusp.milbase__10km","raw","tobit","B_all",0.186494312796238,0.036108714666464,2.40695315253053e-07,26221,10143,0.104191297051981,"***"
"PFBA","idw__mil_airport.milsusp.milbase__10km","cov","detect","B_all",0.0257481863401803,0.00496366434464147,2.13325581288073e-07,26221,10143,0.104191297051981,"***"
"PFBA","idw__mil_airport.milsusp.milbase__10km","cov","tobit","B_all",0.151495327458831,0.0248967677057687,1.16535241755148e-09,26221,10143,0.104191297051981,"***"
"PFHpA","idw__mil_airport.milsusp.milbase__10km","raw","detect","B_all",0.0159000841278001,0.00339174063975268,2.76045417804165e-06,26223,10143,0.0327193684933074,"***"
"PFHpA","idw__mil_airport.milsusp.milbase__10km","raw","tobit","B_all",0.172596770042098,0.0311667123450195,3.06196565404985e-08,26223,10143,0.0327193684933074,"***"
"PFHpA","idw__mil_airport.milsusp.milbase__10km","cov","detect","B_all",0.0108695579099964,0.00278470758765961,9.4888728201865e-05,26223,10143,0.0327193684933074,"***"
"PFHpA","idw__mil_airport.milsusp.milbase__10km","cov","tobit","B_all",0.109006417302076,0.0260937964352679,2.94751380955886e-05,26223,10143,0.0327193684933074,"***"
"PFOS","idw__mil_airport.milsusp.milbase__25km","raw","detect","B_all",0.0191694234585914,0.00227344648340408,3.40161422510139e-17,26223,10143,0.0868703046943523,"***"
"PFOS","idw__mil_airport.milsusp.milbase__25km","raw","tobit","B_all",0.154116095482521,0.0166723433576086,2.37856612106429e-20,26223,10143,0.0868703046943523,"***"
"PFOS","idw__mil_airport.milsusp.milbase__25km","cov","detect","B_all",0.015883333758067,0.00221476917517102,7.41519059019959e-13,26223,10143,0.0868703046943523,"***"
"PFOS","idw__mil_airport.milsusp.milbase__25km","cov","tobit","B_all",0.129761111909848,0.0165907912452441,5.22916923553724e-15,26223,10143,0.0868703046943523,"***"
"PFOA","idw__mil_airport.milsusp.milbase__25km","raw","detect","B_all",0.0246761917001554,0.00254095515116127,2.69649969750192e-22,26223,10143,0.0853449262098158,"***"
"PFOA","idw__mil_airport.milsusp.milbase__25km","raw","tobit","B_all",0.161757588954254,0.0147450328386513,5.30897519757725e-28,26223,10143,0.0853449262098158,"***"
"PFOA","idw__mil_airport.milsusp.milbase__25km","cov","detect","B_all",0.0169620247330372,0.00216468439692401,4.65882783453095e-15,26223,10143,0.0853449262098158,"***"
"PFOA","idw__mil_airport.milsusp.milbase__25km","cov","tobit","B_all",0.114873507312092,0.013036188789687,1.23049495438767e-18,26223,10143,0.0853449262098158,"***"
"PFHxS","idw__mil_airport.milsusp.milbase__25km","raw","detect","B_all",0.0167267319696311,0.00212135572308743,3.14723063987067e-15,26222,10143,0.0665471741285943,"***"
"PFHxS","idw__mil_airport.milsusp.milbase__25km","raw","tobit","B_all",0.141319445842393,0.0167223382852646,2.88971426676259e-17,26222,10143,0.0665471741285943,"***"
"PFHxS","idw__mil_airport.milsusp.milbase__25km","cov","detect","B_all",0.0129883071553239,0.00200497538026145,9.29228156280463e-11,26222,10143,0.0665471741285943,"***"
"PFHxS","idw__mil_airport.milsusp.milbase__25km","cov","tobit","B_all",0.104102083400411,0.0156621251577467,2.99654415708081e-11,26222,10143,0.0665471741285943,"***"
"PFBS","idw__mil_airport.milsusp.milbase__25km","raw","detect","B_all",0.0190572058763942,0.00245582967471213,8.49382206946252e-15,26223,10143,0.108835754871678,"***"
"PFBS","idw__mil_airport.milsusp.milbase__25km","raw","tobit","B_all",0.0990267874570318,0.0122568816663207,6.51499089935721e-16,26223,10143,0.108835754871678,"***"
"PFBS","idw__mil_airport.milsusp.milbase__25km","cov","detect","B_all",0.01479719971031,0.00229752378718597,1.19081321122626e-10,26223,10143,0.108835754871678,"***"
"PFBS","idw__mil_airport.milsusp.milbase__25km","cov","tobit","B_all",0.0773591556360073,0.0120593999705344,1.40968203423117e-10,26223,10143,0.108835754871678,"***"
"PFHxA","idw__mil_airport.milsusp.milbase__25km","raw","detect","B_all",0.0344098676082795,0.00285386142287499,1.77503912911248e-33,26223,10143,0.112077184151318,"***"
"PFHxA","idw__mil_airport.milsusp.milbase__25km","raw","tobit","B_all",0.174733356725747,0.012759724171362,1.10066649608622e-42,26223,10143,0.112077184151318,"***"
"PFHxA","idw__mil_airport.milsusp.milbase__25km","cov","detect","B_all",0.0279638319252149,0.00251357193833308,9.46604447419219e-29,26223,10143,0.112077184151318,"***"
"PFHxA","idw__mil_airport.milsusp.milbase__25km","cov","tobit","B_all",0.137661547951176,0.0112602638396493,2.27380160432304e-34,26223,10143,0.112077184151318,"***"
"PFPeA","idw__mil_airport.milsusp.milbase__25km","raw","detect","B_all",0.0374670297279098,0.00306848698814817,2.7400576406516e-34,26222,10143,0.130272290443139,"***"
"PFPeA","idw__mil_airport.milsusp.milbase__25km","raw","tobit","B_all",0.201480199556776,0.0146692429960547,6.27654433067453e-43,26222,10143,0.130272290443139,"***"
"PFPeA","idw__mil_airport.milsusp.milbase__25km","cov","detect","B_all",0.0292115532218917,0.00261538762831243,5.77564004255323e-29,26222,10143,0.130272290443139,"***"
"PFPeA","idw__mil_airport.milsusp.milbase__25km","cov","tobit","B_all",0.15230264484907,0.0124152704125896,1.35595774602637e-34,26222,10143,0.130272290443139,"***"
"PFBA","idw__mil_airport.milsusp.milbase__25km","raw","detect","B_all",0.021711164644671,0.00256554374277607,2.61486455836228e-17,26221,10143,0.104191297051981,"***"
"PFBA","idw__mil_airport.milsusp.milbase__25km","raw","tobit","B_all",0.131194452946278,0.0169521160207887,1.00107598733993e-14,26221,10143,0.104191297051981,"***"
"PFBA","idw__mil_airport.milsusp.milbase__25km","cov","detect","B_all",0.0187085522855938,0.00226826269882957,1.61113982771691e-16,26221,10143,0.104191297051981,"***"
"PFBA","idw__mil_airport.milsusp.milbase__25km","cov","tobit","B_all",0.113103203505744,0.0127739027429142,8.42557496447521e-19,26221,10143,0.104191297051981,"***"
"PFHpA","idw__mil_airport.milsusp.milbase__25km","raw","detect","B_all",0.00975732902199196,0.0015027536369562,8.41624095001008e-11,26223,10143,0.0327193684933074,"***"
"PFHpA","idw__mil_airport.milsusp.milbase__25km","raw","tobit","B_all",0.117697375448615,0.0153669462366097,1.87202858249753e-14,26223,10143,0.0327193684933074,"***"
"PFHpA","idw__mil_airport.milsusp.milbase__25km","cov","detect","B_all",0.00702577614349399,0.00138189996968867,3.69290931027959e-07,26223,10143,0.0327193684933074,"***"
"PFHpA","idw__mil_airport.milsusp.milbase__25km","cov","tobit","B_all",0.0823383009973839,0.015236344798244,6.5144853812273e-08,26223,10143,0.0327193684933074,"***"
"PFOS","idw__mil_milfire.milsusp.milbase__5km","raw","detect","B_all",0.0201187757571114,0.0129331772163299,0.11980461342101,26223,10143,0.0868703046943523,""
"PFOS","idw__mil_milfire.milsusp.milbase__5km","raw","tobit","B_all",0.195679796087753,0.101023107501331,0.0527477188366372,26223,10143,0.0868703046943523,"*"
"PFOS","idw__mil_milfire.milsusp.milbase__5km","cov","detect","B_all",0.0120397096043888,0.00971100849682404,0.215049329849737,26223,10143,0.0868703046943523,""
"PFOS","idw__mil_milfire.milsusp.milbase__5km","cov","tobit","B_all",0.155273188833672,0.0824884595849063,0.0597868042603197,26223,10143,0.0868703046943523,"*"
"PFOA","idw__mil_milfire.milsusp.milbase__5km","raw","detect","B_all",0.0186034779329466,0.0118001043801287,0.114898649238138,26223,10143,0.0853449262098158,""
"PFOA","idw__mil_milfire.milsusp.milbase__5km","raw","tobit","B_all",0.139712118693329,0.0753066863001002,0.0635616928348953,26223,10143,0.0853449262098158,"*"
"PFOA","idw__mil_milfire.milsusp.milbase__5km","cov","detect","B_all",0.00354056918524385,0.00758425859245535,0.640620590832695,26223,10143,0.0853449262098158,""
"PFOA","idw__mil_milfire.milsusp.milbase__5km","cov","tobit","B_all",0.0670041369178547,0.0575539647606578,0.244344299741021,26223,10143,0.0853449262098158,""
"PFHxS","idw__mil_milfire.milsusp.milbase__5km","raw","detect","B_all",0.0360468577765303,0.0165490800538528,0.0293927167725843,26222,10143,0.0665471741285943,"**"
"PFHxS","idw__mil_milfire.milsusp.milbase__5km","raw","tobit","B_all",0.328390328646623,0.122896531115922,0.00753809091362455,26222,10143,0.0665471741285943,"***"
"PFHxS","idw__mil_milfire.milsusp.milbase__5km","cov","detect","B_all",0.0222665555156668,0.0122529579259536,0.0691804943839949,26222,10143,0.0665471741285943,"*"
"PFHxS","idw__mil_milfire.milsusp.milbase__5km","cov","tobit","B_all",0.201833397225174,0.0865986055039371,0.0197703861996563,26222,10143,0.0665471741285943,"**"
"PFBS","idw__mil_milfire.milsusp.milbase__5km","raw","detect","B_all",0.000665891405436683,0.0116274167798871,0.954330854358706,26223,10143,0.108835754871678,""
"PFBS","idw__mil_milfire.milsusp.milbase__5km","raw","tobit","B_all",-0.0030900871018509,0.0739803476547393,0.966682826725307,26223,10143,0.108835754871678,""
"PFBS","idw__mil_milfire.milsusp.milbase__5km","cov","detect","B_all",-0.00810785716238658,0.00907131225761766,0.371433730865615,26223,10143,0.108835754871678,""
"PFBS","idw__mil_milfire.milsusp.milbase__5km","cov","tobit","B_all",-0.0610214535260022,0.0661383871310022,0.356198531783863,26223,10143,0.108835754871678,""
"PFHxA","idw__mil_milfire.milsusp.milbase__5km","raw","detect","B_all",0.0309970827661793,0.0173761103967259,0.0744414177851814,26223,10143,0.112077184151318,"*"
"PFHxA","idw__mil_milfire.milsusp.milbase__5km","raw","tobit","B_all",0.169699177485208,0.0790227505084175,0.0317556903691885,26223,10143,0.112077184151318,"**"
"PFHxA","idw__mil_milfire.milsusp.milbase__5km","cov","detect","B_all",0.0152608239123188,0.0124208030512364,0.219202932134165,26223,10143,0.112077184151318,""
"PFHxA","idw__mil_milfire.milsusp.milbase__5km","cov","tobit","B_all",0.0816307218216171,0.0599573947816343,0.173362429092497,26223,10143,0.112077184151318,""
"PFPeA","idw__mil_milfire.milsusp.milbase__5km","raw","detect","B_all",0.0354644419657789,0.0197739853188878,0.0728946321489527,26222,10143,0.130272290443139,"*"
"PFPeA","idw__mil_milfire.milsusp.milbase__5km","raw","tobit","B_all",0.196786774326412,0.0951635063085179,0.0386512463577234,26222,10143,0.130272290443139,"**"
"PFPeA","idw__mil_milfire.milsusp.milbase__5km","cov","detect","B_all",0.0170489819776923,0.0135373996832908,0.207886401046594,26222,10143,0.130272290443139,""
"PFPeA","idw__mil_milfire.milsusp.milbase__5km","cov","tobit","B_all",0.0722380003888899,0.0679935400237159,0.28804303212761,26222,10143,0.130272290443139,""
"PFBA","idw__mil_milfire.milsusp.milbase__5km","raw","detect","B_all",-0.00898521269935155,0.00947492481224497,0.342969150377458,26221,10143,0.104191297051981,""
"PFBA","idw__mil_milfire.milsusp.milbase__5km","raw","tobit","B_all",-0.0494465523542055,0.074723265002024,0.50814490773721,26221,10143,0.104191297051981,""
"PFBA","idw__mil_milfire.milsusp.milbase__5km","cov","detect","B_all",-0.0130888409627613,0.0071146688809203,0.0658126110587521,26221,10143,0.104191297051981,"*"
"PFBA","idw__mil_milfire.milsusp.milbase__5km","cov","tobit","B_all",-0.133010306369412,0.0596711950263124,0.0258103227467567,26221,10143,0.104191297051981,"**"
"PFHpA","idw__mil_milfire.milsusp.milbase__5km","raw","detect","B_all",0.0151071089516846,0.00799708308614393,0.0588814577766718,26223,10143,0.0327193684933074,"*"
"PFHpA","idw__mil_milfire.milsusp.milbase__5km","raw","tobit","B_all",0.189736095319786,0.0809254790556871,0.0190486273168391,26223,10143,0.0327193684933074,"**"
"PFHpA","idw__mil_milfire.milsusp.milbase__5km","cov","detect","B_all",0.00697558118377487,0.00535398771141385,0.192617156799282,26223,10143,0.0327193684933074,""
"PFHpA","idw__mil_milfire.milsusp.milbase__5km","cov","tobit","B_all",0.103653880350718,0.063468067283361,0.102434119207633,26223,10143,0.0327193684933074,""
"PFOS","idw__mil_milfire.milsusp.milbase__10km","raw","detect","B_all",0.0242748978225811,0.00808376830526078,0.00267403985118468,26223,10143,0.0868703046943523,"***"
"PFOS","idw__mil_milfire.milsusp.milbase__10km","raw","tobit","B_all",0.206316571380859,0.0575478807891526,0.000336911742862252,26223,10143,0.0868703046943523,"***"
"PFOS","idw__mil_milfire.milsusp.milbase__10km","cov","detect","B_all",0.0177292792233487,0.00658475569702843,0.0070924203828728,26223,10143,0.0868703046943523,"***"
"PFOS","idw__mil_milfire.milsusp.milbase__10km","cov","tobit","B_all",0.173708238593696,0.0484981467924684,0.000341300283599164,26223,10143,0.0868703046943523,"***"
"PFOA","idw__mil_milfire.milsusp.milbase__10km","raw","detect","B_all",0.0267956587341766,0.00795269196055009,0.0007533688582087,26223,10143,0.0853449262098158,"***"
"PFOA","idw__mil_milfire.milsusp.milbase__10km","raw","tobit","B_all",0.178783562960957,0.0454303005348486,8.30798803246357e-05,26223,10143,0.0853449262098158,"***"
"PFOA","idw__mil_milfire.milsusp.milbase__10km","cov","detect","B_all",0.0141062948595759,0.00546666066258942,0.00986794669842652,26223,10143,0.0853449262098158,"***"
"PFOA","idw__mil_milfire.milsusp.milbase__10km","cov","tobit","B_all",0.118820728935427,0.0345971501333497,0.00059384963399744,26223,10143,0.0853449262098158,"***"
"PFHxS","idw__mil_milfire.milsusp.milbase__10km","raw","detect","B_all",0.0258457752280093,0.009116802632509,0.00458313538942164,26222,10143,0.0665471741285943,"***"
"PFHxS","idw__mil_milfire.milsusp.milbase__10km","raw","tobit","B_all",0.22740771876613,0.0679692748418069,0.000820624474183522,26222,10143,0.0665471741285943,"***"
"PFHxS","idw__mil_milfire.milsusp.milbase__10km","cov","detect","B_all",0.0165868578663874,0.00712667472471704,0.0199422316033325,26222,10143,0.0665471741285943,"**"
"PFHxS","idw__mil_milfire.milsusp.milbase__10km","cov","tobit","B_all",0.145213027643115,0.0489710838351281,0.00302406505353843,26222,10143,0.0665471741285943,"***"
"PFBS","idw__mil_milfire.milsusp.milbase__10km","raw","detect","B_all",0.00831663852806533,0.00705736462370493,0.238623623832501,26223,10143,0.108835754871678,""
"PFBS","idw__mil_milfire.milsusp.milbase__10km","raw","tobit","B_all",0.0480671812589865,0.0407785786850873,0.238503291089408,26223,10143,0.108835754871678,""
"PFBS","idw__mil_milfire.milsusp.milbase__10km","cov","detect","B_all",0.000782346822439755,0.0056745471914362,0.890343578151454,26223,10143,0.108835754871678,""
"PFBS","idw__mil_milfire.milsusp.milbase__10km","cov","tobit","B_all",0.00614453546696136,0.0372775993920847,0.869076338558983,26223,10143,0.108835754871678,""
"PFHxA","idw__mil_milfire.milsusp.milbase__10km","raw","detect","B_all",0.0282418194187855,0.00967977520277285,0.00352723986575901,26223,10143,0.112077184151318,"***"
"PFHxA","idw__mil_milfire.milsusp.milbase__10km","raw","tobit","B_all",0.153390870318756,0.0443125892375939,0.000537046112150413,26223,10143,0.112077184151318,"***"
"PFHxA","idw__mil_milfire.milsusp.milbase__10km","cov","detect","B_all",0.0157075483565949,0.00710942251875519,0.0271469264048591,26223,10143,0.112077184151318,"**"
"PFHxA","idw__mil_milfire.milsusp.milbase__10km","cov","tobit","B_all",0.0866183978401256,0.0343138857108657,0.0115930332143717,26223,10143,0.112077184151318,"**"
"PFPeA","idw__mil_milfire.milsusp.milbase__10km","raw","detect","B_all",0.0318730913457107,0.010940121162612,0.00357501424616803,26222,10143,0.130272290443139,"***"
"PFPeA","idw__mil_milfire.milsusp.milbase__10km","raw","tobit","B_all",0.173755823821993,0.0520963359810349,0.000852138071158949,26222,10143,0.130272290443139,"***"
"PFPeA","idw__mil_milfire.milsusp.milbase__10km","cov","detect","B_all",0.0171281714037213,0.00773645272864196,0.0268317572536545,26222,10143,0.130272290443139,"**"
"PFPeA","idw__mil_milfire.milsusp.milbase__10km","cov","tobit","B_all",0.0834412422811114,0.0383417930492771,0.0295367374062767,26222,10143,0.130272290443139,"**"
"PFBA","idw__mil_milfire.milsusp.milbase__10km","raw","detect","B_all",-0.0029393681119485,0.00525977958168258,0.576271843356688,26221,10143,0.104191297051981,""
"PFBA","idw__mil_milfire.milsusp.milbase__10km","raw","tobit","B_all",-0.00847706128960159,0.037380807137564,0.820598106286794,26221,10143,0.104191297051981,""
"PFBA","idw__mil_milfire.milsusp.milbase__10km","cov","detect","B_all",-0.0072151794558499,0.00428481936053074,0.0922022533953217,26221,10143,0.104191297051981,"*"
"PFBA","idw__mil_milfire.milsusp.milbase__10km","cov","tobit","B_all",-0.0582659067495774,0.0322598516914506,0.0708959987058322,26221,10143,0.104191297051981,"*"
"PFHpA","idw__mil_milfire.milsusp.milbase__10km","raw","detect","B_all",0.0135442948370378,0.00487646592284609,0.00547819256624168,26223,10143,0.0327193684933074,"***"
"PFHpA","idw__mil_milfire.milsusp.milbase__10km","raw","tobit","B_all",0.159982824950435,0.0466240291505273,0.000600610697209163,26223,10143,0.0327193684933074,"***"
"PFHpA","idw__mil_milfire.milsusp.milbase__10km","cov","detect","B_all",0.00778882762313684,0.00376998227194726,0.03882737133079,26223,10143,0.0327193684933074,"**"
"PFHpA","idw__mil_milfire.milsusp.milbase__10km","cov","tobit","B_all",0.104549874596358,0.0390580848571554,0.00743335727022494,26223,10143,0.0327193684933074,"***"
"PFOS","idw__mil_milfire.milsusp.milbase__25km","raw","detect","B_all",0.0212040504094191,0.00354701503135492,2.2589586399756e-09,26223,10143,0.0868703046943523,"***"
"PFOS","idw__mil_milfire.milsusp.milbase__25km","raw","tobit","B_all",0.169222675764906,0.0250244941860708,1.35835384793352e-11,26223,10143,0.0868703046943523,"***"
"PFOS","idw__mil_milfire.milsusp.milbase__25km","cov","detect","B_all",0.0164458575438709,0.00339031731912063,1.22945053775066e-06,26223,10143,0.0868703046943523,"***"
"PFOS","idw__mil_milfire.milsusp.milbase__25km","cov","tobit","B_all",0.142989474495143,0.0243218661711427,4.12626994076138e-09,26223,10143,0.0868703046943523,"***"
"PFOA","idw__mil_milfire.milsusp.milbase__25km","raw","detect","B_all",0.0300940712577872,0.00387364540002942,7.91532956926905e-15,26223,10143,0.0853449262098158,"***"
"PFOA","idw__mil_milfire.milsusp.milbase__25km","raw","tobit","B_all",0.18870755101209,0.0210249744922443,2.82324686338147e-19,26223,10143,0.0853449262098158,"***"
"PFOA","idw__mil_milfire.milsusp.milbase__25km","cov","detect","B_all",0.0206531878095733,0.00329641265483204,3.71982570401489e-10,26223,10143,0.0853449262098158,"***"
"PFOA","idw__mil_milfire.milsusp.milbase__25km","cov","tobit","B_all",0.138500545615,0.0187170638685938,1.36498649445634e-13,26223,10143,0.0853449262098158,"***"
"PFHxS","idw__mil_milfire.milsusp.milbase__25km","raw","detect","B_all",0.0146871674511506,0.00338439688297792,1.42696489475779e-05,26222,10143,0.0665471741285943,"***"
"PFHxS","idw__mil_milfire.milsusp.milbase__25km","raw","tobit","B_all",0.131596684297122,0.0278623183375178,2.32269651449626e-06,26222,10143,0.0665471741285943,"***"
"PFHxS","idw__mil_milfire.milsusp.milbase__25km","cov","detect","B_all",0.00890399077283071,0.00296950308325266,0.00271331413173992,26222,10143,0.0665471741285943,"***"
"PFHxS","idw__mil_milfire.milsusp.milbase__25km","cov","tobit","B_all",0.0788072200205648,0.0232566567604505,0.000702535700145086,26222,10143,0.0665471741285943,"***"
"PFBS","idw__mil_milfire.milsusp.milbase__25km","raw","detect","B_all",0.0122390944660874,0.00340944983900461,0.000330987095520175,26223,10143,0.108835754871678,"***"
"PFBS","idw__mil_milfire.milsusp.milbase__25km","raw","tobit","B_all",0.0687839909727346,0.018497247301278,0.000200324534494066,26223,10143,0.108835754871678,"***"
"PFBS","idw__mil_milfire.milsusp.milbase__25km","cov","detect","B_all",0.00678854649455179,0.00319149973965465,0.0334141856498046,26223,10143,0.108835754871678,"**"
"PFBS","idw__mil_milfire.milsusp.milbase__25km","cov","tobit","B_all",0.0424368583423784,0.0188059741098691,0.0240354178595693,26223,10143,0.108835754871678,"**"
"PFHxA","idw__mil_milfire.milsusp.milbase__25km","raw","detect","B_all",0.0246410442167737,0.00408938453338978,1.68470980427675e-09,26223,10143,0.112077184151318,"***"
"PFHxA","idw__mil_milfire.milsusp.milbase__25km","raw","tobit","B_all",0.132394216146492,0.0193004567548787,6.90335192569562e-12,26223,10143,0.112077184151318,"***"
"PFHxA","idw__mil_milfire.milsusp.milbase__25km","cov","detect","B_all",0.0162072836519258,0.00346877893452488,2.97800399875529e-06,26223,10143,0.112077184151318,"***"
"PFHxA","idw__mil_milfire.milsusp.milbase__25km","cov","tobit","B_all",0.0898884871015564,0.0174633503364483,2.64312202907525e-07,26223,10143,0.112077184151318,"***"
"PFPeA","idw__mil_milfire.milsusp.milbase__25km","raw","detect","B_all",0.0275792419293989,0.00452254849891702,1.07293715999528e-09,26222,10143,0.130272290443139,"***"
"PFPeA","idw__mil_milfire.milsusp.milbase__25km","raw","tobit","B_all",0.147884582434739,0.0220888881263994,2.15706592988014e-11,26222,10143,0.130272290443139,"***"
"PFPeA","idw__mil_milfire.milsusp.milbase__25km","cov","detect","B_all",0.0175247543870548,0.00368130208005044,1.93135813260439e-06,26222,10143,0.130272290443139,"***"
"PFPeA","idw__mil_milfire.milsusp.milbase__25km","cov","tobit","B_all",0.0911602612992714,0.0189153203613534,1.43999518412464e-06,26222,10143,0.130272290443139,"***"
"PFBA","idw__mil_milfire.milsusp.milbase__25km","raw","detect","B_all",0.00040963706616766,0.00267649348303703,0.878358922454571,26221,10143,0.104191297051981,""
"PFBA","idw__mil_milfire.milsusp.milbase__25km","raw","tobit","B_all",0.00843937424328797,0.0169947912891551,0.619481076857803,26221,10143,0.104191297051981,""
"PFBA","idw__mil_milfire.milsusp.milbase__25km","cov","detect","B_all",-0.00259240818849158,0.0024053433032682,0.28113616269965,26221,10143,0.104191297051981,""
"PFBA","idw__mil_milfire.milsusp.milbase__25km","cov","tobit","B_all",-0.0129737823185126,0.015982739967652,0.416942525439983,26221,10143,0.104191297051981,""
"PFHpA","idw__mil_milfire.milsusp.milbase__25km","raw","detect","B_all",0.010195729828967,0.00226061029208783,6.47766258176033e-06,26223,10143,0.0327193684933074,"***"
"PFHpA","idw__mil_milfire.milsusp.milbase__25km","raw","tobit","B_all",0.123778408937068,0.0223019660153232,2.8548666211904e-08,26223,10143,0.0327193684933074,"***"
"PFHpA","idw__mil_milfire.milsusp.milbase__25km","cov","detect","B_all",0.00647265793177389,0.0021585551359901,0.0027121715350022,26223,10143,0.0327193684933074,"***"
"PFHpA","idw__mil_milfire.milsusp.milbase__25km","cov","tobit","B_all",0.0872122767262525,0.0228164689199365,0.000132191839993551,26223,10143,0.0327193684933074,"***"
"PFOS","idw__mil_airport.milfire.milsusp.milbase__5km","raw","detect","B_all",0.0321177595449834,0.0108236095369293,0.00300349762638533,26223,10143,0.0868703046943523,"***"
"PFOS","idw__mil_airport.milfire.milsusp.milbase__5km","raw","tobit","B_all",0.263192280680172,0.0760055146041188,0.000534575540883559,26223,10143,0.0868703046943523,"***"
"PFOS","idw__mil_airport.milfire.milsusp.milbase__5km","cov","detect","B_all",0.0222658713572993,0.00861781129782484,0.009774571368266,26223,10143,0.0868703046943523,"***"
"PFOS","idw__mil_airport.milfire.milsusp.milbase__5km","cov","tobit","B_all",0.196851406024844,0.0616613335319667,0.00141065965102139,26223,10143,0.0868703046943523,"***"
"PFOA","idw__mil_airport.milfire.milsusp.milbase__5km","raw","detect","B_all",0.0312103193669184,0.010527913473184,0.00303145305751151,26223,10143,0.0853449262098158,"***"
"PFOA","idw__mil_airport.milfire.milsusp.milbase__5km","raw","tobit","B_all",0.205417047979385,0.0599755405113702,0.000614768417096973,26223,10143,0.0853449262098158,"***"
"PFOA","idw__mil_airport.milfire.milsusp.milbase__5km","cov","detect","B_all",0.0109830600221718,0.00684107903264834,0.108393211067343,26223,10143,0.0853449262098158,""
"PFOA","idw__mil_airport.milfire.milsusp.milbase__5km","cov","tobit","B_all",0.0936733758435049,0.042497227973571,0.0275086509448125,26223,10143,0.0853449262098158,"**"
"PFHxS","idw__mil_airport.milfire.milsusp.milbase__5km","raw","detect","B_all",0.0462236652473509,0.0120661016802187,0.000127691033868451,26222,10143,0.0665471741285943,"***"
"PFHxS","idw__mil_airport.milfire.milsusp.milbase__5km","raw","tobit","B_all",0.371424137259789,0.0858695841766698,1.52224458733308e-05,26222,10143,0.0665471741285943,"***"
"PFHxS","idw__mil_airport.milfire.milsusp.milbase__5km","cov","detect","B_all",0.0341955447707289,0.00995808194065888,0.000594856272048232,26222,10143,0.0665471741285943,"***"
"PFHxS","idw__mil_airport.milfire.milsusp.milbase__5km","cov","tobit","B_all",0.261080678890865,0.0651670204444283,6.16691140334014e-05,26222,10143,0.0665471741285943,"***"
"PFBS","idw__mil_airport.milfire.milsusp.milbase__5km","raw","detect","B_all",0.0171442545654691,0.0100284067513169,0.0873455788704263,26223,10143,0.108835754871678,"*"
"PFBS","idw__mil_airport.milfire.milsusp.milbase__5km","raw","tobit","B_all",0.0799231995413839,0.0528642491572604,0.130570175768296,26223,10143,0.108835754871678,""
"PFBS","idw__mil_airport.milfire.milsusp.milbase__5km","cov","detect","B_all",0.00440681947377011,0.00759943417669051,0.561990256122584,26223,10143,0.108835754871678,""
"PFBS","idw__mil_airport.milfire.milsusp.milbase__5km","cov","tobit","B_all",0.00626594994731348,0.0457361600114774,0.891029135553899,26223,10143,0.108835754871678,""
"PFHxA","idw__mil_airport.milfire.milsusp.milbase__5km","raw","detect","B_all",0.051098930349544,0.014730644333649,0.000522620578562366,26223,10143,0.112077184151318,"***"
"PFHxA","idw__mil_airport.milfire.milsusp.milbase__5km","raw","tobit","B_all",0.257677385685868,0.063656841439055,5.16762432514215e-05,26223,10143,0.112077184151318,"***"
"PFHxA","idw__mil_airport.milfire.milsusp.milbase__5km","cov","detect","B_all",0.0326885075969057,0.0107145931913357,0.00228202279850382,26223,10143,0.112077184151318,"***"
"PFHxA","idw__mil_airport.milfire.milsusp.milbase__5km","cov","tobit","B_all",0.156742993856275,0.0450502377431583,0.00050273788421652,26223,10143,0.112077184151318,"***"
"PFPeA","idw__mil_airport.milfire.milsusp.milbase__5km","raw","detect","B_all",0.0568708200417837,0.0164790677051427,0.00055831802700934,26222,10143,0.130272290443139,"***"
"PFPeA","idw__mil_airport.milfire.milsusp.milbase__5km","raw","tobit","B_all",0.302017189391665,0.0757531646943634,6.6953776949668e-05,26222,10143,0.130272290443139,"***"
"PFPeA","idw__mil_airport.milfire.milsusp.milbase__5km","cov","detect","B_all",0.0347186419871989,0.0115625572110137,0.00267614977764339,26222,10143,0.130272290443139,"***"
"PFPeA","idw__mil_airport.milfire.milsusp.milbase__5km","cov","tobit","B_all",0.167820589923705,0.0513876035608615,0.00109163158591221,26222,10143,0.130272290443139,"***"
"PFBA","idw__mil_airport.milfire.milsusp.milbase__5km","raw","detect","B_all",0.021065762163045,0.0102722139685239,0.0402911153242935,26221,10143,0.104191297051981,"**"
"PFBA","idw__mil_airport.milfire.milsusp.milbase__5km","raw","tobit","B_all",0.159426859470834,0.0637703765104341,0.0124188258998265,26221,10143,0.104191297051981,"**"
"PFBA","idw__mil_airport.milfire.milsusp.milbase__5km","cov","detect","B_all",0.0145164708970302,0.00706190715381495,0.0398208890261432,26221,10143,0.104191297051981,"**"
"PFBA","idw__mil_airport.milfire.milsusp.milbase__5km","cov","tobit","B_all",0.099579770923814,0.0423521831400588,0.0187114076001311,26221,10143,0.104191297051981,"**"
"PFHpA","idw__mil_airport.milfire.milsusp.milbase__5km","raw","detect","B_all",0.0201545716097229,0.00634351589938622,0.00148708256500781,26223,10143,0.0327193684933074,"***"
"PFHpA","idw__mil_airport.milfire.milsusp.milbase__5km","raw","tobit","B_all",0.217965249149459,0.0583855641718456,0.000189058993582734,26223,10143,0.0327193684933074,"***"
"PFHpA","idw__mil_airport.milfire.milsusp.milbase__5km","cov","detect","B_all",0.0114225621012906,0.00470408825263017,0.0151731279324061,26223,10143,0.0327193684933074,"**"
"PFHpA","idw__mil_airport.milfire.milsusp.milbase__5km","cov","tobit","B_all",0.115071663077873,0.0449321486456077,0.0104368478541351,26223,10143,0.0327193684933074,"**"
"PFOS","idw__mil_airport.milfire.milsusp.milbase__10km","raw","detect","B_all",0.0269053309497878,0.00517460546719954,1.99831596587599e-07,26223,10143,0.0868703046943523,"***"
"PFOS","idw__mil_airport.milfire.milsusp.milbase__10km","raw","tobit","B_all",0.212130445950678,0.0358752039140561,3.35911409389127e-09,26223,10143,0.0868703046943523,"***"
"PFOS","idw__mil_airport.milfire.milsusp.milbase__10km","cov","detect","B_all",0.0211707460153977,0.00464398612526777,5.14603406218591e-06,26223,10143,0.0868703046943523,"***"
"PFOS","idw__mil_airport.milfire.milsusp.milbase__10km","cov","tobit","B_all",0.171375668973068,0.0320643047619303,9.05423040558994e-08,26223,10143,0.0868703046943523,"***"
"PFOA","idw__mil_airport.milfire.milsusp.milbase__10km","raw","detect","B_all",0.0310675832905592,0.00551745668049509,1.7939671191722e-08,26223,10143,0.0853449262098158,"***"
"PFOA","idw__mil_airport.milfire.milsusp.milbase__10km","raw","tobit","B_all",0.199027058703985,0.0306474391972205,8.35398722913347e-11,26223,10143,0.0853449262098158,"***"
"PFOA","idw__mil_airport.milfire.milsusp.milbase__10km","cov","detect","B_all",0.0182659975151473,0.0042369575902345,1.62435806771872e-05,26223,10143,0.0853449262098158,"***"
"PFOA","idw__mil_airport.milfire.milsusp.milbase__10km","cov","tobit","B_all",0.126404881873569,0.0241167454330847,1.59385316226043e-07,26223,10143,0.0853449262098158,"***"
"PFHxS","idw__mil_airport.milfire.milsusp.milbase__10km","raw","detect","B_all",0.0299773438054625,0.00526726079217626,1.2610627462956e-08,26222,10143,0.0665471741285943,"***"
"PFHxS","idw__mil_airport.milfire.milsusp.milbase__10km","raw","tobit","B_all",0.241637050128667,0.0384927682341176,3.44135123912226e-10,26222,10143,0.0665471741285943,"***"
"PFHxS","idw__mil_airport.milfire.milsusp.milbase__10km","cov","detect","B_all",0.0233457243923244,0.00468389478008507,6.22011129410005e-07,26222,10143,0.0665471741285943,"***"
"PFHxS","idw__mil_airport.milfire.milsusp.milbase__10km","cov","tobit","B_all",0.176882116072833,0.0315876301831742,2.14689223924845e-08,26222,10143,0.0665471741285943,"***"
"PFBS","idw__mil_airport.milfire.milsusp.milbase__10km","raw","detect","B_all",0.0207279636721927,0.00519174919200233,6.53853786887363e-05,26223,10143,0.108835754871678,"***"
"PFBS","idw__mil_airport.milfire.milsusp.milbase__10km","raw","tobit","B_all",0.101640626326139,0.025651942422568,7.42319731809583e-05,26223,10143,0.108835754871678,"***"
"PFBS","idw__mil_airport.milfire.milsusp.milbase__10km","cov","detect","B_all",0.0126916754204879,0.00440803223045864,0.00398665614740991,26223,10143,0.108835754871678,"***"
"PFBS","idw__mil_airport.milfire.milsusp.milbase__10km","cov","tobit","B_all",0.0583696597198253,0.023281655803882,0.0121723007414056,26223,10143,0.108835754871678,"**"
"PFHxA","idw__mil_airport.milfire.milsusp.milbase__10km","raw","detect","B_all",0.0464170451133392,0.00703586264935598,4.1897447989624e-11,26223,10143,0.112077184151318,"***"
"PFHxA","idw__mil_airport.milfire.milsusp.milbase__10km","raw","tobit","B_all",0.228398036031103,0.0301714247469635,3.73190836055489e-14,26223,10143,0.112077184151318,"***"
"PFHxA","idw__mil_airport.milfire.milsusp.milbase__10km","cov","detect","B_all",0.0346530850206647,0.00570115866295209,1.21498916152621e-09,26223,10143,0.112077184151318,"***"
"PFHxA","idw__mil_airport.milfire.milsusp.milbase__10km","cov","tobit","B_all",0.162706258898623,0.023182490922094,2.24266469616387e-12,26223,10143,0.112077184151318,"***"
"PFPeA","idw__mil_airport.milfire.milsusp.milbase__10km","raw","detect","B_all",0.0503937318368083,0.00765833312283822,4.696639625789e-11,26222,10143,0.130272290443139,"***"
"PFPeA","idw__mil_airport.milfire.milsusp.milbase__10km","raw","tobit","B_all",0.261704939635322,0.034910321467009,6.55485005218e-14,26222,10143,0.130272290443139,"***"
"PFPeA","idw__mil_airport.milfire.milsusp.milbase__10km","cov","detect","B_all",0.035755120692296,0.00595596164420344,1.93407679018103e-09,26222,10143,0.130272290443139,"***"
"PFPeA","idw__mil_airport.milfire.milsusp.milbase__10km","cov","tobit","B_all",0.173750031707562,0.0257499924243084,1.50335463788587e-11,26222,10143,0.130272290443139,"***"
"PFBA","idw__mil_airport.milfire.milsusp.milbase__10km","raw","detect","B_all",0.0262150705575213,0.00544221056729764,1.45740435173712e-06,26221,10143,0.104191297051981,"***"
"PFBA","idw__mil_airport.milfire.milsusp.milbase__10km","raw","tobit","B_all",0.162043007956,0.0318382020598457,3.58861513061802e-07,26221,10143,0.104191297051981,"***"
"PFBA","idw__mil_airport.milfire.milsusp.milbase__10km","cov","detect","B_all",0.0205758196796972,0.00431454695491362,1.85196925323527e-06,26221,10143,0.104191297051981,"***"
"PFBA","idw__mil_airport.milfire.milsusp.milbase__10km","cov","tobit","B_all",0.123857899426506,0.0227032339319504,4.8830308137519e-08,26221,10143,0.104191297051981,"***"
"PFHpA","idw__mil_airport.milfire.milsusp.milbase__10km","raw","detect","B_all",0.015545711873425,0.00317606656852467,9.8484362742144e-07,26223,10143,0.0327193684933074,"***"
"PFHpA","idw__mil_airport.milfire.milsusp.milbase__10km","raw","tobit","B_all",0.170573690616088,0.0294000051289802,6.55969265898989e-09,26223,10143,0.0327193684933074,"***"
"PFHpA","idw__mil_airport.milfire.milsusp.milbase__10km","cov","detect","B_all",0.0106269198281065,0.00272220954626183,9.47000534311821e-05,26223,10143,0.0327193684933074,"***"
"PFHpA","idw__mil_airport.milfire.milsusp.milbase__10km","cov","tobit","B_all",0.109999182084304,0.0259076724220376,2.17800363429395e-05,26223,10143,0.0327193684933074,"***"
"PFOS","idw__mil_airport.milfire.milsusp.milbase__25km","raw","detect","B_all",0.0181768010366014,0.0021471727252406,2.55147525314893e-17,26223,10143,0.0868703046943523,"***"
"PFOS","idw__mil_airport.milfire.milsusp.milbase__25km","raw","tobit","B_all",0.147136568595722,0.0159899004667712,3.51859108709611e-20,26223,10143,0.0868703046943523,"***"
"PFOS","idw__mil_airport.milfire.milsusp.milbase__25km","cov","detect","B_all",0.01518566240113,0.00213667870580499,1.18477183719371e-12,26223,10143,0.0868703046943523,"***"
"PFOS","idw__mil_airport.milfire.milsusp.milbase__25km","cov","tobit","B_all",0.125385853470034,0.0162606067235302,1.24816711884048e-14,26223,10143,0.0868703046943523,"***"
"PFOA","idw__mil_airport.milfire.milsusp.milbase__25km","raw","detect","B_all",0.023884263408105,0.00239059822353499,1.67032879500899e-23,26223,10143,0.0853449262098158,"***"
"PFOA","idw__mil_airport.milfire.milsusp.milbase__25km","raw","tobit","B_all",0.157670527927662,0.0140645652232952,3.62223452161366e-29,26223,10143,0.0853449262098158,"***"
"PFOA","idw__mil_airport.milfire.milsusp.milbase__25km","cov","detect","B_all",0.0166425627122441,0.0021020017032084,2.42366788823647e-15,26223,10143,0.0853449262098158,"***"
"PFOA","idw__mil_airport.milfire.milsusp.milbase__25km","cov","tobit","B_all",0.113759113010694,0.0129975974211235,2.09013418629069e-18,26223,10143,0.0853449262098158,"***"
"PFHxS","idw__mil_airport.milfire.milsusp.milbase__25km","raw","detect","B_all",0.0158544665533895,0.00195545115818442,5.1531550866747e-16,26222,10143,0.0665471741285943,"***"
"PFHxS","idw__mil_airport.milfire.milsusp.milbase__25km","raw","tobit","B_all",0.135836341327003,0.0156899458500054,4.8205237345183e-18,26222,10143,0.0665471741285943,"***"
"PFHxS","idw__mil_airport.milfire.milsusp.milbase__25km","cov","detect","B_all",0.0122039901559287,0.00187765682945566,8.05418862519375e-11,26222,10143,0.0665471741285943,"***"
"PFHxS","idw__mil_airport.milfire.milsusp.milbase__25km","cov","tobit","B_all",0.0989947924099123,0.0150877473348907,5.33512170049591e-11,26222,10143,0.0665471741285943,"***"
"PFBS","idw__mil_airport.milfire.milsusp.milbase__25km","raw","detect","B_all",0.0170818439668882,0.00231736527196483,1.69054554354402e-13,26223,10143,0.108835754871678,"***"
"PFBS","idw__mil_airport.milfire.milsusp.milbase__25km","raw","tobit","B_all",0.0885716422075666,0.0118641075237566,8.2976056506335e-14,26223,10143,0.108835754871678,"***"
"PFBS","idw__mil_airport.milfire.milsusp.milbase__25km","cov","detect","B_all",0.0130165104850801,0.0022053422032209,3.58548193271896e-09,26223,10143,0.108835754871678,"***"
"PFBS","idw__mil_airport.milfire.milsusp.milbase__25km","cov","tobit","B_all",0.0669281898169505,0.0119282451051922,2.01277118750441e-08,26223,10143,0.108835754871678,"***"
"PFHxA","idw__mil_airport.milfire.milsusp.milbase__25km","raw","detect","B_all",0.0322048370249051,0.00263328316922835,2.15155926532068e-34,26223,10143,0.112077184151318,"***"
"PFHxA","idw__mil_airport.milfire.milsusp.milbase__25km","raw","tobit","B_all",0.16586787692452,0.0120382159269297,3.43601067555312e-43,26223,10143,0.112077184151318,"***"
"PFHxA","idw__mil_airport.milfire.milsusp.milbase__25km","cov","detect","B_all",0.0262080021638449,0.00236728956131097,1.73667319964631e-28,26223,10143,0.112077184151318,"***"
"PFHxA","idw__mil_airport.milfire.milsusp.milbase__25km","cov","tobit","B_all",0.130947190058416,0.0109945192933892,1.04695340981192e-32,26223,10143,0.112077184151318,"***"
"PFPeA","idw__mil_airport.milfire.milsusp.milbase__25km","raw","detect","B_all",0.0351948184264579,0.00283301921541361,1.95877825655445e-35,26222,10143,0.130272290443139,"***"
"PFPeA","idw__mil_airport.milfire.milsusp.milbase__25km","raw","tobit","B_all",0.191173361007172,0.0138171246888888,1.54630346157188e-43,26222,10143,0.130272290443139,"***"
"PFPeA","idw__mil_airport.milfire.milsusp.milbase__25km","cov","detect","B_all",0.0274430488741635,0.00246441535016308,8.40592702048667e-29,26222,10143,0.130272290443139,"***"
"PFPeA","idw__mil_airport.milfire.milsusp.milbase__25km","cov","tobit","B_all",0.144170560944337,0.0120697967531386,6.91679026808988e-33,26222,10143,0.130272290443139,"***"
"PFBA","idw__mil_airport.milfire.milsusp.milbase__25km","raw","detect","B_all",0.018944308827369,0.0023692173724051,1.28505810894231e-15,26221,10143,0.104191297051981,"***"
"PFBA","idw__mil_airport.milfire.milsusp.milbase__25km","raw","tobit","B_all",0.1170807960734,0.0157770165221932,1.16263995658041e-13,26221,10143,0.104191297051981,"***"
"PFBA","idw__mil_airport.milfire.milsusp.milbase__25km","cov","detect","B_all",0.0161272049213704,0.00211115676292148,2.18852176289764e-14,26221,10143,0.104191297051981,"***"
"PFBA","idw__mil_airport.milfire.milsusp.milbase__25km","cov","tobit","B_all",0.0995083391246036,0.0121799034462472,3.08698548521177e-16,26221,10143,0.104191297051981,"***"
"PFHpA","idw__mil_airport.milfire.milsusp.milbase__25km","raw","detect","B_all",0.00928793199856404,0.0014489778294216,1.45530102820777e-10,26223,10143,0.0327193684933074,"***"
"PFHpA","idw__mil_airport.milfire.milsusp.milbase__25km","raw","tobit","B_all",0.113251312916709,0.0150468965091451,5.2096043878008e-14,26223,10143,0.0327193684933074,"***"
"PFHpA","idw__mil_airport.milfire.milsusp.milbase__25km","cov","detect","B_all",0.00666116014713174,0.00138574522637498,1.53276769799275e-06,26223,10143,0.0327193684933074,"***"
"PFHpA","idw__mil_airport.milfire.milsusp.milbase__25km","cov","tobit","B_all",0.0794009698239646,0.0155331125414351,3.19233560071373e-07,26223,10143,0.0327193684933074,"***"
