"location_set","radius_km","spec","outcome","estimate","std.error","statistic","p.value","r2","nobs","n_points","sig","supports"
"airport",5,"cov","PFBA",0.350209328889516,0.0961419157486407,3.64262898406482,0.00029937988339334,0.516685983316734,572,774,"***",TRUE
"airport",5,"raw","PFBA",0.803078440594577,0.105909933077088,7.58265459397508,1.38245555456183e-13,0.0916286176638031,572,774,"***",TRUE
"airport",10,"cov","PFBA",0.178851891649019,0.0458044001626696,3.90468799970844,0.000107920384153553,0.518623997701437,572,774,"***",TRUE
"airport",10,"raw","PFBA",0.366710427624927,0.0499628862995876,7.33965658881389,7.41983278024295e-13,0.086348935814082,572,774,"***",TRUE
"airport",25,"cov","PFBA",0.0880154398822016,0.0226091053162244,3.89292007141217,0.000113123471747675,0.518534427703561,572,774,"***",TRUE
"airport",25,"raw","PFBA",0.169879109341072,0.0226299898612475,7.5068133208482,2.34649536257062e-13,0.0899689377229526,572,774,"***",TRUE
"airport+milbase",5,"cov","PFBA",0.299580432644974,0.0867568071817569,3.45310578358824,0.000603433613136709,0.515359320721909,572,1448,"***",TRUE
"airport+milbase",5,"raw","PFBA",0.615488733906952,0.0949252932963684,6.48392765019246,1.93838291545539e-10,0.0686903262118128,572,1448,"***",TRUE
"airport+milbase",10,"cov","PFBA",0.147000649645329,0.0420536029987037,3.49555422516021,0.000517160257884796,0.515650924151305,572,1448,"***",TRUE
"airport+milbase",10,"raw","PFBA",0.281844622492704,0.0456085040772147,6.17965066373465,1.22383105949981e-09,0.062789922123695,572,1448,"***",TRUE
"airport+milbase",25,"cov","PFBA",0.0734564524160006,0.022509374515368,3.26337155063323,0.0011798078586528,0.514095429865585,572,1448,"***",TRUE
"airport+milbase",25,"raw","PFBA",0.141672492004997,0.022467223323492,6.30574103284327,5.7535710637106e-10,0.0652096159607647,572,1448,"***",TRUE
"airport+milfire",5,"cov","PFBA",0.321206558196664,0.0923546206544053,3.47796954738877,0.000551397425714089,0.515529734990939,572,1041,"***",TRUE
"airport+milfire",5,"raw","PFBA",0.710092573256966,0.103387713011566,6.86824916204045,1.70540306176521e-11,0.0764337686199628,572,1041,"***",TRUE
"airport+milfire",10,"cov","PFBA",0.15801095946614,0.0444652334305421,3.55358439111681,0.000417760161694186,0.516054751792973,572,1041,"***",TRUE
"airport+milfire",10,"raw","PFBA",0.303268620691854,0.0492311198825859,6.16009998178258,1.37421481336173e-09,0.062418010591661,572,1041,"***",TRUE
"airport+milfire",25,"cov","PFBA",0.0776743525199376,0.0222908757414428,3.48458057103278,0.00053828466367509,0.515575231909722,572,1041,"***",TRUE
"airport+milfire",25,"raw","PFBA",0.142522440929057,0.0226225592863981,6.30001403133684,5.95585127992635e-10,0.0650989277926054,572,1041,"***",TRUE
"airport+milfire+milbase",5,"cov","PFBA",0.295425820444899,0.0856716539752257,3.44834967853346,0.000613895767558961,0.515326848468316,572,1581,"***",TRUE
"airport+milfire+milbase",5,"raw","PFBA",0.587050790124842,0.0937408065052771,6.26248921905525,7.46433229017719e-10,0.0643755134798678,572,1581,"***",TRUE
"airport+milfire+milbase",10,"cov","PFBA",0.141808712448698,0.0415433691463374,3.4135101548739,0.000695854323551371,0.515090215399926,572,1581,"***",TRUE
"airport+milfire+milbase",10,"raw","PFBA",0.258456584160386,0.0447795835688182,5.77175050686178,1.28908676581984e-08,0.0552169407516096,572,1581,"***",TRUE
"airport+milfire+milbase",25,"cov","PFBA",0.0710389797295631,0.0223895416517484,3.1728644040382,0.00160663745898827,0.513515485533018,572,1581,"***",TRUE
"airport+milfire+milbase",25,"raw","PFBA",0.132188766149742,0.0222254277764727,5.94763653051818,4.74774484676596e-09,0.0584338905813518,572,1581,"***",TRUE
"airport+milfire+milsusp",5,"cov","PFBA",0.302851373178765,0.0892208391909055,3.3944017555221,0.000745029706355928,0.514961352766502,572,1106,"***",TRUE
"airport+milfire+milsusp",5,"raw","PFBA",0.624100132150166,0.098509208166793,6.33544968804802,4.80741950687482e-10,0.0657849991832881,572,1106,"***",TRUE
"airport+milfire+milsusp",10,"cov","PFBA",0.14675721068114,0.0428749120821006,3.42291572283849,0.000672776438525737,0.515153884758867,572,1106,"***",TRUE
"airport+milfire+milsusp",10,"raw","PFBA",0.265091961539729,0.0473895430571932,5.59389148825082,3.45009728851349e-08,0.0520406751704996,572,1106,"***",TRUE
"airport+milfire+milsusp",25,"cov","PFBA",0.0742179626148245,0.0216680168067972,3.42523098798514,0.00066720612905545,0.515169581845088,572,1106,"***",TRUE
"airport+milfire+milsusp",25,"raw","PFBA",0.130599733991199,0.022172520838713,5.89016174305146,6.59835164114807e-09,0.0573744820550882,572,1106,"***",TRUE
"airport+milfire+milsusp+milbase",5,"cov","PFBA",0.300845082930941,0.0833295219354843,3.610306118927,0.000338138313032671,0.51645523359112,572,1625,"***",TRUE
"airport+milfire+milsusp+milbase",5,"raw","PFBA",0.550822188911892,0.0891034338306772,6.18182897371404,1.20810656284843e-09,0.0628314146573982,572,1625,"***",TRUE
"airport+milfire+milsusp+milbase",10,"cov","PFBA",0.146777078652835,0.0406644744456274,3.60946700169682,0.00033920459784515,0.516449267685267,572,1625,"***",TRUE
"airport+milfire+milsusp+milbase",10,"raw","PFBA",0.251950805657206,0.0435348076060553,5.78734165858958,1.18105182518592e-08,0.0554990787312848,572,1625,"***",TRUE
"airport+milfire+milsusp+milbase",25,"cov","PFBA",0.0746409982990283,0.0220732919589368,3.38150731834126,0.000780022677733688,0.514874765975698,572,1625,"***",TRUE
"airport+milfire+milsusp+milbase",25,"raw","PFBA",0.131994453243405,0.022021182654677,5.99397658669214,3.63405187242677e-09,0.0592937937010859,572,1625,"***",TRUE
"airport+milsusp",5,"cov","PFBA",0.326375713922174,0.092627645783251,3.52352379424491,0.000466771665166531,0.51584481637018,572,852,"***",TRUE
"airport+milsusp",5,"raw","PFBA",0.702687696478726,0.100845864347584,6.96793766432285,8.91208114624841e-12,0.0784932279005977,572,852,"***",TRUE
"airport+milsusp",10,"cov","PFBA",0.163579916970123,0.0442645802910785,3.69550362602427,0.000244843024636298,0.517067400612183,572,852,"***",TRUE
"airport+milsusp",10,"raw","PFBA",0.323879062309345,0.0485592427880174,6.66977167916765,6.06966820906088e-11,0.0723952454631557,572,852,"***",TRUE
"airport+milsusp",25,"cov","PFBA",0.0811925125759368,0.0219707269347191,3.69548594441966,0.000244859589193946,0.517067272246511,572,852,"***",TRUE
"airport+milsusp",25,"raw","PFBA",0.153929295641915,0.0223150335972036,6.89800868868979,1.40615033299692e-11,0.0770464221868339,572,852,"***",TRUE
"airport+milsusp+milbase",5,"cov","PFBA",0.304140939610398,0.0841842913216472,3.61279919134024,0.000334988838939926,0.516472966001007,572,1496,"***",TRUE
"airport+milsusp+milbase",5,"raw","PFBA",0.574277532861861,0.0900251930536075,6.37907582736196,3.68796663083976e-10,0.0666335368248499,572,1496,"***",TRUE
"airport+milsusp+milbase",10,"cov","PFBA",0.151594934113401,0.041085167059593,3.68977285387488,0.00025026732047853,0.517025824698106,572,1496,"***",TRUE
"airport+milsusp+milbase",10,"raw","PFBA",0.273099036396139,0.0442359515483978,6.173689653705,1.26789142486126e-09,0.0626764325696697,572,1496,"***",TRUE
"airport+milsusp+milbase",25,"cov","PFBA",0.076932329544623,0.0221689588337857,3.47027256090067,0.000567040048002225,0.515476862619662,572,1496,"***",TRUE
"airport+milsusp+milbase",25,"raw","PFBA",0.141237118496208,0.0222390638381648,6.35085719093216,4.37852132631299e-10,0.066084189255855,572,1496,"***",TRUE
"milbase",5,"cov","PFBA",0.216170945320569,0.21279231677263,1.0158775871196,0.310201598500292,0.504339861940437,572,737,"",FALSE
"milbase",5,"raw","PFBA",0.102954361108055,0.195786758902193,0.525849458284802,0.599197323802668,0.00048488346305499,572,737,"",FALSE
"milbase",10,"cov","PFBA",0.106123903119956,0.105160194270311,1.00916419807258,0.313406457168743,0.504325794742735,572,737,"",FALSE
"milbase",10,"raw","PFBA",0.0992197203153792,0.0945458251746818,1.04943523558086,0.294422590280766,0.00192840444606953,572,737,"",FALSE
"milbase",25,"cov","PFBA",-0.0329637870620635,0.0474006140130986,-0.695429537114316,0.487124095452401,0.503771791085968,572,737,"",FALSE
"milbase",25,"raw","PFBA",0.0351577006916624,0.0398472783902152,0.882311217026446,0.377980458963388,0.0013638795441687,572,737,"",FALSE
"milfire",5,"cov","PFBA",0.0139664360043135,0.363052412075844,0.0384694758656385,0.969329429293509,0.503271264120808,572,305,"",FALSE
"milfire",5,"raw","PFBA",-0.544308697648228,0.356973304358797,-1.52478824327193,0.127866548488293,0.0040623409275683,572,305,"",FALSE
"milfire",10,"cov","PFBA",-0.251966440520792,0.198070271845906,-1.27210629930783,0.203953862585794,0.504945717426373,572,305,"",FALSE
"milfire",10,"raw","PFBA",-0.537829205485081,0.156547140315191,-3.43557349180712,0.000634343084305976,0.0202872138263343,572,305,"***",FALSE
"milfire",25,"cov","PFBA",-0.264322910516542,0.0752003497141826,-3.51491597474169,0.000481767384560373,0.515784996722325,572,305,"***",FALSE
"milfire",25,"raw","PFBA",-0.277745252511183,0.0524755135178642,-5.29285439801614,1.7208393312157e-07,0.0468455475377272,572,305,"***",FALSE
"milfire+milbase",5,"cov","PFBA",0.208134615379541,0.200772668797119,1.03666807153847,0.300414716245255,0.504384012703096,572,879,"",FALSE
"milfire+milbase",5,"raw","PFBA",0.0437613054233195,0.180931226594636,0.241867068758471,0.808970158072917,0.00010262048365696,572,879,"",FALSE
"milfire+milbase",10,"cov","PFBA",0.0723237822050226,0.0973293423241165,0.74308302592015,0.457796460493376,0.50384287322979,572,879,"",FALSE
"milfire+milbase",10,"raw","PFBA",0.0227314400468638,0.083202750358388,0.273205392237039,0.784794292735223,0.000130932304219081,572,879,"",FALSE
"milfire+milbase",25,"cov","PFBA",-0.042451298400757,0.0431202647281437,-0.984486033849648,0.325374638943097,0.504274879181207,572,879,"",FALSE
"milfire+milbase",25,"raw","PFBA",0.000659828842169931,0.0346448859117634,0.0190454904037046,0.984811480586531,6.36369252433253e-07,572,879,"",FALSE
"milfire+milsusp",5,"cov","PFBA",0.0375127466325091,0.27494660982532,0.136436476362963,0.891533682049508,0.5032890698136,572,380,"",FALSE
"milfire+milsusp",5,"raw","PFBA",-0.426086747204063,0.271118038045868,-1.5715912901818,0.116600264141168,0.00431446122651792,572,380,"",FALSE
"milfire+milsusp",10,"cov","PFBA",-0.140849775019846,0.140745641072853,-1.00073987333603,0.317458909072271,0.504308273298823,572,380,"",FALSE
"milfire+milsusp",10,"raw","PFBA",-0.42130560051358,0.11753431873709,-3.58453262877195,0.000366619848324215,0.0220449497909731,572,380,"***",FALSE
"milfire+milsusp",25,"cov","PFBA",-0.155709213499343,0.055008614491189,-2.83063325516559,0.00484133223628661,0.511458906158602,572,380,"***",FALSE
"milfire+milsusp",25,"raw","PFBA",-0.221007925567209,0.0406013890428648,-5.44335873173897,7.77832546149495e-08,0.0494140497618209,572,380,"***",FALSE
"milfire+milsusp+milbase",5,"cov","PFBA",0.251625334924244,0.176016387820491,1.42955629325186,0.153497638324839,0.505384395439131,572,931,"",FALSE
"milfire+milsusp+milbase",5,"raw","PFBA",0.0864627194529697,0.154103674319625,0.561068513354446,0.574971326257091,0.000551972135125698,572,931,"",FALSE
"milfire+milsusp+milbase",10,"cov","PFBA",0.114380635797554,0.0887421607709111,1.28890974485993,0.19805288808619,0.504990132337205,572,931,"",FALSE
"milfire+milsusp+milbase",10,"raw","PFBA",0.0343347357012093,0.0765145933027078,0.448734472983133,0.653793755102181,0.000353143013050086,572,931,"",FALSE
"milfire+milsusp+milbase",25,"cov","PFBA",-0.0113417989810624,0.0410965034498412,-0.275979658340159,0.782682964747854,0.503348862889407,572,931,"",FALSE
"milfire+milsusp+milbase",25,"raw","PFBA",-0.00133528035173377,0.0340120491888356,-0.0392590385930663,0.968697610115222,2.70397884856949e-06,572,931,"",FALSE
"milsusp",5,"cov","PFBA",0.038779769789234,0.428038221282534,0.0905988480959432,0.927849298687254,0.503278255874107,572,91,"",FALSE
"milsusp",5,"raw","PFBA",-0.281646263893442,0.424042140850832,-0.664194042904143,0.506834707147284,0.00077335536496156,572,91,"",FALSE
"milsusp",10,"cov","PFBA",-0.083681188849541,0.24325020328543,-0.34401282185713,0.73098792271658,0.503392677919546,572,91,"",FALSE
"milsusp",10,"raw","PFBA",-0.482885427650958,0.236829897985624,-2.03895467488767,0.0419153562711107,0.00724076120668515,572,91,"**",FALSE
"milsusp",25,"cov","PFBA",-0.157240026358862,0.129908983092776,-1.21038609198078,0.22672894852649,0.504787515712943,572,91,"",FALSE
"milsusp",25,"raw","PFBA",-0.518617201849586,0.118716225646408,-4.36854523487183,1.48613589607259e-05,0.0323963668947095,572,91,"***",FALSE
"milsusp+milbase",5,"cov","PFBA",0.258918318199195,0.182531046825994,1.41848919787339,0.156699635641913,0.505351916921971,572,791,"",FALSE
"milsusp+milbase",5,"raw","PFBA",0.13192281436687,0.162388712361429,0.812389066016171,0.416907572020912,0.00115651354982865,572,791,"",FALSE
"milsusp+milbase",10,"cov","PFBA",0.1466196870573,0.0940729712447066,1.55857399970823,0.119759051279547,0.505781301113911,572,791,"",FALSE
"milsusp+milbase",10,"raw","PFBA",0.0980846551475499,0.0846319950025079,1.15895477998177,0.246959912338657,0.00235090964246439,572,791,"",FALSE
"milsusp+milbase",25,"cov","PFBA",0.00207963752398409,0.0445995006454117,0.0466291661092407,0.962828260638811,0.503271985702847,572,791,"",FALSE
"milsusp+milbase",25,"raw","PFBA",0.0303328528874053,0.0387388867719968,0.783007861478665,0.433947689185346,0.00107446062792569,572,791,"",FALSE
"airport",5,"cov","PFBS",0.0625283264476323,0.0821105454556477,0.761513957807127,0.446584831518205,0.170164818399567,916,774,"",FALSE
"airport",5,"raw","PFBS",-0.108835275744829,0.0744409587064397,-1.46203484796621,0.144075389628189,0.00233321503549501,916,774,"",FALSE
"airport",10,"cov","PFBS",0.0263075787465733,0.0401009443486306,0.656033895807037,0.511999574693249,0.170002714205022,916,774,"",FALSE
"airport",10,"raw","PFBS",-0.0688049755018892,0.0351675694842283,-1.95648935968539,0.0507117182718513,0.00417055400094809,916,774,"*",FALSE
"airport",25,"cov","PFBS",0.00731578932504731,0.0194444832196797,0.376239843579027,0.706842915704967,0.169689408545855,916,774,"",FALSE
"airport",25,"raw","PFBS",-0.0434878055656347,0.0162321201692116,-2.67912047916702,0.00751421657452316,0.00779185888537663,916,774,"***",FALSE
"airport+milbase",5,"cov","PFBS",0.0373868961042925,0.0734660131032142,0.508900572183859,0.610968657685207,0.169816813610576,916,1448,"",FALSE
"airport+milbase",5,"raw","PFBS",-0.140571396493481,0.0644253960112388,-2.18192522198791,0.0293691116691874,0.0051817596989314,916,1448,"**",FALSE
"airport+milbase",10,"cov","PFBS",0.0207283135952738,0.0363774425328803,0.569812283437414,0.568972311379214,0.16988808822337,916,1448,"",FALSE
"airport+milbase",10,"raw","PFBS",-0.0776653890954007,0.0305560423548545,-2.54173587644154,0.0111944980421911,0.00701868447174214,916,1448,"**",FALSE
"airport+milbase",25,"cov","PFBS",0.00684206286936235,0.0192613904306646,0.35522164892466,0.722521462184041,0.16967272476826,916,1448,"",FALSE
"airport+milbase",25,"raw","PFBS",-0.0512265647219772,0.0155052437877046,-3.30382194716596,0.000990816540398985,0.0118013402665579,916,1448,"***",FALSE
"airport+milfire",5,"cov","PFBS",0.0427740393203495,0.0810224767885208,0.527928064109856,0.597702357874644,0.169838215042544,916,1041,"",FALSE
"airport+milfire",5,"raw","PFBS",-0.159518814268971,0.0710529367693717,-2.24506996504237,0.0250020440096037,0.00548435028717935,916,1041,"**",FALSE
"airport+milfire",10,"cov","PFBS",0.00482700197177655,0.0395539061768117,0.122036037356188,0.902902527366604,0.169551933902184,916,1041,"",FALSE
"airport+milfire",10,"raw","PFBS",-0.0973179954830005,0.0333410689140994,-2.91886249159355,0.00359929573929232,0.00923531248917771,916,1041,"***",FALSE
"airport+milfire",25,"cov","PFBS",-0.00642392289467367,0.01953908110242,-0.328773029857481,0.742417228941856,0.169653091968648,916,1041,"",FALSE
"airport+milfire",25,"raw","PFBS",-0.0595628370240769,0.0157079876038825,-3.79188210012051,0.000159326428835258,0.015487618333206,916,1041,"***",FALSE
"airport+milfire+milbase",5,"cov","PFBS",0.0293519902842742,0.0738786026484495,0.397300290368855,0.691256856789673,0.169707086824409,916,1581,"",FALSE
"airport+milfire+milbase",5,"raw","PFBS",-0.15584782730155,0.0636075497648901,-2.4501466866371,0.0144663831007129,0.00652521498126945,916,1581,"**",FALSE
"airport+milfire+milbase",10,"cov","PFBS",0.00854585640674405,0.0364315091416309,0.234573219943243,0.814602764868816,0.169595495967058,916,1581,"",FALSE
"airport+milfire+milbase",10,"raw","PFBS",-0.0886555582751484,0.0299063290293122,-2.96444134578517,0.00311107381659154,0.00952322020437292,916,1581,"***",FALSE
"airport+milfire+milbase",25,"cov","PFBS",-0.0020993553384153,0.0193473040730325,-0.108508933879916,0.91362044788687,0.169548548542448,916,1581,"",FALSE
"airport+milfire+milbase",25,"raw","PFBS",-0.0583193183110823,0.0152572423502483,-3.82240230392181,0.000141108273691354,0.0157339975070842,916,1581,"***",FALSE
"airport+milfire+milsusp",5,"cov","PFBS",0.031477597125435,0.0786269605132193,0.400341014328574,0.689017133068884,0.169709718689049,916,1106,"",FALSE
"airport+milfire+milsusp",5,"raw","PFBS",-0.15562934223148,0.0676360555514686,-2.30098193873905,0.0216169408353223,0.00575932715730674,916,1106,"**",FALSE
"airport+milfire+milsusp",10,"cov","PFBS",0.00262653310256538,0.0379709199108939,0.0691722272920711,0.944870606001609,0.16954096120365,916,1106,"",FALSE
"airport+milfire+milsusp",10,"raw","PFBS",-0.0902186598901813,0.0314586860653293,-2.86784577406783,0.00422782104208039,0.00891815282787178,916,1106,"***",FALSE
"airport+milfire+milsusp",25,"cov","PFBS",-0.00422517974343186,0.0189747563061795,-0.222673728993076,0.823848887231239,0.169589590159214,916,1106,"",FALSE
"airport+milfire+milsusp",25,"raw","PFBS",-0.0538789348021025,0.0151456503945935,-3.55738666867257,0.000393812260329857,0.0136566466610252,916,1106,"***",FALSE
"airport+milfire+milsusp+milbase",5,"cov","PFBS",0.0335454094920439,0.0709317703482917,0.47292502819721,0.63640157008585,0.169778493454752,916,1625,"",FALSE
"airport+milfire+milsusp+milbase",5,"raw","PFBS",-0.140182796526142,0.0603978673526923,-2.32098917843485,0.0205066386003298,0.00585932890122905,916,1625,"**",FALSE
"airport+milfire+milsusp+milbase",10,"cov","PFBS",0.0130850863560971,0.035079627874394,0.373010979561968,0.709243601563614,0.169686783256698,916,1625,"",FALSE
"airport+milfire+milsusp+milbase",10,"raw","PFBS",-0.0792936905768641,0.0285904836933422,-2.7734294888942,0.00565982733658553,0.00834542544746732,916,1625,"***",FALSE
"airport+milfire+milsusp+milbase",25,"cov","PFBS",0.00237463440958318,0.0188965605372609,0.125664901022638,0.900030203387188,0.169552909656278,916,1625,"",FALSE
"airport+milfire+milsusp+milbase",25,"raw","PFBS",-0.0523735493454662,0.0149082088986394,-3.51306784748946,0.000464668265343411,0.0133229956337804,916,1625,"***",FALSE
"airport+milsusp",5,"cov","PFBS",0.0492275934043278,0.0795984359024415,0.618449255267563,0.536463327250263,0.169950769336056,916,852,"",FALSE
"airport+milsusp",5,"raw","PFBS",-0.11395921141449,0.0713166333079164,-1.59793313465121,0.110403487537742,0.00278586095456223,916,852,"",FALSE
"airport+milsusp",10,"cov","PFBS",0.0217414302227356,0.0386551365605701,0.562446084976784,0.573976899290212,0.16987904163955,916,852,"",FALSE
"airport+milsusp",10,"raw","PFBS",-0.068257122138798,0.0335233811628386,-2.03610494440407,0.0420277008464464,0.00451532173947797,916,852,"**",FALSE
"airport+milsusp",25,"cov","PFBS",0.00775655112593011,0.0189076453394079,0.410233584705741,0.681749468328546,0.169718419808454,916,852,"",FALSE
"airport+milsusp",25,"raw","PFBS",-0.0406845738262375,0.0157033602717452,-2.59081961581437,0.00972731580688612,0.00729038369996491,916,852,"***",FALSE
"airport+milsusp+milbase",5,"cov","PFBS",0.0413713132008983,0.0704692490477024,0.587083213741827,0.557321039149276,0.169909759747114,916,1496,"",FALSE
"airport+milsusp+milbase",5,"raw","PFBS",-0.125726745203496,0.0611271956586987,-2.05680538504476,0.0399883035095406,0.00460717502818348,916,1496,"**",FALSE
"airport+milsusp+milbase",10,"cov","PFBS",0.0244787060829609,0.0350199950674941,0.698992276720287,0.484769310335388,0.170065829343396,916,1496,"",FALSE
"airport+milsusp+milbase",10,"raw","PFBS",-0.0690225502743583,0.0291817926465104,-2.36526080184495,0.0182253448071499,0.0060836150197031,916,1496,"**",FALSE
"airport+milsusp+milbase",25,"cov","PFBS",0.0106412930934027,0.0188262539154372,0.565236883620112,0.572078376507548,0.169882455251328,916,1496,"",FALSE
"airport+milsusp+milbase",25,"raw","PFBS",-0.0457717043508813,0.0151504625079154,-3.02114237944669,0.00258834916146487,0.00988737009972922,916,1496,"***",FALSE
"milbase",5,"cov","PFBS",-0.132038845615381,0.16778840087507,-0.786936670990107,0.431562656922567,0.170207486002847,916,737,"",FALSE
"milbase",5,"raw","PFBS",-0.307395567837666,0.132247659964375,-2.32439324764214,0.0203227732124408,0.00587642755314299,916,737,"**",FALSE
"milbase",10,"cov","PFBS",-0.0711610685466541,0.0816836324076135,-0.871179041004809,0.383929707015642,0.170358850088054,916,737,"",FALSE
"milbase",10,"raw","PFBS",-0.159985755973182,0.0595210757685372,-2.68788414704276,0.00732136549282479,0.00784251770687122,916,737,"***",FALSE
"milbase",25,"cov","PFBS",-0.0558707035863595,0.0355042210763897,-1.57363552536894,0.11598519074523,0.172215331672765,916,737,"",FALSE
"milbase",25,"raw","PFBS",-0.0920412913874899,0.0248234791356749,-3.70783204418809,0.000221630491183973,0.0148186988214879,916,737,"***",FALSE
"milfire",5,"cov","PFBS",-0.332955118719896,0.32381885914482,-1.02821410587142,0.304174111513718,0.170681878392048,916,305,"",FALSE
"milfire",5,"raw","PFBS",-0.688575554926151,0.240388100289344,-2.86443278222734,0.00427323321764276,0.00889712741187544,916,305,"***",FALSE
"milfire",10,"cov","PFBS",-0.377391402190161,0.155174967723345,-2.43203789713684,0.0152425668270692,0.175907465533292,916,305,"**",FALSE
"milfire",10,"raw","PFBS",-0.413483129798156,0.109666808050282,-3.77035802490553,0.000173483994470766,0.0153149760050841,916,305,"***",FALSE
"milfire",25,"cov","PFBS",-0.214000673008071,0.0562235892698187,-3.80624353207113,0.000152373098202997,0.18497070632984,916,305,"***",FALSE
"milfire",25,"raw","PFBS",-0.203885870186215,0.0401649518882035,-5.07621347969539,4.66514446783593e-07,0.0274194746430609,916,305,"***",FALSE
"milfire+milbase",5,"cov","PFBS",-0.15409916468285,0.166845894027416,-0.923601779840795,0.355984905262617,0.170460773973488,916,879,"",FALSE
"milfire+milbase",5,"raw","PFBS",-0.331665981174911,0.125964417055613,-2.63301326618676,0.00860597284403336,0.00752797508093638,916,879,"***",FALSE
"milfire+milbase",10,"cov","PFBS",-0.0987009908847877,0.0771505279754678,-1.27933007686185,0.201168734253111,0.171308717260361,916,879,"",FALSE
"milfire+milbase",10,"raw","PFBS",-0.168774309815371,0.0546720376317241,-3.08703163676192,0.00208262967841285,0.0103188491529778,916,879,"***",FALSE
"milfire+milbase",25,"cov","PFBS",-0.0630706979890316,0.0321803639485449,-1.95991251341592,0.0503686867063077,0.173684902542414,916,879,"*",FALSE
"milfire+milbase",25,"raw","PFBS",-0.0890244673383366,0.0223209793919747,-3.98837639581105,7.18423852592386e-05,0.0171061662859448,916,879,"***",FALSE
"milfire+milsusp",5,"cov","PFBS",-0.240483268928368,0.232751378655137,-1.0332195251341,0.301827695334837,0.170693048668223,916,380,"",FALSE
"milfire+milsusp",5,"raw","PFBS",-0.40048405790476,0.16455083609903,-2.43380141601796,0.015131856034928,0.00643900285751879,916,380,"**",FALSE
"milfire+milsusp",10,"cov","PFBS",-0.196389073095192,0.108112748692765,-1.81652095122741,0.0696817310155974,0.173102503797386,916,380,"*",FALSE
"milfire+milsusp",10,"raw","PFBS",-0.23077038983968,0.0748465792094796,-3.08324565099766,0.00210903037434841,0.0102938146458453,916,380,"***",FALSE
"milfire+milsusp",25,"cov","PFBS",-0.120663747262514,0.0433160577167149,-2.78565856689105,0.00547407922147654,0.17787511557396,916,380,"***",FALSE
"milfire+milsusp",25,"raw","PFBS",-0.129700940037796,0.0305592655665042,-4.24424270784702,2.41716916940887e-05,0.0193276109246373,916,380,"***",FALSE
"milfire+milsusp+milbase",5,"cov","PFBS",-0.0809524403401582,0.140487424373272,-0.576225528379461,0.564632237365383,0.169896060154298,916,931,"",FALSE
"milfire+milsusp+milbase",5,"raw","PFBS",-0.241416601915937,0.106467489346662,-2.26751474461726,0.0235915553019926,0.00559394002811019,916,931,"**",FALSE
"milfire+milsusp+milbase",10,"cov","PFBS",-0.0537392940465256,0.0671154830347463,-0.800698909053583,0.423554568556402,0.170231166136685,916,931,"",FALSE
"milfire+milsusp+milbase",10,"raw","PFBS",-0.131941596717242,0.0480730650127668,-2.74460546008877,0.00617714231241438,0.00817427078905035,916,931,"***",FALSE
"milfire+milsusp+milbase",25,"cov","PFBS",-0.0400364981750373,0.0300665657292361,-1.33159531871998,0.183389832186144,0.171456197319371,916,931,"",FALSE
"milfire+milsusp+milbase",25,"raw","PFBS",-0.0758252650467387,0.0210106353067339,-3.608899204606,0.000324193764098857,0.0140494219274312,916,931,"***",FALSE
"milsusp",5,"cov","PFBS",-0.133346631043903,0.315448278663824,-0.422721060988928,0.672617579837842,0.169729706289746,916,91,"",FALSE
"milsusp",5,"raw","PFBS",-0.210442622028158,0.255210056030297,-0.824585932472721,0.409821847166842,0.000743365989391746,916,91,"",FALSE
"milsusp",10,"cov","PFBS",-0.0461742780059847,0.168658381192088,-0.273773990237675,0.784332213786658,0.16961712518206,916,91,"",FALSE
"milsusp",10,"raw","PFBS",-0.146543788350305,0.134412299777579,-1.09025579201309,0.27588782661771,0.00129881165159512,916,91,"",FALSE
"milsusp",25,"cov","PFBS",-0.0271434194249018,0.0931071586047172,-0.291528812947006,0.770725941291229,0.169628018650559,916,91,"",FALSE
"milsusp",25,"raw","PFBS",-0.115662273941152,0.0733395106440035,-1.577079979475,0.115123147039952,0.00271382002117798,916,91,"",FALSE
"milsusp+milbase",5,"cov","PFBS",-0.0620955023966134,0.140581959324896,-0.441703207828439,0.658828813978007,0.16974751037225,916,791,"",FALSE
"milsusp+milbase",5,"raw","PFBS",-0.217091022890593,0.110281610034009,-1.96851517513796,0.0493106377746788,0.00422176415659961,916,791,"**",FALSE
"milsusp+milbase",10,"cov","PFBS",-0.0292142904025711,0.0701341955506865,-0.416548449343198,0.677125567950039,0.169724085077659,916,791,"",FALSE
"milsusp+milbase",10,"raw","PFBS",-0.121591631656881,0.0514815995404846,-2.3618464216766,0.0183930068731425,0.00606617012085169,916,791,"**",FALSE
"milsusp+milbase",25,"cov","PFBS",-0.0305788009627658,0.0325928168530251,-0.938206755821648,0.348434277147404,0.170490225779489,916,791,"",FALSE
"milsusp+milbase",25,"raw","PFBS",-0.0767781467426654,0.0230249388717244,-3.33456462883175,0.000888696345814552,0.0120193374068386,916,791,"***",FALSE
"airport",5,"cov","PFHpA",-0.0672350586717431,0.108209825357208,-0.621339683802238,0.535260376358826,0.246732599587085,240,774,"",FALSE
"airport",5,"raw","PFHpA",-0.0667701991235234,0.0641773634770962,-1.04040109325078,0.299209339901812,0.00452745279006448,240,774,"",FALSE
"airport",10,"cov","PFHpA",-0.0312080532510628,0.0548003980204293,-0.569485886570178,0.56982510068957,0.246442479032801,240,774,"",FALSE
"airport",10,"raw","PFHpA",-0.0421311331061581,0.0339686594903055,-1.24029425176999,0.216087932995015,0.0064220612711927,240,774,"",FALSE
"airport",25,"cov","PFHpA",-0.0140259169906797,0.0293306711082069,-0.478199661335234,0.633160837269008,0.245992686366896,240,774,"",FALSE
"airport",25,"raw","PFHpA",-0.0221906749466604,0.01762982395831,-1.25870088091269,0.209371648579489,0.00661281946714536,240,774,"",FALSE
"airport+milbase",5,"cov","PFHpA",-0.0540512227922738,0.0944534549612263,-0.572252468842587,0.56795412285313,0.24645732534682,240,1448,"",FALSE
"airport+milbase",5,"raw","PFHpA",-0.044329263470407,0.0569697096120737,-0.77811987760268,0.437271202898058,0.00253753839985392,240,1448,"",FALSE
"airport+milbase",10,"cov","PFHpA",-0.0209521988879022,0.0487061421803981,-0.430175701666113,0.667646679904609,0.245787344792944,240,1448,"",FALSE
"airport+milbase",10,"raw","PFHpA",-0.0319355080449158,0.030627295361505,-1.04271394741094,0.298138783921089,0.00454751294901695,240,1448,"",FALSE
"airport+milbase",25,"cov","PFHpA",-0.00519755447333892,0.028781563387287,-0.180586245555886,0.856920886523709,0.245068916331778,240,1448,"",FALSE
"airport+milbase",25,"raw","PFHpA",-0.0201604682518061,0.0174657106306986,-1.15428846143661,0.249539649034503,0.00556707722496352,240,1448,"",FALSE
"airport+milfire",5,"cov","PFHpA",-0.0780987864349189,0.104707301977056,-0.745877173418453,0.456836029946942,0.247531438559268,240,1041,"",FALSE
"airport+milfire",5,"raw","PFHpA",-0.0630318615820164,0.0612002261260073,-1.02992857333955,0.304089053650457,0.00443716860029722,240,1041,"",FALSE
"airport+milfire",10,"cov","PFHpA",-0.0400926528074623,0.0536241461105927,-0.747660442457704,0.455762440543263,0.247543920633184,240,1041,"",FALSE
"airport+milfire",10,"raw","PFHpA",-0.0458712086948428,0.0325560034931324,-1.40899384976781,0.160142151610015,0.00827243989207725,240,1041,"",FALSE
"airport+milfire",25,"cov","PFHpA",-0.0184205686512901,0.0296131559662805,-0.622040037619258,0.534800935904395,0.246736689381408,240,1041,"",FALSE
"airport+milfire",25,"raw","PFHpA",-0.0253368786529786,0.0171773966685568,-1.47501272409676,0.141530743456677,0.00905863030946771,240,1041,"",FALSE
"airport+milfire+milbase",5,"cov","PFHpA",-0.0506153819192054,0.0942305034097534,-0.537144343791826,0.591914110795105,0.246274220444134,240,1581,"",FALSE
"airport+milfire+milbase",5,"raw","PFHpA",-0.0557910934541302,0.0554324482154261,-1.00646995126952,0.315211719152038,0.00423818721199728,240,1581,"",FALSE
"airport+milfire+milbase",10,"cov","PFHpA",-0.0221680580922239,0.0490847185889492,-0.451628505357566,0.652148221002699,0.245876403578984,240,1581,"",FALSE
"airport+milfire+milbase",10,"raw","PFHpA",-0.0401667205222532,0.029741574263566,-1.35052435914458,0.178130574892086,0.00760523001510552,240,1581,"",FALSE
"airport+milfire+milbase",25,"cov","PFHpA",-0.00612572612729146,0.0293526538334892,-0.208694115429606,0.834952479230157,0.245120529385028,240,1581,"",FALSE
"airport+milfire+milbase",25,"raw","PFHpA",-0.0239616494746656,0.0170550537825467,-1.40495889254754,0.161337353842375,0.0082255170736914,240,1581,"",FALSE
"airport+milfire+milsusp",5,"cov","PFHpA",-0.0031719935490476,0.0991137935912957,-0.032003553028427,0.974509105066737,0.244919878957954,240,1106,"",FALSE
"airport+milfire+milsusp",5,"raw","PFHpA",-0.0202772099792839,0.0586891982097278,-0.345501567542678,0.730022510748553,0.000501308786874896,240,1106,"",FALSE
"airport+milfire+milsusp",10,"cov","PFHpA",-0.00815832302571433,0.0503627251176658,-0.161991294288653,0.871517097133616,0.24503886456333,240,1106,"",FALSE
"airport+milfire+milsusp",10,"raw","PFHpA",-0.0261832233373737,0.031085872201122,-0.842286913102235,0.400472971441823,0.00297201159055161,240,1106,"",FALSE
"airport+milfire+milsusp",25,"cov","PFHpA",-0.00480100051845696,0.0284884507535513,-0.168524450837625,0.866383557632566,0.245049051479892,240,1106,"",FALSE
"airport+milfire+milsusp",25,"raw","PFHpA",-0.0180724142334114,0.0166979888712977,-1.08231083232282,0.280209778522911,0.00489772921737658,240,1106,"",FALSE
"airport+milfire+milsusp+milbase",5,"cov","PFHpA",0.00849687529778721,0.0902976705927176,0.0940984993523462,0.925148647140096,0.24495683006307,240,1625,"",FALSE
"airport+milfire+milsusp+milbase",5,"raw","PFHpA",-0.0176971028150416,0.052757918114957,-0.335439749090941,0.737588876807592,0.00047254896698738,240,1625,"",FALSE
"airport+milfire+milsusp+milbase",10,"cov","PFHpA",0.0036218794716194,0.0468802035171841,0.0772581857562072,0.938514681543312,0.244943212894108,240,1625,"",FALSE
"airport+milfire+milsusp+milbase",10,"raw","PFHpA",-0.0214575076743421,0.028373115608609,-0.756261947765491,0.450240065245506,0.00239731526052981,240,1625,"",FALSE
"airport+milfire+milsusp+milbase",25,"cov","PFHpA",0.00520705746123863,0.0284767107540313,0.182853192077371,0.855144702559196,0.245072802932315,240,1625,"",FALSE
"airport+milfire+milsusp+milbase",25,"raw","PFHpA",-0.0165343765850882,0.0166110146627921,-0.99538630967104,0.320559336276722,0.00414574088520071,240,1625,"",FALSE
"airport+milsusp",5,"cov","PFHpA",0.0108676748695919,0.102233537441001,0.106302443812664,0.915475556118199,0.244968370469732,240,852,"",FALSE
"airport+milsusp",5,"raw","PFHpA",-0.0203835549681482,0.0616044163458469,-0.330878144412813,0.741027648321168,0.000459789951625492,240,852,"",FALSE
"airport+milsusp",10,"cov","PFHpA",0.000794340782434793,0.0516189294484333,0.0153885559216863,0.987741365390657,0.244916162932188,240,852,"",FALSE
"airport+milsusp",10,"raw","PFHpA",-0.0227321451217468,0.0327807510831491,-0.693460167037853,0.488697020929755,0.00201645930334692,240,852,"",FALSE
"airport+milsusp",25,"cov","PFHpA",-0.000717705976256474,0.0282404092905802,-0.0254141492381228,0.979756294239193,0.244918093444071,240,852,"",FALSE
"airport+milsusp",25,"raw","PFHpA",-0.0158594978135914,0.017273289500374,-0.918151566512449,0.359469040375351,0.00352952479651723,240,852,"",FALSE
"airport+milsusp+milbase",5,"cov","PFHpA",0.00557597163949314,0.090542789600096,0.0615838286419134,0.950971116058987,0.244932943141492,240,1496,"",FALSE
"airport+milsusp+milbase",5,"raw","PFHpA",-0.00546454655645331,0.053947026831574,-0.101294675117388,0.919401826423332,4.31099532465034e-05,240,1496,"",FALSE
"airport+milsusp+milbase",10,"cov","PFHpA",0.00438266281795532,0.0465157990734372,0.0942188010365288,0.925053236674781,0.244956936966006,240,1496,"",FALSE
"airport+milsusp+milbase",10,"raw","PFHpA",-0.0129859720544042,0.0290926251604206,-0.446366458262115,0.655738408084415,0.000836455282306942,240,1496,"",FALSE
"airport+milsusp+milbase",25,"cov","PFHpA",0.00578360303538097,0.0279348647550597,0.207038877262988,0.836242753259592,0.245117283625949,240,1496,"",FALSE
"airport+milsusp+milbase",25,"raw","PFHpA",-0.0125376222653092,0.0169811515504844,-0.73832579775496,0.461043906926431,0.00228520697569443,240,1496,"",FALSE
"milbase",5,"cov","PFHpA",0.12922607940826,0.259225209537228,0.498508920636832,0.618809988556186,0.246086020531248,240,737,"",FALSE
"milbase",5,"raw","PFHpA",0.113592872256749,0.127778152143926,0.888985091354274,0.374908713472803,0.00330957543450112,240,737,"",FALSE
"milbase",10,"cov","PFHpA",0.049743062674935,0.118022289651488,0.421471764543993,0.673976305727846,0.245752441409166,240,737,"",FALSE
"milbase",10,"raw","PFHpA",0.0103643646949863,0.0598577686697261,0.173149867182206,0.862680795361273,0.000125954202889972,240,737,"",FALSE
"milbase",25,"cov","PFHpA",0.0226349875419226,0.0568659099378015,0.398041420012097,0.691130254929197,0.245662014286711,240,737,"",FALSE
"milbase",25,"raw","PFHpA",-0.0150924912420589,0.0277670098310871,-0.54354038601455,0.587266540246561,0.00123978938078089,240,737,"",FALSE
"milfire",5,"cov","PFHpA",-0.1806369707405,0.34731725928244,-0.520092123016566,0.603718231231213,0.246189436645513,240,305,"",FALSE
"milfire",5,"raw","PFHpA",-0.0233963203490813,0.171478123057691,-0.136439097488897,0.891589506718031,7.82108041193371e-05,240,305,"",FALSE
"milfire",10,"cov","PFHpA",-0.155557642053336,0.193105893498661,-0.805556160068281,0.421694363971004,0.247965114276934,240,305,"",FALSE
"milfire",10,"raw","PFHpA",-0.0751576819160029,0.0931566334189818,-0.806788300066333,0.420593942113248,0.00272744557446403,240,305,"",FALSE
"milfire",25,"cov","PFHpA",-0.0696157796449342,0.0979005591245718,-0.711086640029837,0.478065888900203,0.247293804928802,240,305,"",FALSE
"milfire",25,"raw","PFHpA",-0.0593519716340842,0.0442074423901495,-1.34257872487347,0.18068754678133,0.00751667518038892,240,305,"",FALSE
"milfire+milbase",5,"cov","PFHpA",0.108022326909754,0.220882257513669,0.489049361074505,0.625476466564588,0.24604206770938,240,879,"",FALSE
"milfire+milbase",5,"raw","PFHpA",0.0343485149986778,0.108867343272134,0.315507974809463,0.752652476541212,0.000418082621915128,240,879,"",FALSE
"milfire+milbase",10,"cov","PFHpA",0.0357832789093256,0.107967218025939,0.331427256935793,0.740755475193822,0.245433074556117,240,879,"",FALSE
"milfire+milbase",10,"raw","PFHpA",-0.0202645744183367,0.0527355018451008,-0.384268162989318,0.701122808626061,0.000620043966982599,240,879,"",FALSE
"milfire+milbase",25,"cov","PFHpA",0.0185706011362593,0.0536761785920048,0.345974725164683,0.729816213519609,0.245479513986254,240,879,"",FALSE
"milfire+milbase",25,"raw","PFHpA",-0.0219076988790423,0.024939436273156,-0.878436009502868,0.380593111190313,0.00323174808803312,240,879,"",FALSE
"milfire+milsusp",5,"cov","PFHpA",0.368626337279917,0.263588130161725,1.39849369185838,0.16390014385741,0.254033481827975,240,380,"",FALSE
"milfire+milsusp",5,"raw","PFHpA",0.177654626671989,0.136147026228485,1.30487335341313,0.193196218847619,0.00710335973579035,240,380,"",FALSE
"milfire+milsusp",10,"cov","PFHpA",0.123962797494598,0.141098589437021,0.878554477328266,0.380960335235649,0.248540171978976,240,380,"",FALSE
"milfire+milsusp",10,"raw","PFHpA",0.0239357776198769,0.0710639934671393,0.336820047003762,0.736549374590356,0.000476444086373301,240,380,"",FALSE
"milfire+milsusp",25,"cov","PFHpA",0.0336452177500389,0.0751062027841734,0.447968563218706,0.654781857913442,0.245860904694648,240,380,"",FALSE
"milfire+milsusp",25,"raw","PFHpA",-0.023039021595002,0.0346139314321928,-0.665599677405453,0.506311558623833,0.00185798236038661,240,380,"",FALSE
"milfire+milsusp+milbase",5,"cov","PFHpA",0.296131996350402,0.180717379160703,1.63864702844693,0.103251730809473,0.257377933502151,240,931,"",FALSE
"milfire+milsusp+milbase",5,"raw","PFHpA",0.118707112580861,0.0912612461893705,1.30073955306878,0.194605616254746,0.00705874174241792,240,931,"",FALSE
"milfire+milsusp+milbase",10,"cov","PFHpA",0.115718185627162,0.0909897316080184,1.27177191955762,0.205299618469337,0.252471640501702,240,931,"",FALSE
"milfire+milsusp+milbase",10,"raw","PFHpA",0.0204671209752646,0.0459415730749109,0.445503268725507,0.65636105989268,0.000833226006069987,240,931,"",FALSE
"milfire+milsusp+milbase",25,"cov","PFHpA",0.0495871474321596,0.0490197458428048,1.01157495983709,0.313268631958663,0.249713520834768,240,931,"",FALSE
"milfire+milsusp+milbase",25,"raw","PFHpA",-0.00817473281921887,0.0233711662526066,-0.349778557512385,0.726814209010771,0.000513790670402038,240,931,"",FALSE
"milsusp",5,"cov","PFHpA",1.15496535872602,0.404123439601591,2.85795191653483,0.00483140729452673,0.28158940838266,240,91,"***",TRUE
"milsusp",5,"raw","PFHpA",0.588233097065954,0.236811384478141,2.48397305037609,0.0136818186534448,0.0252697670851342,240,91,"**",TRUE
"milsusp",10,"cov","PFHpA",0.558182869755155,0.227411738112417,2.45450333561598,0.0151793026834725,0.272315051663458,240,91,"**",TRUE
"milsusp",10,"raw","PFHpA",0.238619668368831,0.134355866156155,1.77602716722093,0.0770060699420989,0.0130798947330436,240,91,"*",FALSE
"milsusp",25,"cov","PFHpA",0.303337874748842,0.144274906374245,2.10249919665166,0.0370749543327227,0.265215769139254,240,91,"**",TRUE
"milsusp",25,"raw","PFHpA",0.0665203928629162,0.0813230573012934,0.817977029767402,0.414188469034577,0.00280340630309462,240,91,"",FALSE
"milsusp+milbase",5,"cov","PFHpA",0.353923487743139,0.200682546719976,1.76359874601845,0.0797082710339393,0.259313439086954,240,791,"*",FALSE
"milsusp+milbase",5,"raw","PFHpA",0.187398025124536,0.100713296896586,1.86070787968504,0.0640187058647359,0.0143386141958573,240,791,"*",FALSE
"milsusp+milbase",10,"cov","PFHpA",0.136284372453715,0.0970050404824739,1.4049205255302,0.161983417412648,0.254116459050059,240,791,"",FALSE
"milsusp+milbase",10,"raw","PFHpA",0.0502689538765655,0.0501917316433364,1.0015385449097,0.317583690282678,0.00419693109904288,240,791,"",FALSE
"milsusp+milbase",25,"cov","PFHpA",0.0562994484003321,0.0515324570212372,1.09250463988415,0.276253604592764,0.250506112324908,240,791,"",FALSE
"milsusp+milbase",25,"raw","PFHpA",6.25858418172544e-05,0.0255229754445037,0.00245213736750008,0.998045533506111,2.5264611416702e-08,240,791,"",FALSE
"airport",5,"cov","PFHxA",0.0195027549660117,0.0659142751880837,0.295880595066264,0.767414621905674,0.175286621517306,794,774,"",FALSE
"airport",5,"raw","PFHxA",0.00946519692403681,0.0573944154933077,0.164914945865081,0.86905301003953,3.43383907456461e-05,794,774,"",FALSE
"airport",10,"cov","PFHxA",0.0254874195195218,0.0337967810096834,0.75413748759739,0.451036456884122,0.175889191817833,794,774,"",FALSE
"airport",10,"raw","PFHxA",0.0143193515396512,0.0284126049412602,0.503978835071786,0.614416409822397,0.000320597520378968,794,774,"",FALSE
"airport",25,"cov","PFHxA",0.0205736229932633,0.0172181653635703,1.19487892924948,0.232564836239259,0.176962730716691,794,774,"",FALSE
"airport",25,"raw","PFHxA",0.00962748851093384,0.0135678082301068,0.70958318010204,0.478171497744381,0.000635338877641666,794,774,"",FALSE
"airport+milbase",5,"cov","PFHxA",0.00331097549439266,0.0586075912930388,0.0564939698312755,0.954965449237955,0.175180896083806,794,1448,"",FALSE
"airport+milbase",5,"raw","PFHxA",0.00580407973747486,0.0497473743882895,0.116671076792369,0.907150288810298,1.71867502669668e-05,794,1448,"",FALSE
"airport+milbase",10,"cov","PFHxA",0.0191694326442117,0.0300609515359576,0.637685491135635,0.523900264937288,0.1756863197075,794,1448,"",FALSE
"airport+milbase",10,"raw","PFHxA",0.0139097816584335,0.0249060704201297,0.558489614130027,0.576667947996246,0.000393671538820585,794,1448,"",FALSE
"airport+milbase",25,"cov","PFHxA",0.0186268584514855,0.0166903791405291,1.11602368613988,0.264819384156053,0.176735229071874,794,1448,"",FALSE
"airport+milbase",25,"raw","PFHxA",0.0110209323470617,0.0131470146108309,0.838284026700803,0.402124120445412,0.000886486310182851,794,1448,"",FALSE
"airport+milfire",5,"cov","PFHxA",-0.0210107280347614,0.062649711593644,-0.335368312164633,0.737454162148676,0.175317858248798,794,1041,"",FALSE
"airport+milfire",5,"raw","PFHxA",-0.0169410955345571,0.0534350901285534,-0.317040646769762,0.751296313827204,0.000126896485773853,794,1041,"",FALSE
"airport+milfire",10,"cov","PFHxA",-0.0032616555772662,0.0321772711089629,-0.101365201735758,0.91929143850344,0.175189775079558,794,1041,"",FALSE
"airport+milfire",10,"raw","PFHxA",-0.00467402668206357,0.0264144287584461,-0.176949754424238,0.859593097100554,3.95328002156153e-05,794,1041,"",FALSE
"airport+milfire",25,"cov","PFHxA",0.00526392887802667,0.0168973563054769,0.311523813717562,0.755501117401622,0.17529852892307,794,1041,"",FALSE
"airport+milfire",25,"raw","PFHxA",0.000162947066157001,0.0129479316768492,0.0125847950254749,0.989962220716518,1.99971002730248e-07,794,1041,"",FALSE
"airport+milfire+milbase",5,"cov","PFHxA",-0.0344062987744537,0.057578474387905,-0.597554887311865,0.550342555262041,0.175624253075891,794,1581,"",FALSE
"airport+milfire+milbase",5,"raw","PFHxA",-0.0182852440346216,0.0480710086679236,-0.380379870140374,0.703765446441979,0.000182654567587724,794,1581,"",FALSE
"airport+milfire+milbase",10,"cov","PFHxA",-0.00396690889437245,0.0295820460960878,-0.134098529949119,0.893365666426433,0.175199436265964,794,1581,"",FALSE
"airport+milfire+milbase",10,"raw","PFHxA",-0.00136000604064085,0.0239291710941854,-0.056834649026824,0.95469124762772,4.07849009565125e-06,794,1581,"",FALSE
"airport+milfire+milbase",25,"cov","PFHxA",0.00615038484153681,0.0166037056255908,0.370422421369444,0.711186978290196,0.175348859914578,794,1581,"",FALSE
"airport+milfire+milbase",25,"raw","PFHxA",0.00312122572840363,0.0127964648996961,0.243913123887657,0.807361272813866,7.51125546558743e-05,794,1581,"",FALSE
"airport+milfire+milsusp",5,"cov","PFHxA",0.00274301736512674,0.0606414900669146,0.0452333437403991,0.963935040750768,0.175179460159387,794,1106,"",FALSE
"airport+milfire+milsusp",5,"raw","PFHxA",0.00516091273264524,0.050762489910836,0.101667840598646,0.919046062348173,1.30507764073246e-05,794,1106,"",FALSE
"airport+milfire+milsusp",10,"cov","PFHxA",0.00691650723036302,0.0309115121695312,0.223751823994572,0.823019869573682,0.175239648454953,794,1106,"",FALSE
"airport+milfire+milsusp",10,"raw","PFHxA",0.00464700759071512,0.0250520850362736,0.185493845481786,0.852889200612163,4.34425150795569e-05,794,1106,"",FALSE
"airport+milfire+milsusp",25,"cov","PFHxA",0.00798377887783458,0.0164529885634737,0.485247944288911,0.627661992907287,0.175471953071134,794,1106,"",FALSE
"airport+milfire+milsusp",25,"raw","PFHxA",0.00263597248767005,0.0126064733653118,0.209096740324161,0.834426487064961,5.52007996911132e-05,794,1106,"",FALSE
"airport+milfire+milsusp+milbase",5,"cov","PFHxA",-0.0126720165616222,0.0553941781596902,-0.228760800911088,0.819125913839411,0.17524248929691,794,1625,"",FALSE
"airport+milfire+milsusp+milbase",5,"raw","PFHxA",0.00244587033207584,0.0455041275468733,0.0537505159187236,0.957147489896151,3.64786290709949e-06,794,1625,"",FALSE
"airport+milfire+milsusp+milbase",10,"cov","PFHxA",0.00443684425765989,0.0285737237792524,0.155277075257566,0.876650507633428,0.175207118104686,794,1625,"",FALSE
"airport+milfire+milsusp+milbase",10,"raw","PFHxA",0.00659846231945123,0.022873682188207,0.288473987928939,0.773059419505295,0.000105061235865362,794,1625,"",FALSE
"airport+milfire+milsusp+milbase",25,"cov","PFHxA",0.00844099152816449,0.0162844515932347,0.518346686705205,0.604390657520539,0.175513560613222,794,1625,"",FALSE
"airport+milfire+milsusp+milbase",25,"raw","PFHxA",0.0054517683453947,0.0125434534633368,0.434630571343822,0.663948992722629,0.000238457939332858,794,1625,"",FALSE
"airport+milsusp",5,"cov","PFHxA",0.0385540000328499,0.0633756829590822,0.608340584790886,0.543171537354358,0.175640539023036,794,852,"",FALSE
"airport+milsusp",5,"raw","PFHxA",0.0269804224208246,0.0544234257139025,0.495750167632914,0.620208218872964,0.000310217155539434,794,852,"",FALSE
"airport+milsusp",10,"cov","PFHxA",0.032332519113729,0.0323896440765992,0.998236320141861,0.318531726495755,0.176424119377498,794,852,"",FALSE
"airport+milsusp",10,"raw","PFHxA",0.0205106322328461,0.0271452013173922,0.755589615749311,0.450119936026586,0.000720333860532118,794,852,"",FALSE
"airport+milsusp",25,"cov","PFHxA",0.0216195514632631,0.0167124214570426,1.29362172434639,0.196250029295424,0.177269303549826,794,852,"",FALSE
"airport+milsusp",25,"raw","PFHxA",0.010146985853314,0.0132322127813227,0.766839682901446,0.443405356159719,0.000741927795141788,794,852,"",FALSE
"airport+milsusp+milbase",5,"cov","PFHxA",0.0222608656937694,0.056052762469506,0.397141277486187,0.691392066067138,0.175374556331582,794,1496,"",FALSE
"airport+milsusp+milbase",5,"raw","PFHxA",0.0251579297890768,0.0468426521093119,0.537073130068902,0.591367945595338,0.000364068853881506,794,1496,"",FALSE
"airport+milsusp+milbase",10,"cov","PFHxA",0.0255074269144794,0.0289053582185399,0.88244631744847,0.3778577549175,0.176151880188659,794,1496,"",FALSE
"airport+milsusp+milbase",10,"raw","PFHxA",0.0207223373128921,0.0236955024702857,0.874526182294638,0.382096877315658,0.00096471998672965,794,1496,"",FALSE
"airport+milsusp+milbase",25,"cov","PFHxA",0.0200326784452497,0.0163481144278446,1.2253815896425,0.22086990933818,0.177054861234111,794,1496,"",FALSE
"airport+milsusp+milbase",25,"raw","PFHxA",0.0129032687291022,0.0128735246539821,1.00231048418515,0.316499787357951,0.0012668605874172,794,1496,"",FALSE
"milbase",5,"cov","PFHxA",-0.0492657047595631,0.122690819887029,-0.401543528724691,0.688150374112771,0.175378961623344,794,737,"",FALSE
"milbase",5,"raw","PFHxA",0.0202545242067017,0.0947999751104117,0.21365537473097,0.830870801910795,5.76338235441544e-05,794,737,"",FALSE
"milbase",10,"cov","PFHxA",-0.00962319343291653,0.06308334649784,-0.152547288106316,0.878802060354412,0.175206064845084,794,737,"",FALSE
"milbase",10,"raw","PFHxA",0.00334953032637363,0.0451731879893593,0.0741486371774917,0.940910837919199,6.94189675326939e-06,794,737,"",FALSE
"milbase",25,"cov","PFHxA",-0.00696611108353345,0.0291368240605541,-0.239082717768279,0.811115889046983,0.175248541641322,794,737,"",FALSE
"milbase",25,"raw","PFHxA",-0.00567512099741285,0.0201125096434403,-0.282168714796057,0.777887863782832,0.000100519167115702,794,737,"",FALSE
"milfire",5,"cov","PFHxA",-0.340325522988622,0.165622211596314,-2.05483020488899,0.0402897109235096,0.180435964516267,794,305,"**",FALSE
"milfire",5,"raw","PFHxA",-0.209131545317938,0.13250568845984,-1.57828352690928,0.11489978537929,0.00313531425465557,794,305,"",FALSE
"milfire",10,"cov","PFHxA",-0.297003767511955,0.0921192438913941,-3.22412294071924,0.00132606249769945,0.188004655586673,794,305,"***",FALSE
"milfire",10,"raw","PFHxA",-0.156827565337059,0.0672442141441317,-2.3322090581788,0.0199394510578204,0.00682083235593515,794,305,"**",FALSE
"milfire",25,"cov","PFHxA",-0.163755411553695,0.0429716994315885,-3.81077345601366,0.000151524088746982,0.192987578968534,794,305,"***",FALSE
"milfire",25,"raw","PFHxA",-0.0760327796879364,0.0288978267403625,-2.63108988683011,0.00867662088037645,0.00866496165965922,794,305,"***",FALSE
"milfire+milbase",5,"cov","PFHxA",-0.18187828331669,0.109162114655902,-1.66613008450783,0.0961634413929204,0.178642064024762,794,879,"*",FALSE
"milfire+milbase",5,"raw","PFHxA",-0.048383473589464,0.0831494897777548,-0.581885393630018,0.560809465857052,0.000427330708527933,794,879,"",FALSE
"milfire+milbase",10,"cov","PFHxA",-0.0928761616081752,0.0562757089906371,-1.65037745901393,0.0993429630635132,0.178577118911274,794,879,"*",FALSE
"milfire+milbase",10,"raw","PFHxA",-0.0308092279225978,0.0395854837008637,-0.778296108629477,0.436626917973326,0.000764244817372144,794,879,"",FALSE
"milfire+milbase",25,"cov","PFHxA",-0.0399114960561142,0.0262673391095222,-1.51943430165128,0.129133546906523,0.178060778554501,794,879,"",FALSE
"milfire+milbase",25,"raw","PFHxA",-0.0166503320483762,0.0177943206835598,-0.935710463156907,0.349707496099773,0.00110427678891846,794,879,"",FALSE
"milfire+milsusp",5,"cov","PFHxA",-0.118745962438878,0.140932334310961,-0.842574296519281,0.399772722967777,0.176065857010963,794,380,"",FALSE
"milfire+milsusp",5,"raw","PFHxA",-0.0454626889466262,0.104220044541244,-0.436218283601238,0.662797243898734,0.000240202883343743,794,380,"",FALSE
"milfire+milsusp",10,"cov","PFHxA",-0.130446577436047,0.0746915294743269,-1.74647082947852,0.081195793466645,0.178982722658252,794,380,"*",FALSE
"milfire+milsusp",10,"raw","PFHxA",-0.05633996808633,0.0513892068937468,-1.09633854055813,0.273263893090774,0.00151532429174469,794,380,"",FALSE
"milfire+milsusp",25,"cov","PFHxA",-0.084962063019393,0.0345304120620018,-2.46049954071899,0.0141302054774739,0.182696655018553,794,380,"**",FALSE
"milfire+milsusp",25,"raw","PFHxA",-0.0401818938252748,0.02296016383389,-1.75006999584058,0.0804934719126344,0.00385220538836673,794,380,"*",FALSE
"milfire+milsusp+milbase",5,"cov","PFHxA",-0.0770185689578969,0.0944643356738232,-0.815319013345259,0.41518474091434,0.176009332689318,794,931,"",FALSE
"milfire+milsusp+milbase",5,"raw","PFHxA",0.00991204727980389,0.071426122042758,0.138773420652324,0.889664475157838,2.43151439608461e-05,794,931,"",FALSE
"milfire+milsusp+milbase",10,"cov","PFHxA",-0.0442577462374309,0.0494673258112649,-0.894686452352198,0.371281866711064,0.176179082094828,794,931,"",FALSE
"milfire+milsusp+milbase",10,"raw","PFHxA",-0.00619035946071841,0.0350961133475708,-0.176383048442225,0.860038112413254,3.92799971446649e-05,794,931,"",FALSE
"milfire+milsusp+milbase",25,"cov","PFHxA",-0.0249631034616911,0.0245700719960751,-1.01599634977377,0.31000455240019,0.176468823777929,794,931,"",FALSE
"milfire+milsusp+milbase",25,"raw","PFHxA",-0.00912495685771522,0.0168692619230428,-0.54092211617456,0.58871336583595,0.000369303887190488,794,931,"",FALSE
"milsusp",5,"cov","PFHxA",0.305306489485012,0.238267484209006,1.28136027665949,0.200518520955413,0.177229924482571,794,91,"",FALSE
"milsusp",5,"raw","PFHxA",0.185748196382183,0.17595757401785,1.05564194902653,0.291453733467329,0.00140506836435187,794,91,"",FALSE
"milsusp",10,"cov","PFHxA",0.158630481004722,0.130623532511864,1.21440966994454,0.225026970436141,0.177021456503262,794,91,"",FALSE
"milsusp",10,"raw","PFHxA",0.0844937690214426,0.0957060404627315,0.88284677344211,0.377586947755495,0.00098314664490815,794,91,"",FALSE
"milsusp",25,"cov","PFHxA",0.0583497376533626,0.0756039947976605,0.771781144759934,0.440521142205755,0.175922880710867,794,91,"",FALSE
"milsusp",25,"raw","PFHxA",0.00473388185446042,0.0557425419666566,0.0849240398346398,0.932343241858536,9.10609453009938e-06,794,91,"",FALSE
"milsusp+milbase",5,"cov","PFHxA",0.0327195110669252,0.101386872089551,0.322719405309448,0.747010272843767,0.175307427181632,794,791,"",FALSE
"milsusp+milbase",5,"raw","PFHxA",0.0682709489412536,0.0779905221441663,0.875374943830405,0.381635321117049,0.000966591680762427,794,791,"",FALSE
"milsusp+milbase",10,"cov","PFHxA",0.0229317002315363,0.0532872342623592,0.430341348147894,0.667088264819407,0.175408975986689,794,791,"",FALSE
"milsusp+milbase",10,"raw","PFHxA",0.0232636958941585,0.0386084935386346,0.602553836266081,0.546978017235261,0.000458213082903028,794,791,"",FALSE
"milsusp+milbase",25,"cov","PFHxA",0.00441546672417219,0.0266228958270781,0.165852233087327,0.868324184397289,0.175211374751896,794,791,"",FALSE
"milsusp+milbase",25,"raw","PFHxA",0.000935225558543524,0.0186692914688548,0.0500943252240571,0.960059852309529,3.16847660170097e-06,794,791,"",FALSE
"airport",5,"cov","PFHxS",-0.0708660601101082,0.0759725872625521,-0.932784609074897,0.351337529708231,0.185207643645168,678,774,"",FALSE
"airport",5,"raw","PFHxS",-0.112440496828591,0.0649922202074989,-1.73006086681768,0.0840758142567567,0.00440816048963485,678,774,"*",FALSE
"airport",10,"cov","PFHxS",-0.0485630639631508,0.0381521228721986,-1.2728797326908,0.203594622861311,0.186307684282414,678,774,"",FALSE
"airport",10,"raw","PFHxS",-0.0649144278409177,0.0322938857731616,-2.0101151127148,0.0448157919762816,0.00594164964208556,678,774,"**",FALSE
"airport",25,"cov","PFHxS",-0.0347439749996168,0.0191130455611695,-1.81781469041247,0.0696324401342623,0.188766740406931,678,774,"*",FALSE
"airport",25,"raw","PFHxS",-0.0425532085180909,0.0151274720029334,-2.81297552623725,0.00505105664306767,0.0115699412979855,678,774,"***",FALSE
"airport+milbase",5,"cov","PFHxS",-0.0456747330597734,0.0640586048702957,-0.713014795627449,0.476136819311331,0.184676167514041,678,1448,"",FALSE
"airport+milbase",5,"raw","PFHxS",-0.022531429093131,0.0525387372516442,-0.428853647266254,0.668166360535888,0.000271990277454267,678,1448,"",FALSE
"airport+milbase",10,"cov","PFHxS",-0.0314091276556698,0.0313537479355645,-1.00176628708693,0.316893826525749,0.185403557482431,678,1448,"",FALSE
"airport+milbase",10,"raw","PFHxS",-0.0175987536869949,0.0258069158001528,-0.681939439151838,0.495510821110249,0.000687458139313741,678,1448,"",FALSE
"airport+milbase",25,"cov","PFHxS",-0.0269196330664813,0.0170524753091828,-1.57863492416171,0.11499060056535,0.187582509566328,678,1448,"",FALSE
"airport+milbase",25,"raw","PFHxS",-0.021599063750655,0.0137140575978551,-1.57495792886514,0.115734012811319,0.00365595253687669,678,1448,"",FALSE
"airport+milfire",5,"cov","PFHxS",-0.080062080924421,0.0720270157344827,-1.11155626965802,0.266811133537953,0.185743960767969,678,1041,"",FALSE
"airport+milfire",5,"raw","PFHxS",-0.0723057816155549,0.0592683316343301,-1.21997329132972,0.222900433679167,0.00219684200456072,678,1041,"",FALSE
"airport+milfire",10,"cov","PFHxS",-0.0556819130147953,0.0357663079969252,-1.55682585464461,0.120082889742937,0.187482667824502,678,1041,"",FALSE
"airport+milfire",10,"raw","PFHxS",-0.0498158656874671,0.029056217694109,-1.71446491115625,0.0869017252299398,0.00432938488350513,678,1041,"*",FALSE
"airport+milfire",25,"cov","PFHxS",-0.0411962279825979,0.018432242447654,-2.23500901203919,0.0258145688099447,0.191220509656107,678,1041,"**",FALSE
"airport+milfire",25,"raw","PFHxS",-0.039674439692774,0.0140124887061159,-2.83136283103355,0.00477282553922195,0.0117199133756737,678,1041,"***",FALSE
"airport+milfire+milbase",5,"cov","PFHxS",-0.0451229879638045,0.063020265020087,-0.716007588184881,0.474288349829003,0.184682455829388,678,1581,"",FALSE
"airport+milfire+milbase",5,"raw","PFHxS",-0.0197585050170886,0.0504496394778417,-0.391648091474804,0.695441674762733,0.000226854187565255,678,1581,"",FALSE
"airport+milfire+milbase",10,"cov","PFHxS",-0.0330970598864549,0.0310936153286817,-1.06443266685445,0.287596453262914,0.185593556867194,678,1581,"",FALSE
"airport+milfire+milbase",10,"raw","PFHxS",-0.0172007010580529,0.0247919522776484,-0.693801797672887,0.488044847136011,0.000711565701956968,678,1581,"",FALSE
"airport+milfire+milbase",25,"cov","PFHxS",-0.030509838429582,0.0172754432794218,-1.76608136393957,0.07793290459768,0.188496765404413,678,1581,"*",FALSE
"airport+milfire+milbase",25,"raw","PFHxS",-0.0227172346839231,0.0134365173658234,-1.69070854191026,0.0913534541098409,0.0042107381629139,678,1581,"*",FALSE
"airport+milfire+milsusp",5,"cov","PFHxS",-0.0633981944583596,0.0679325311194686,-0.933252352203177,0.351096246477504,0.185208925334023,678,1106,"",FALSE
"airport+milfire+milsusp",5,"raw","PFHxS",-0.0409114514844771,0.0554705469696346,-0.73753466874723,0.461053189066723,0.000804023717401179,678,1106,"",FALSE
"airport+milfire+milsusp",10,"cov","PFHxS",-0.0492350872995943,0.0334424818436029,-1.47223186155403,0.141526124278489,0.187108321022887,678,1106,"",FALSE
"airport+milfire+milsusp",10,"raw","PFHxS",-0.0374780310150015,0.0269568482122654,-1.39029721575347,0.164896211256155,0.00285120588336678,678,1106,"",FALSE
"airport+milfire+milsusp",25,"cov","PFHxS",-0.0391574008570193,0.0175724691501684,-2.22833800545577,0.0262585397424015,0.191177427527125,678,1106,"**",FALSE
"airport+milfire+milsusp",25,"raw","PFHxS",-0.0359598945229446,0.0135266249327932,-2.65845284404726,0.00803574957318985,0.0103465219078678,678,1106,"***",FALSE
"airport+milfire+milsusp+milbase",5,"cov","PFHxS",-0.0352793801983076,0.0613055399419939,-0.575468060989076,0.565208443550505,0.184415498282278,678,1625,"",FALSE
"airport+milfire+milsusp+milbase",5,"raw","PFHxS",-0.00153849223992685,0.0478528220206072,-0.0321505017878427,0.974361519571908,1.52907275839762e-06,678,1625,"",FALSE
"airport+milfire+milsusp+milbase",10,"cov","PFHxS",-0.0300564595240522,0.0303447460669956,-0.990499622494552,0.322362380876833,0.185370611156296,678,1625,"",FALSE
"airport+milfire+milsusp+milbase",10,"raw","PFHxS",-0.0102735469998146,0.0236759040173499,-0.433924170003646,0.664481956251689,0.000278458216515034,678,1625,"",FALSE
"airport+milfire+milsusp+milbase",25,"cov","PFHxS",-0.0302084845081812,0.0169912891097887,-1.7778806724428,0.0759718963512234,0.188557670730492,678,1625,"*",FALSE
"airport+milfire+milsusp+milbase",25,"raw","PFHxS",-0.0204504798748701,0.0131453144008462,-1.55572390672936,0.120241779021461,0.00356751847854759,678,1625,"",FALSE
"airport+milsusp",5,"cov","PFHxS",-0.0635550906165189,0.0722886490379991,-0.879184926849451,0.379682191658906,0.185065002517706,678,852,"",FALSE
"airport+milsusp",5,"raw","PFHxS",-0.0742004449008323,0.0609049882224837,-1.2182983211454,0.22353564714766,0.00219082701561633,678,852,"",FALSE
"airport+milsusp",10,"cov","PFHxS",-0.0486515209580121,0.0361661100645413,-1.34522404735233,0.179103266860692,0.186584968667689,678,852,"",FALSE
"airport+milsusp",10,"raw","PFHxS",-0.0527040722980435,0.0303820445137444,-1.73471118028943,0.0832477786656299,0.00443178498557345,678,852,"*",FALSE
"airport+milsusp",25,"cov","PFHxS",-0.0360193914913284,0.0183375940457964,-1.96423758762318,0.0500020557347936,0.189572041757371,678,852,"*",FALSE
"airport+milsusp",25,"raw","PFHxS",-0.0403366973187814,0.0146436452532419,-2.75455302427867,0.00603533346740746,0.0110996202700472,678,852,"***",FALSE
"airport+milsusp+milbase",5,"cov","PFHxS",-0.0371548422083879,0.0622771268739246,-0.596604950700522,0.551014874695841,0.184451946475798,678,1496,"",FALSE
"airport+milsusp+milbase",5,"raw","PFHxS",-0.00413862427194534,0.0496615405185254,-0.0833366067329607,0.933608564510757,1.02735483314693e-05,678,1496,"",FALSE
"airport+milsusp+milbase",10,"cov","PFHxS",-0.0297397111382121,0.0306568111207886,-0.970084951792178,0.332427478634276,0.185311856651407,678,1496,"",FALSE
"airport+milsusp+milbase",10,"raw","PFHxS",-0.0110158780603479,0.0245885728705015,-0.448008028703588,0.654290944194959,0.0002968219205634,678,1496,"",FALSE
"airport+milsusp+milbase",25,"cov","PFHxS",-0.0276375392248316,0.0168539293516066,-1.63982764186662,0.101608667301819,0.187869928121298,678,1496,"",FALSE
"airport+milsusp+milbase",25,"raw","PFHxS",-0.0199376910894946,0.0134301091158684,-1.48455168290011,0.138128749761997,0.00324960342999596,678,1496,"",FALSE
"milbase",5,"cov","PFHxS",0.0142241040536402,0.128869172103253,0.110376312825564,0.912150910400283,0.183945913662823,678,737,"",FALSE
"milbase",5,"raw","PFHxS",0.151219355912672,0.0889052180067201,1.70090529333432,0.0894206674679904,0.00426146459164747,678,737,"*",FALSE
"milbase",10,"cov","PFHxS",-0.0132215165130116,0.0588120240662579,-0.224809751456883,0.822210173358526,0.18400240846135,678,737,"",FALSE
"milbase",10,"raw","PFHxS",0.0475704654464051,0.0406667006432641,1.16976456643734,0.242507987266502,0.00202009607125551,678,737,"",FALSE
"milbase",25,"cov","PFHxS",-0.0320338717703273,0.0264860325952569,-1.20946282366442,0.227000952627288,0.186077077530633,678,737,"",FALSE
"milbase",25,"raw","PFHxS",-0.00116031643621724,0.0189920325230441,-0.061094905708979,0.951301684044842,5.52154865965301e-06,678,737,"",FALSE
"milfire",5,"cov","PFHxS",-0.207094690844807,0.214261255672528,-0.96655221306705,0.334189675213703,0.185301812582863,678,305,"",FALSE
"milfire",5,"raw","PFHxS",0.121032096152356,0.144371017181904,0.83834067609192,0.402135720978092,0.00103858750624176,678,305,"",FALSE
"milfire",10,"cov","PFHxS",-0.163638760167479,0.110646255458141,-1.47893626847035,0.139725698824239,0.187137238870502,678,305,"",FALSE
"milfire",10,"raw","PFHxS",0.0233000513354887,0.0706472403713319,0.329808372032939,0.74164693270127,0.000160881749381708,678,305,"",FALSE
"milfire",25,"cov","PFHxS",-0.105729058462307,0.0453557096715327,-2.33110801766746,0.0201054807757388,0.191854886254966,678,305,"**",FALSE
"milfire",25,"raw","PFHxS",-0.0348604939241791,0.0289029491040447,-1.20612238559769,0.2281922584091,0.00214734821682275,678,305,"",FALSE
"milfire+milbase",5,"cov","PFHxS",-0.00675256782384894,0.115761964731848,-0.0583314894446606,0.953505618747099,0.183932980068974,678,879,"",FALSE
"milfire+milbase",5,"raw","PFHxS",0.117001013418499,0.0794278291489863,1.4730481075976,0.141203515172048,0.0031995976538589,678,879,"",FALSE
"milfire+milbase",10,"cov","PFHxS",-0.0258998273435839,0.0544242135409631,-0.475887948736091,0.634341809463608,0.184261433237664,678,879,"",FALSE
"milfire+milbase",10,"raw","PFHxS",0.0355638766215255,0.0367428855836268,0.967911911561277,0.333434522392841,0.00138395991257069,678,879,"",FALSE
"milfire+milbase",25,"cov","PFHxS",-0.038460474132561,0.0247433493289656,-1.5543762334365,0.120665754238138,0.187471538722771,678,879,"",FALSE
"milfire+milbase",25,"raw","PFHxS",-0.00440881187961421,0.0171420288861921,-0.257193119255883,0.797107959407984,9.78429414915185e-05,678,879,"",FALSE
"milfire+milsusp",5,"cov","PFHxS",-0.0623050822048412,0.158584825268097,-0.392881740730935,0.694557955409055,0.184155279453918,678,380,"",FALSE
"milfire+milsusp",5,"raw","PFHxS",0.137143129680714,0.102115244049325,1.34302308100511,0.17971522875356,0.00266111112531634,678,380,"",FALSE
"milfire+milsusp",10,"cov","PFHxS",-0.0791274130787366,0.0772632513873024,-1.02412740414055,0.306222074370064,0.185470042143511,678,380,"",FALSE
"milfire+milsusp",10,"raw","PFHxS",0.0255944936649493,0.0489725314594382,0.522629582384323,0.601403284347767,0.000403892545110574,678,380,"",FALSE
"milfire+milsusp",25,"cov","PFHxS",-0.0678764280185202,0.0336221957457951,-2.01879819306593,0.0439894346967001,0.189887625636908,678,380,"**",FALSE
"milfire+milsusp",25,"raw","PFHxS",-0.0247906505716428,0.0221733655319092,-1.11803733790286,0.263948208716288,0.00184571055758212,678,380,"",FALSE
"milfire+milsusp+milbase",5,"cov","PFHxS",0.0199336652960387,0.105305676753751,0.189293359204671,0.849932228583726,0.183980746969673,678,931,"",FALSE
"milfire+milsusp+milbase",5,"raw","PFHxS",0.124554026225572,0.0695571374614873,1.79067211175181,0.0737932662379875,0.00472095979733944,678,931,"*",FALSE
"milfire+milsusp+milbase",10,"cov","PFHxS",-0.0156697834939228,0.0502788272934534,-0.311657696438816,0.755417929980264,0.184071021380528,678,931,"",FALSE
"milfire+milsusp+milbase",10,"raw","PFHxS",0.0389521128238972,0.0330305907322566,1.17927387795271,0.23870400849256,0.00205300560837145,678,931,"",FALSE
"milfire+milsusp+milbase",25,"cov","PFHxS",-0.0353653856707455,0.0237559571671014,-1.48869546370969,0.137136584381382,0.187179563931826,678,931,"",FALSE
"milfire+milsusp+milbase",25,"raw","PFHxS",-0.002666359714598,0.0163525362199932,-0.163054811726269,0.870524009808221,3.93281449922291e-05,678,931,"",FALSE
"milsusp",5,"cov","PFHxS",0.0300818857400824,0.254297181326174,0.118294216173391,0.905877417718258,0.183948580635718,678,91,"",FALSE
"milsusp",5,"raw","PFHxS",0.169601684000702,0.159845047054306,1.06103809361751,0.289051516849292,0.00166261842785304,678,91,"",FALSE
"milsusp",10,"cov","PFHxS",-0.0571969057461227,0.140057460174418,-0.408381714725468,0.683151251840725,0.184173563542976,678,91,"",FALSE
"milsusp",10,"raw","PFHxS",0.0338798398401018,0.0872803354442193,0.388172658453568,0.698010473931701,0.000222846796831967,678,91,"",FALSE
"milsusp",25,"cov","PFHxS",-0.0922955955737997,0.0784100311349714,-1.1770891330846,0.239665395089918,0.185963850056953,678,91,"",FALSE
"milsusp",25,"raw","PFHxS",-0.0415878411115947,0.0517743110507226,-0.803252429005797,0.42211118313046,0.000953549143496341,678,91,"",FALSE
"milsusp+milbase",5,"cov","PFHxS",0.0358702476604559,0.114528841916605,0.313198379204559,0.754247824922295,0.184072438997565,678,791,"",FALSE
"milsusp+milbase",5,"raw","PFHxS",0.146859368025462,0.0755577007573044,1.94367174428961,0.0523496776953312,0.00555749175235849,678,791,"*",FALSE
"milsusp+milbase",10,"cov","PFHxS",-0.00745475673103283,0.0536780388518378,-0.138879081473328,0.889596169323274,0.18395637833609,678,791,"",FALSE
"milsusp+milbase",10,"raw","PFHxS",0.0468960208091436,0.0357424952308533,1.31205223659546,0.189947866017214,0.00254010108818342,678,791,"",FALSE
"milsusp+milbase",25,"cov","PFHxS",-0.0310216233005545,0.0252311186833539,-1.22949852877593,0.219406858882666,0.186148675325223,678,791,"",FALSE
"milsusp+milbase",25,"raw","PFHxS",-0.000599968279737145,0.0178383426297791,-0.0336336335829521,0.973179229946067,1.67340150148648e-06,678,791,"",FALSE
"airport",5,"cov","PFOA",0.0189374675850326,0.0607666576533736,0.311642409116132,0.755424288611982,0.214887716826987,700,774,"",FALSE
"airport",5,"raw","PFOA",0.00315850750750136,0.0540555993844217,0.0584307184356486,0.953422270269496,4.89130681555373e-06,700,774,"",FALSE
"airport",10,"cov","PFOA",0.0280209968109589,0.0305933437685369,0.915918084108758,0.360090511500367,0.215890377747838,700,774,"",FALSE
"airport",10,"raw","PFOA",0.0122589927958635,0.0266825442016589,0.459438676582473,0.646062232603944,0.000302321035010708,700,774,"",FALSE
"airport",25,"cov","PFOA",0.00718894494351996,0.0148801173573712,0.483124210035801,0.629189858763682,0.21507212777257,700,774,"",FALSE
"airport",25,"raw","PFOA",0.00359719829894615,0.0122473085541441,0.293713372455941,0.769064246098143,0.000123577198363756,700,774,"",FALSE
"airport+milbase",5,"cov","PFOA",0.0725013115928493,0.0537026434890737,1.35005107537398,0.177526206866244,0.217216131770813,700,1448,"",FALSE
"airport+milbase",5,"raw","PFOA",0.0339598463873427,0.0460484587317416,0.737480630680346,0.461077953575202,0.000778587713680224,700,1448,"",FALSE
"airport+milbase",10,"cov","PFOA",0.0492071115065979,0.026674182617738,1.84474674301269,0.0655840647312331,0.21933671160821,700,1448,"*",FALSE
"airport+milbase",10,"raw","PFOA",0.0285069873793011,0.0224045570065344,1.27237451608559,0.203663777317922,0.00231402671336524,700,1448,"",FALSE
"airport+milbase",25,"cov","PFOA",0.0201109485264517,0.0143478319108552,1.40167160107558,0.161548232904874,0.217407192892359,700,1448,"",FALSE
"airport+milbase",25,"raw","PFOA",0.0108178896805538,0.0115245762282091,0.938680040492462,0.348219740341003,0.00126075836494705,700,1448,"",FALSE
"airport+milfire",5,"cov","PFOA",-0.0060522723870892,0.0583323528000946,-0.103754984953725,0.917399656081652,0.214770824042601,700,1041,"",FALSE
"airport+milfire",5,"raw","PFOA",-0.014261257844646,0.050214406808455,-0.284007294939203,0.776489016021238,0.000115545592628354,700,1041,"",FALSE
"airport+milfire",10,"cov","PFOA",0.0103381484093561,0.0292149466369875,0.353865045102204,0.723568621676772,0.214925745247962,700,1041,"",FALSE
"airport+milfire",10,"raw","PFOA",2.02076579213629e-05,0.0245741954698373,0.000822312085299643,0.999344124911302,9.68763846667049e-10,700,1041,"",FALSE
"airport+milfire",25,"cov","PFOA",0.00174990395018639,0.0146424628191026,0.119508853927459,0.904913608218384,0.214775585757149,700,1041,"",FALSE
"airport+milfire",25,"raw","PFOA",-0.00223043064768418,0.0116593684431629,-0.191299439464246,0.848346631762703,5.24262993896523e-05,700,1041,"",FALSE
"airport+milfire+milbase",5,"cov","PFOA",0.0446268251662413,0.0525285274306772,0.849573124339648,0.395912994964142,0.215732223024332,700,1581,"",FALSE
"airport+milfire+milbase",5,"raw","PFOA",0.0161569134875746,0.0443765880549778,0.364086429257651,0.715903730417974,0.000189876444343377,700,1581,"",FALSE
"airport+milfire+milbase",10,"cov","PFOA",0.0325791510016741,0.0261552452130295,1.24560678886102,0.213411735793637,0.216851221746086,700,1581,"",FALSE
"airport+milfire+milbase",10,"raw","PFOA",0.0174661137843913,0.0214734219419541,0.813382880083337,0.416275934684936,0.000946941577243082,700,1581,"",FALSE
"airport+milfire+milbase",25,"cov","PFOA",0.0131946778972335,0.014306836500046,0.922263834998813,0.356774448325971,0.215906124241849,700,1581,"",FALSE
"airport+milfire+milbase",25,"raw","PFOA",0.00543236494132205,0.0112604734923111,0.482427754483981,0.629653358399061,0.000333322295156656,700,1581,"",FALSE
"airport+milfire+milsusp",5,"cov","PFOA",0.0299015538435106,0.0558370907057776,0.535514180011113,0.592499628631861,0.215144314153145,700,1106,"",FALSE
"airport+milfire+milsusp",5,"raw","PFOA",0.0223596931738934,0.0476674080082094,0.469077176800604,0.63916094837033,0.000315134753044051,700,1106,"",FALSE
"airport+milfire+milsusp",10,"cov","PFOA",0.0253362878075342,0.027687511825648,0.915079981440013,0.360529919983849,0.215888306140975,700,1106,"",FALSE
"airport+milfire+milsusp",10,"raw","PFOA",0.0159195969660844,0.0229899421914825,0.692459199483436,0.488879300262744,0.000686490789100755,700,1106,"",FALSE
"airport+milfire+milsusp",25,"cov","PFOA",0.00719301355882053,0.0141051519545347,0.509956474202182,0.610275949231056,0.215108173096378,700,1106,"",FALSE
"airport+milfire+milsusp",25,"raw","PFOA",0.00306203709386226,0.0111414715292545,0.274832376120352,0.783526349466414,0.000108201521771165,700,1106,"",FALSE
"airport+milfire+milsusp+milbase",5,"cov","PFOA",0.0669389677047673,0.0505542659272038,1.32410126973571,0.185990982999272,0.217122758341847,700,1625,"",FALSE
"airport+milfire+milsusp+milbase",5,"raw","PFOA",0.0369094882575338,0.0424022399790795,0.870460812347278,0.384347884024501,0.00108435588421503,700,1625,"",FALSE
"airport+milfire+milsusp+milbase",10,"cov","PFOA",0.0416122576377912,0.0253142265853054,1.64382891563224,0.10075345320151,0.218397672373814,700,1625,"",FALSE
"airport+milfire+milsusp+milbase",10,"raw","PFOA",0.0250178442590628,0.0206676579981914,1.21048278722495,0.226503424813624,0.00209484107930964,700,1625,"",FALSE
"airport+milfire+milsusp+milbase",25,"cov","PFOA",0.0168542749700461,0.0140744261823193,1.19751063039564,0.231596756964829,0.216692951762599,700,1625,"",FALSE
"airport+milfire+milsusp+milbase",25,"raw","PFOA",0.00830944232619971,0.011069706580214,0.750647026277286,0.453118081967621,0.000806613831791339,700,1625,"",FALSE
"airport+milsusp",5,"cov","PFOA",0.0546154308681875,0.0578129059937325,0.944692710553389,0.345209143087075,0.215962645789503,700,852,"",FALSE
"airport+milsusp",5,"raw","PFOA",0.0421186052760747,0.051167208947357,0.823156199889818,0.41070031242642,0.000969812318111965,700,852,"",FALSE
"airport+milsusp",10,"cov","PFOA",0.0426748730544498,0.0290422118521717,1.46940850344561,0.142264210374103,0.217668628511634,700,852,"",FALSE
"airport+milsusp",10,"raw","PFOA",0.0291417362817513,0.0250994818853052,1.16104931627344,0.246018753481433,0.00192756030811852,700,852,"",FALSE
"airport+milsusp",25,"cov","PFOA",0.0123560870454827,0.0143394745184711,0.861683392202866,0.389217868181331,0.215760209591252,700,852,"",FALSE
"airport+milsusp",25,"raw","PFOA",0.00861289467930579,0.0117029822212906,0.735957255718704,0.462003952776144,0.000775376951914957,700,852,"",FALSE
"airport+milsusp+milbase",5,"cov","PFOA",0.0935889176411813,0.0514204103097084,1.82007333425559,0.0692631150243071,0.219215695227319,700,1496,"*",FALSE
"airport+milsusp+milbase",5,"raw","PFOA",0.0546652305264074,0.0438068768066182,1.24786870261768,0.212497600968244,0.00222594571498935,700,1496,"",FALSE
"airport+milsusp+milbase",10,"cov","PFOA",0.057501779278743,0.0257342846879747,2.23444249474759,0.0258341377503345,0.221458063959876,700,1496,"**",TRUE
"airport+milsusp+milbase",10,"raw","PFOA",0.0358055218455945,0.0214917183102446,1.66601484947469,0.0961591287900271,0.00396076212837669,700,1496,"*",FALSE
"airport+milsusp+milbase",25,"cov","PFOA",0.0235507814390542,0.0141240581625681,1.66742314198825,0.0959700982287129,0.218502452511353,700,1496,"*",FALSE
"airport+milsusp+milbase",25,"raw","PFOA",0.0134955128744672,0.0113325799831089,1.19085970666717,0.234113477308087,0.00202760944560662,700,1496,"",FALSE
"milbase",5,"cov","PFOA",0.239604800410799,0.109806508275886,2.18206374260438,0.029505388231077,0.221150073469163,700,737,"**",TRUE
"milbase",5,"raw","PFOA",0.114114499172007,0.0886729928720247,1.28691381080032,0.198550943799142,0.00236708726587993,700,737,"",FALSE
"milbase",10,"cov","PFOA",0.093732229427797,0.0512326648731198,1.82954038521965,0.0678318731270077,0.219261940309881,700,737,"*",FALSE
"milbase",10,"raw","PFOA",0.0494746462205217,0.0390234837689216,1.26781725879439,0.205285966506866,0.00229751813976702,700,737,"",FALSE
"milbase",25,"cov","PFOA",0.0129372316608525,0.0224631210092876,0.575932064627329,0.564884498230614,0.215205068248569,700,737,"",FALSE
"milbase",25,"raw","PFOA",0.00470530189745347,0.016380346197254,0.287252896904112,0.774003941653357,0.000118201251425414,700,737,"",FALSE
"milfire",5,"cov","PFOA",-0.213127789782951,0.154539057858584,-1.37911925138032,0.168389551625694,0.217322850454911,700,305,"",FALSE
"milfire",5,"raw","PFOA",-0.124161953160341,0.119563859019924,-1.03845722426582,0.299416833302768,0.00154259295781528,700,305,"",FALSE
"milfire",10,"cov","PFOA",-0.14175559695801,0.0793714964726154,-1.78597611558097,0.0746254343211899,0.21905107929943,700,305,"*",FALSE
"milfire",10,"raw","PFOA",-0.0727876282661719,0.058969684291647,-1.23432284131259,0.217498024943189,0.00217798653143388,700,305,"",FALSE
"milfire",25,"cov","PFOA",-0.0731574563343981,0.0344322308561621,-2.12467953761136,0.0340356213984393,0.220820767180681,700,305,"**",FALSE
"milfire",25,"raw","PFOA",-0.0394507077775243,0.0244268858484142,-1.61505269326362,0.106751186411465,0.00372304302928879,700,305,"",FALSE
"milfire+milbase",5,"cov","PFOA",0.106972307886523,0.0972505645312534,1.09996593235349,0.271803296068144,0.216390919197657,700,879,"",FALSE
"milfire+milbase",5,"raw","PFOA",0.0499679586906177,0.0765080801574949,0.653106947498312,0.513902393511459,0.000610728051036646,700,879,"",FALSE
"milfire+milbase",10,"cov","PFOA",0.035714292285924,0.0456490934864705,0.78236586004734,0.434318879900483,0.215584074125852,700,879,"",FALSE
"milfire+milbase",10,"raw","PFOA",0.0240785394973662,0.0340047551575145,0.708093305945926,0.479123698455647,0.000717816933084795,700,879,"",FALSE
"milfire+milbase",25,"cov","PFOA",-0.00118313654434493,0.020269119828388,-0.0583713823965798,0.953472914030113,0.214760862685662,700,879,"",FALSE
"milfire+milbase",25,"raw","PFOA",-0.00145635168900086,0.0145692818303705,-0.0999604308542518,0.92040444234006,1.43151070182842e-05,700,879,"",FALSE
"milfire+milsusp",5,"cov","PFOA",0.0420328403333732,0.129065420042115,0.325670813449936,0.744790885417583,0.214899816832619,700,380,"",FALSE
"milfire+milsusp",5,"raw","PFOA",0.0663625882781753,0.100761161507181,0.6586127758506,0.510361641550274,0.00062106216316533,700,380,"",FALSE
"milfire+milsusp",10,"cov","PFOA",-0.00761566056219437,0.0637648541529947,-0.119433513388452,0.9049732673409,0.214775561385944,700,380,"",FALSE
"milfire+milsusp",10,"raw","PFOA",0.0150323419649971,0.0471445947874396,0.318856107105667,0.749931021111465,0.000145636690931575,700,380,"",FALSE
"milfire+milsusp",25,"cov","PFOA",-0.0274100450438748,0.0271942791761717,-1.00793423742932,0.31390633939923,0.216129282367711,700,380,"",FALSE
"milfire+milsusp",25,"raw","PFOA",-0.0125658884080713,0.0193244074027391,-0.650259961207924,0.515738277427887,0.000605418371413202,700,380,"",FALSE
"milfire+milsusp+milbase",5,"cov","PFOA",0.157541098007236,0.0856539324477989,1.83927454939968,0.0663857694329811,0.219309734609876,700,931,"*",FALSE
"milfire+milsusp+milbase",5,"raw","PFOA",0.0957497811856018,0.0681666981186584,1.40464161868203,0.160572713681189,0.00281870590148496,700,931,"",FALSE
"milfire+milsusp+milbase",10,"cov","PFOA",0.0594982750915225,0.0414223499708833,1.43638096663625,0.151433114936082,0.217539637056685,700,931,"",FALSE
"milfire+milsusp+milbase",10,"raw","PFOA",0.0374579160805903,0.0311963859345582,1.2007133184968,0.230269737924916,0.0020612331914231,700,931,"",FALSE
"milfire+milsusp+milbase",25,"cov","PFOA",0.00689229144935424,0.0194217646857872,0.354874624466952,0.722812519750837,0.214926713560734,700,931,"",FALSE
"milfire+milsusp+milbase",25,"raw","PFOA",0.00149536274750989,0.0140374709865107,0.106526506729514,0.915195234101274,1.62574672606525e-05,700,931,"",FALSE
"milsusp",5,"cov","PFOA",0.522899220396103,0.214414437244305,2.43873139848465,0.015037829635082,0.222726533640194,700,91,"**",TRUE
"milsusp",5,"raw","PFOA",0.586837508678044,0.198696246399109,2.953440335754,0.00324815578773665,0.012342618202912,700,91,"***",TRUE
"milsusp",10,"cov","PFOA",0.303044904055927,0.120676621506707,2.51121468493451,0.0123023695553904,0.223202183859404,700,91,"**",TRUE
"milsusp",10,"raw","PFOA",0.296993690470615,0.106278066804178,2.79449654478415,0.00534072773676641,0.011064195277961,700,91,"***",TRUE
"milsusp",25,"cov","PFOA",0.097014302264142,0.06696049329911,1.44882896592148,0.147925762428479,0.217587914291643,700,91,"",FALSE
"milsusp",25,"raw","PFOA",0.0715395587848647,0.0549096027524702,1.30286061451513,0.193052003836875,0.00242597109806569,700,91,"",FALSE
"milsusp+milbase",5,"cov","PFOA",0.260981273115232,0.0927215355197872,2.8146780750793,0.00504839574510443,0.225337620557866,700,791,"***",TRUE
"milsusp+milbase",5,"raw","PFOA",0.154830304274075,0.0760497579464689,2.03590791680178,0.0421366991385512,0.00590322727040907,700,791,"**",TRUE
"milsusp+milbase",10,"cov","PFOA",0.10939695618924,0.0451441747636,2.42327956512891,0.0156860940456362,0.222626863093821,700,791,"**",TRUE
"milsusp+milbase",10,"raw","PFOA",0.0610532235103363,0.0348946372787999,1.7496448816056,0.0806190552449038,0.00436660445893698,700,791,"*",FALSE
"milsusp+milbase",25,"cov","PFOA",0.0207531491751776,0.0212310348208357,0.977491175079738,0.328733569460895,0.216047728700379,700,791,"",FALSE
"milsusp+milbase",25,"raw","PFOA",0.00705482983657488,0.0155931561177652,0.452431168090297,0.651098974064082,0.000293171850074576,700,791,"",FALSE
"airport",5,"cov","PFOS",0.102683560616942,0.0738373325707452,1.39067267250694,0.164759804837005,0.195530499480315,845,774,"",FALSE
"airport",5,"raw","PFOS",0.18134841428573,0.0667613005698995,2.71637030341938,0.00673539972445512,0.00867691994897259,845,774,"***",TRUE
"airport",10,"cov","PFOS",0.084708288604218,0.0367364502023324,2.30583761189969,0.0214065816268382,0.199329730358299,845,774,"**",TRUE
"airport",10,"raw","PFOS",0.146377095280069,0.0317789548670122,4.60610161324135,4.73600481055226e-06,0.0245496124200615,845,774,"***",TRUE
"airport",25,"cov","PFOS",0.0453951979773644,0.0179906910336937,2.52326038462594,0.0118441365019561,0.200501611192667,845,774,"**",TRUE
"airport",25,"raw","PFOS",0.0766218199671839,0.0145080409246219,5.28133470020388,1.63326664618973e-07,0.0320274848351356,845,774,"***",TRUE
"airport+milbase",5,"cov","PFOS",0.179057884063033,0.0616151236071855,2.90607035384007,0.00377376806252044,0.20281127827071,845,1448,"***",TRUE
"airport+milbase",5,"raw","PFOS",0.219135943794631,0.0541860223405836,4.04414153925643,5.73302333396771e-05,0.0190318078698191,845,1448,"***",TRUE
"airport+milbase",10,"cov","PFOS",0.108980383086888,0.0301254908436709,3.61754713483063,0.000318460928936306,0.207921265642122,845,1448,"***",TRUE
"airport+milbase",10,"raw","PFOS",0.150395522608624,0.0255301580858897,5.89089664477033,5.54728617823077e-09,0.0395380630949741,845,1448,"***",TRUE
"airport+milbase",25,"cov","PFOS",0.0542064415254575,0.0164006571604041,3.30513838532809,0.000996929866596496,0.205548391512168,845,1448,"***",TRUE
"airport+milbase",25,"raw","PFOS",0.0796741667746447,0.0131870576726822,6.04184563018137,2.28453572336018e-09,0.041505101542202,845,1448,"***",TRUE
"airport+milfire",5,"cov","PFOS",0.06084137069512,0.0695807775362265,0.874399120697431,0.382196190737825,0.194208792863545,845,1041,"",FALSE
"airport+milfire",5,"raw","PFOS",0.148793819999713,0.0618112161209518,2.40723010057842,0.0162880442641007,0.00682704117927166,845,1041,"**",TRUE
"airport+milfire",10,"cov","PFOS",0.0663910688367577,0.0342117437658666,1.94059295226561,0.0527026200393891,0.197592338512949,845,1041,"*",FALSE
"airport+milfire",10,"raw","PFOS",0.129739480592137,0.0289813846339251,4.47664879476693,8.62455268078006e-06,0.0232206798119705,845,1041,"***",TRUE
"airport+milfire",25,"cov","PFOS",0.0385662531751545,0.017312748950014,2.2276215802877,0.0262179534089725,0.198933188499616,845,1041,"**",TRUE
"airport+milfire",25,"raw","PFOS",0.0691921026326954,0.0136434086120273,5.07146744631685,4.8558496576875e-07,0.029606534339635,845,1041,"***",TRUE
"airport+milfire+milbase",5,"cov","PFOS",0.145885565114118,0.0605675684861456,2.40864160078488,0.0162654005275928,0.199871105680743,845,1581,"**",TRUE
"airport+milfire+milbase",5,"raw","PFOS",0.186443063429738,0.052435403785716,3.55567135883346,0.000398012649340295,0.0147757905864245,845,1581,"***",TRUE
"airport+milfire+milbase",10,"cov","PFOS",0.0890431539763109,0.029635836639636,3.00457702811135,0.00275298085259627,0.203455911635889,845,1581,"***",TRUE
"airport+milfire+milbase",10,"raw","PFOS",0.13006377071309,0.0246923780447672,5.26736511474449,1.75823418731194e-07,0.0318636695500995,845,1581,"***",TRUE
"airport+milfire+milbase",25,"cov","PFOS",0.0451274727631393,0.0163763086772145,2.7556559694022,0.00600743784656796,0.20186653018593,845,1581,"***",TRUE
"airport+milfire+milbase",25,"raw","PFOS",0.07021978174277,0.0129592448660873,5.41850875327823,7.84704264746017e-08,0.0336560928162437,845,1581,"***",TRUE
"airport+milfire+milsusp",5,"cov","PFOS",0.13227999876722,0.0653539343237574,2.02405563086557,0.0433378897095231,0.197963640478731,845,1106,"**",TRUE
"airport+milfire+milsusp",5,"raw","PFOS",0.218420994720028,0.0577103866793869,3.7847778760083,0.000164738620586719,0.0167084258559318,845,1106,"***",TRUE
"airport+milfire+milsusp",10,"cov","PFOS",0.093130726231384,0.0318716603792401,2.92205442462751,0.00358760516098035,0.202914488657125,845,1106,"***",TRUE
"airport+milfire+milsusp",10,"raw","PFOS",0.150188695631497,0.0266783440215515,5.62961087502923,2.45967972245413e-08,0.0362327537164939,845,1106,"***",TRUE
"airport+milfire+milsusp",25,"cov","PFOS",0.047958374245513,0.016556866247895,2.89658523101317,0.00388835659167204,0.202750287183087,845,1106,"***",TRUE
"airport+milfire+milsusp",25,"raw","PFOS",0.0750617158622581,0.0129736576548037,5.78570190916556,1.01755609339212e-08,0.038192043740097,845,1106,"***",TRUE
"airport+milfire+milsusp+milbase",5,"cov","PFOS",0.152458193641368,0.0585781167201956,2.60264757861029,0.00944346176763444,0.200954875229448,845,1625,"***",TRUE
"airport+milfire+milsusp+milbase",5,"raw","PFOS",0.19059184901279,0.0503117441769723,3.78821788293367,0.000162512608243149,0.0167383038127145,845,1625,"***",TRUE
"airport+milfire+milsusp+milbase",10,"cov","PFOS",0.0900733498233123,0.0288274475705431,3.12456902758718,0.00185303644280824,0.204268685325484,845,1625,"***",TRUE
"airport+milfire+milsusp+milbase",10,"raw","PFOS",0.128630892045719,0.0238668947466793,5.3895110114237,9.17483218127834e-08,0.0333087948699835,845,1625,"***",TRUE
"airport+milfire+milsusp+milbase",25,"cov","PFOS",0.0461356282120381,0.016140667366547,2.85834700414299,0.00438313419856997,0.202506337263418,845,1625,"***",TRUE
"airport+milfire+milsusp+milbase",25,"raw","PFOS",0.0702898734616476,0.0127690734765266,5.5046964520066,4.90950435730902e-08,0.0346978410984432,845,1625,"***",TRUE
"airport+milsusp",5,"cov","PFOS",0.171674187399328,0.0690683377367497,2.48556998799732,0.0131631482765223,0.200291156976419,845,852,"**",TRUE
"airport+milsusp",5,"raw","PFOS",0.257342001612941,0.062199920400945,4.13733651030575,3.86603852449866e-05,0.0199014115359626,845,852,"***",TRUE
"airport+milsusp",10,"cov","PFOS",0.113561414080766,0.0343892241624044,3.30223832746178,0.00100713624622398,0.205527304101079,845,852,"***",TRUE
"airport+milsusp",10,"raw","PFOS",0.175471286888108,0.0294492836039262,5.95842293646538,3.7391597482189e-09,0.0404128521076983,845,852,"***",TRUE
"airport+milsusp",25,"cov","PFOS",0.0548942424928583,0.017247271015732,3.18277844899561,0.00152221529381347,0.204673813902452,845,852,"***",TRUE
"airport+milsusp",25,"raw","PFOS",0.0847127306543979,0.0137775332937016,6.14861375026576,1.2055253128473e-09,0.0429214544538654,845,852,"***",TRUE
"airport+milsusp+milbase",5,"cov","PFOS",0.182889967606955,0.0596263985688247,3.06726503690896,0.00224223861716752,0.203876770195528,845,1496,"***",TRUE
"airport+milsusp+milbase",5,"raw","PFOS",0.219224205125862,0.051915261935684,4.22273136938905,2.6761132791715e-05,0.0207142292563357,845,1496,"***",TRUE
"airport+milsusp+milbase",10,"cov","PFOS",0.108698041556062,0.029351332975161,3.70334259258511,0.000229265081601611,0.208607748056151,845,1496,"***",TRUE
"airport+milsusp+milbase",10,"raw","PFOS",0.147057799160945,0.0246645319333684,5.96231866707319,3.65459447860788e-09,0.0404635757586199,845,1496,"***",TRUE
"airport+milsusp+milbase",25,"cov","PFOS",0.0549243342599949,0.0162250935279475,3.38514746712482,0.000750477341425215,0.206137015652484,845,1496,"***",TRUE
"airport+milsusp+milbase",25,"raw","PFOS",0.0793690156403867,0.0130173781816243,6.09715831659759,1.64247648190551e-09,0.0422362884617773,845,1496,"***",TRUE
"milbase",5,"cov","PFOS",0.419845296092169,0.119013910581472,3.5276993591834,0.00044613124224502,0.207218375290549,845,737,"***",TRUE
"milbase",5,"raw","PFOS",0.320194751390295,0.096634444164,3.31346399475209,0.000960758830193943,0.0128563384853841,845,737,"***",TRUE
"milbase",10,"cov","PFOS",0.20181565087098,0.0558040555550804,3.61650508844795,0.000319721668916079,0.207913019496003,845,737,"***",TRUE
"milbase",10,"raw","PFOS",0.18668360355376,0.0433375590177972,4.30766309374038,1.84416123588927e-05,0.0215377319199853,845,737,"***",TRUE
"milbase",25,"cov","PFOS",0.0559154725133193,0.0254542291798892,2.19670657155459,0.0283634478597707,0.198780122664111,845,737,"**",TRUE
"milbase",25,"raw","PFOS",0.0657818562513662,0.0189873927337548,3.46450179725953,0.000558013967380548,0.0140382851218903,845,737,"***",TRUE
"milfire",5,"cov","PFOS",-0.30741802491103,0.195610581861411,-1.57158177224192,0.116492454321812,0.196134749563319,845,305,"",FALSE
"milfire",5,"raw","PFOS",-0.0766797281244442,0.154395808211313,-0.496643846829682,0.619569707585448,0.000292506479686461,845,305,"",FALSE
"milfire",10,"cov","PFOS",-0.0774042614411208,0.0986699802421185,-0.78447630425368,0.433021963838163,0.194039880725798,845,305,"",FALSE
"milfire",10,"raw","PFOS",0.0557994398346628,0.0732763310068141,0.761493364473638,0.446575410827369,0.000687394475953432,845,305,"",FALSE
"milfire",25,"cov","PFOS",-0.00822382099482481,0.0401931254969745,-0.204607651013451,0.837937233569051,0.193389779223166,845,305,"",FALSE
"milfire",25,"raw","PFOS",0.0408020011302553,0.0289139318661015,1.41115367218843,0.1585682466429,0.00235665687641223,845,305,"",FALSE
"milfire+milbase",5,"cov","PFOS",0.276268718763609,0.109829789939524,2.5154260871821,0.0121082105402257,0.200457614747889,845,879,"**",TRUE
"milfire+milbase",5,"raw","PFOS",0.214059340943283,0.08692411062738,2.46260030040338,0.0139923339139709,0.00714245025210796,845,879,"**",TRUE
"milfire+milbase",10,"cov","PFOS",0.130343653624744,0.0513956265824365,2.53608453271171,0.0114229017028851,0.200573914777145,845,879,"**",TRUE
"milfire+milbase",10,"raw","PFOS",0.133840467885321,0.0389319225488297,3.43780782255112,0.000615173683278847,0.0138257680571823,845,879,"***",TRUE
"milfire+milbase",25,"cov","PFOS",0.031140575273827,0.0231586734918034,1.34466144120252,0.179163392474498,0.195388459309477,845,879,"",FALSE
"milfire+milbase",25,"raw","PFOS",0.0455731728468833,0.0169837231940807,2.68334406573271,0.00743185204439795,0.00846898674995961,845,879,"***",TRUE
"milfire+milsusp",5,"cov","PFOS",0.245473370029324,0.149562933988349,1.64127142657181,0.10118332263928,0.196386941119266,845,380,"",FALSE
"milfire+milsusp",5,"raw","PFOS",0.330012896248755,0.117871042391989,2.79977922950128,0.00523064050821345,0.00921298378501939,845,380,"***",TRUE
"milfire+milsusp",10,"cov","PFOS",0.156945338359887,0.0718625916056644,2.18396435270665,0.0292909250646615,0.198717639344435,845,380,"**",TRUE
"milfire+milsusp",10,"raw","PFOS",0.204960719987068,0.0536920285982336,3.81733984239536,0.000144771739975105,0.0169922549406415,845,380,"***",TRUE
"milfire+milsusp",25,"cov","PFOS",0.0574504597936954,0.0309085370391657,1.85872465335054,0.0634791859152115,0.197243003882736,845,380,"*",FALSE
"milfire+milsusp",25,"raw","PFOS",0.0784191658870148,0.0222577999875913,3.52322178879913,0.000449262747852653,0.0145112249186409,845,380,"***",TRUE
"milfire+milsusp+milbase",5,"cov","PFOS",0.27974998949448,0.0993803924544423,2.81494148478758,0.00501358548038163,0.202233172833612,845,931,"***",TRUE
"milfire+milsusp+milbase",5,"raw","PFOS",0.227292886510603,0.078592622338598,2.89203846044689,0.00392598099626391,0.00982410293618832,845,931,"***",TRUE
"milfire+milsusp+milbase",10,"cov","PFOS",0.132962177911575,0.0473837168957676,2.80607319607406,0.00515208874596513,0.20217785340168,845,931,"***",TRUE
"milfire+milsusp+milbase",10,"raw","PFOS",0.136002739432412,0.0359825031309776,3.77969089413701,0.000168083111450129,0.0166642896316036,845,931,"***",TRUE
"milfire+milsusp+milbase",25,"cov","PFOS",0.0389299003780777,0.0223268471474269,1.74363626539022,0.0816547496307262,0.196776902786273,845,931,"*",FALSE
"milfire+milsusp+milbase",25,"raw","PFOS",0.0506590207337835,0.0164353489008115,3.08232098019424,0.00212075819095453,0.0111445100229147,845,931,"***",TRUE
"milsusp",5,"cov","PFOS",1.02552193791489,0.238469672246697,4.30042918352312,1.9429052330747e-05,0.21379219301643,845,91,"***",TRUE
"milsusp",5,"raw","PFOS",1.05092529029419,0.198820033802911,5.28581184799497,1.59506853319113e-07,0.0320800664653233,845,91,"***",TRUE
"milsusp",10,"cov","PFOS",0.639771190421534,0.131960820156679,4.84819046791255,1.53106820070071e-06,0.219156202415971,845,91,"***",TRUE
"milsusp",10,"raw","PFOS",0.678784219837793,0.105922978435062,6.40828109128309,2.445874272129e-10,0.0464513548239563,845,91,"***",TRUE
"milsusp",25,"cov","PFOS",0.348107437192355,0.0750945141601084,4.63559077631367,4.23478493632876e-06,0.217006851174296,845,91,"***",TRUE
"milsusp",25,"raw","PFOS",0.371181348437411,0.0579713993366025,6.4028357549591,2.53055261071601e-10,0.0463761052398158,845,91,"***",TRUE
"milsusp+milbase",5,"cov","PFOS",0.392064016923653,0.106319362044195,3.68760693617292,0.000243627822808684,0.208480725895108,845,791,"***",TRUE
"milsusp+milbase",5,"raw","PFOS",0.307401032377862,0.0855474891061371,3.59333787104465,0.000345398530413906,0.0150857516812987,845,791,"***",TRUE
"milsusp+milbase",10,"cov","PFOS",0.19189202327737,0.0510111499225696,3.76176627205317,0.000182609345857771,0.209083727791104,845,791,"***",TRUE
"milsusp+milbase",10,"raw","PFOS",0.178204788057875,0.0394096913957602,4.52185190359157,7.00762952684057e-06,0.0236808295273092,845,791,"***",TRUE
"milsusp+milbase",25,"cov","PFOS",0.0613747737637417,0.0243749453967072,2.51794507699832,0.0120227370434378,0.200471746687821,845,791,"**",TRUE
"milsusp+milbase",25,"raw","PFOS",0.0687549029507195,0.0181879379326918,3.78024728285093,0.000167714215119133,0.016669114333365,845,791,"***",TRUE
"airport",5,"cov","PFPeA",0.105194087482643,0.0679926295519124,1.54713956756632,0.122234171402575,0.193420372708029,925,774,"",FALSE
"airport",5,"raw","PFPeA",0.124680758513947,0.061242179951047,2.03586414810198,0.0420491240131372,0.00447043771922579,925,774,"**",TRUE
"airport",10,"cov","PFPeA",0.0681233277476262,0.0343108846565323,1.98547278595618,0.0474407748932734,0.195009494055305,925,774,"**",TRUE
"airport",10,"raw","PFPeA",0.0686138738150966,0.0301377149522688,2.27667804024841,0.0230336510123286,0.00558430980834616,925,774,"**",TRUE
"airport",25,"cov","PFPeA",0.0332242830338739,0.0171339129533471,1.9390948888522,0.0528491879344573,0.194823026332358,925,774,"*",FALSE
"airport",25,"raw","PFPeA",0.0328279819924818,0.014300243794613,2.29562393928195,0.0219208363712115,0.00567710892221789,925,774,"**",TRUE
"airport+milbase",5,"cov","PFPeA",0.0761218590091089,0.0611157004574922,1.24553688232787,0.213307527353317,0.192553339752821,925,1448,"",FALSE
"airport+milbase",5,"raw","PFPeA",0.137665440550218,0.0538093794080495,2.55839115902579,0.010674381814825,0.00704146948256787,925,1448,"**",TRUE
"airport+milbase",10,"cov","PFPeA",0.058961401677648,0.0310782118981386,1.89719414588261,0.0581704771719011,0.194658277146266,925,1448,"*",FALSE
"airport+milbase",10,"raw","PFPeA",0.0822792869584353,0.0266140606622552,3.09157208299018,0.0020507749899348,0.0102490352452279,925,1448,"***",TRUE
"airport+milbase",25,"cov","PFPeA",0.0368591581282379,0.0169358231374366,2.17640192797955,0.029823793905975,0.195822553984637,925,1448,"**",TRUE
"airport+milbase",25,"raw","PFPeA",0.0466658722575857,0.013945993149563,3.34618494051446,0.000852379684201693,0.0119856456524555,925,1448,"***",TRUE
"airport+milfire",5,"cov","PFPeA",0.0548387982430615,0.065002563313938,0.843640549653568,0.399128282370076,0.191687173279343,925,1041,"",FALSE
"airport+milfire",5,"raw","PFPeA",0.105099701004289,0.0574065622661537,1.83079593787581,0.0674532744862253,0.00361829460074741,925,1041,"*",FALSE
"airport+milfire",10,"cov","PFPeA",0.0374154984082754,0.0330132460238409,1.13334806220677,0.25741545568836,0.192278222807604,925,1041,"",FALSE
"airport+milfire",10,"raw","PFPeA",0.0572950751088052,0.0281607655811223,2.03457093322822,0.0421794662740545,0.00446478547901689,925,1041,"**",TRUE
"airport+milfire",25,"cov","PFPeA",0.0193520817204389,0.0169714291349126,1.14027413758744,0.254521220598549,0.192294461051339,925,1041,"",FALSE
"airport+milfire",25,"raw","PFPeA",0.0283271255431755,0.013726646256701,2.06365961600758,0.0393290816208354,0.00459277551348529,925,1041,"**",TRUE
"airport+milfire+milbase",5,"cov","PFPeA",0.0330515087819468,0.0600179035592438,0.550694156608146,0.582000630829761,0.191265127539616,925,1581,"",FALSE
"airport+milfire+milbase",5,"raw","PFPeA",0.108980938131696,0.0520697909521044,2.09297821517932,0.0366236088376922,0.00472358167564304,925,1581,"**",TRUE
"airport+milfire+milbase",10,"cov","PFPeA",0.0343237632939907,0.0306031697939214,1.12157542911808,0.262387281135034,0.192250847285507,925,1581,"",FALSE
"airport+milfire+milbase",10,"raw","PFPeA",0.0651627460435086,0.0255689217958771,2.54851364338781,0.0109792433790238,0.00698758179121867,925,1581,"**",TRUE
"airport+milfire+milbase",25,"cov","PFPeA",0.024996355745578,0.0168713294389527,1.48158779283073,0.138852827439854,0.193216167056309,925,1581,"",FALSE
"airport+milfire+milbase",25,"raw","PFPeA",0.0383714996858865,0.0135765142817273,2.82631453771098,0.00481038113958418,0.00858018943734535,925,1581,"***",TRUE
"airport+milfire+milsusp",5,"cov","PFPeA",0.0552090133266931,0.063138324128588,0.874413663787686,0.38216147925666,0.191741768748911,925,1106,"",FALSE
"airport+milfire+milsusp",5,"raw","PFPeA",0.123659533807829,0.0545810973468182,2.26561098656691,0.0237061705852747,0.00553045003289185,925,1106,"**",TRUE
"airport+milfire+milsusp",10,"cov","PFPeA",0.0353419900485344,0.0318871669304371,1.10834525141835,0.268053500918766,0.192220421404607,925,1106,"",FALSE
"airport+milfire+milsusp",10,"raw","PFPeA",0.0638386009295545,0.0267654035777083,2.38511632168038,0.0172746734478666,0.00612560417576604,925,1106,"**",TRUE
"airport+milfire+milsusp",25,"cov","PFPeA",0.0179646384305414,0.0166370442427215,1.07979747895427,0.280565290926945,0.192155991581468,925,1106,"",FALSE
"airport+milfire+milsusp",25,"raw","PFPeA",0.0303736549510068,0.0133977778486651,2.26706662060628,0.0236167515371917,0.00553751947633747,925,1106,"**",TRUE
"airport+milfire+milsusp+milbase",5,"cov","PFPeA",0.0368423851576151,0.0577824103551654,0.637605543471788,0.523917124142916,0.191371879624439,925,1625,"",FALSE
"airport+milfire+milsusp+milbase",5,"raw","PFPeA",0.120333375545052,0.0492389373562338,2.44386621657701,0.0147171228935366,0.00642912701905307,925,1625,"**",TRUE
"airport+milfire+milsusp+milbase",10,"cov","PFPeA",0.0343943504723487,0.0296017100980576,1.16190417237434,0.245628889520696,0.192345805486118,925,1625,"",FALSE
"airport+milfire+milsusp+milbase",10,"raw","PFPeA",0.0687883350400403,0.0244477064516413,2.81369277629812,0.00500165240823478,0.0085043759756662,925,1625,"***",TRUE
"airport+milfire+milsusp+milbase",25,"cov","PFPeA",0.0245005029837472,0.0165904041386103,1.47678759233646,0.140135159410882,0.193201556943022,925,1625,"",FALSE
"airport+milfire+milsusp+milbase",25,"raw","PFPeA",0.0396958909278137,0.0133194115207571,2.98030366176097,0.00295513948588911,0.00953147277819966,925,1625,"***",TRUE
"airport+milsusp",5,"cov","PFPeA",0.100440510979167,0.0658493900925082,1.52530662528633,0.127586948400103,0.193351388945395,925,852,"",FALSE
"airport+milsusp",5,"raw","PFPeA",0.141029783550605,0.058339395552026,2.41740220679588,0.0158246145744758,0.00629151340526792,925,852,"**",TRUE
"airport+milsusp",10,"cov","PFPeA",0.0622763392886129,0.0332140860112984,1.87499783276976,0.0611655017621348,0.194572435111078,925,852,"*",FALSE
"airport+milsusp",10,"raw","PFPeA",0.0743078922691764,0.0289459222496182,2.56712816500972,0.0104110295144036,0.00708930385798905,925,852,"**",TRUE
"airport+milsusp",25,"cov","PFPeA",0.0294540626158996,0.016792707014369,1.7539794263484,0.0798257319104459,0.194121877615882,925,852,"*",FALSE
"airport+milsusp",25,"raw","PFPeA",0.0331498691758055,0.0139992673800549,2.36797171422234,0.0180911574327736,0.0060383868396289,925,852,"**",TRUE
"airport+milsusp+milbase",5,"cov","PFPeA",0.0753072101680183,0.0585451001665491,1.2863110653801,0.198715219598704,0.192659708010613,925,1496,"",FALSE
"airport+milsusp+milbase",5,"raw","PFPeA",0.146335754754963,0.0506474427796353,2.88930194149511,0.00395133955441951,0.00896342196488184,925,1496,"***",TRUE
"airport+milsusp+milbase",10,"cov","PFPeA",0.0563014122331386,0.0299555654064395,1.87949756478426,0.0605482080516598,0.194589757211451,925,1496,"*",FALSE
"airport+milsusp+milbase",10,"raw","PFPeA",0.0841765897871197,0.0253362761493762,3.32237418359494,0.00092761183512823,0.0118176864370197,925,1496,"***",TRUE
"airport+milsusp+milbase",25,"cov","PFPeA",0.0352850343374145,0.0166407420804923,2.1204002902478,0.0342865509086417,0.19557651642648,925,1496,"**",TRUE
"airport+milsusp+milbase",25,"raw","PFPeA",0.0473733098650868,0.0136679019447282,3.46602646526588,0.000552557352226612,0.0128483080946078,925,1496,"***",TRUE
"milbase",5,"cov","PFPeA",-0.0717829679923261,0.130020583263356,-0.552089263027916,0.58104494077125,0.191266718017882,925,737,"",FALSE
"milbase",5,"raw","PFPeA",0.199695514545908,0.10262688290556,1.94584020182774,0.0519771642058728,0.00408540147301431,925,737,"*",FALSE
"milbase",10,"cov","PFPeA",-0.00684755388065237,0.0661867699591464,-0.103458045843286,0.917625971041416,0.190962569189765,925,737,"",FALSE
"milbase",10,"raw","PFPeA",0.102459593293001,0.0481266003277178,2.12895971448852,0.0335217976328542,0.00488658846468727,925,737,"**",TRUE
"milbase",25,"cov","PFPeA",0.000782914589490792,0.0298379211068865,0.0262389121107401,0.979073473385666,0.190952207843328,925,737,"",FALSE
"milbase",25,"raw","PFPeA",0.0436352520089391,0.0211087619821317,2.06716301249101,0.0389971018428795,0.0046083107881109,925,737,"**",TRUE
"milfire",5,"cov","PFPeA",-0.335051301173897,0.173189708051436,-1.93459129265574,0.0534008490732689,0.194805149321625,925,305,"*",FALSE
"milfire",5,"raw","PFPeA",-0.0854320809398078,0.142405976243376,-0.599919211212049,0.548707325552162,0.000389775491429268,925,305,"",FALSE
"milfire",10,"cov","PFPeA",-0.283715270987408,0.0948299338352594,-2.99183242582753,0.00286025152090374,0.200107362560584,925,305,"***",FALSE
"milfire",10,"raw","PFPeA",-0.0623989819295104,0.0711699912204778,-0.876759724983025,0.380845290704816,0.000832142947704602,925,305,"",FALSE
"milfire",25,"cov","PFPeA",-0.166294490922555,0.0431454523927073,-3.85427621453478,0.000125598395969236,0.206034250828716,925,305,"***",FALSE
"milfire",25,"raw","PFPeA",-0.0304384631254827,0.0300879970009731,-1.01164803773738,0.311971488631778,0.00110758203427497,925,305,"",FALSE
"milfire+milbase",5,"cov","PFPeA",-0.201744422233781,0.114373860018593,-1.76390323978735,0.0781386923081112,0.194157711843572,925,879,"*",FALSE
"milfire+milbase",5,"raw","PFPeA",0.0995134886648234,0.0899123057643465,1.10678385810326,0.26867575352035,0.0013254029566891,925,879,"",FALSE
"milfire+milbase",10,"cov","PFPeA",-0.087638098618799,0.0584705538665446,-1.49884160185702,0.13431829100451,0.193269068607651,925,879,"",FALSE
"milfire+milbase",10,"raw","PFPeA",0.0557625333149573,0.0419312982593941,1.32985468205637,0.183894688911389,0.00191238504514061,925,879,"",FALSE
"milfire+milbase",25,"cov","PFPeA",-0.0324834162513511,0.0267181305207091,-1.21578177882518,0.224434948414816,0.192477862466596,925,879,"",FALSE
"milfire+milbase",25,"raw","PFPeA",0.0257052108097669,0.0185467116346631,1.38597134177278,0.166090400009457,0.00207684411263974,925,879,"",FALSE
"milfire+milsusp",5,"cov","PFPeA",-0.216074927888279,0.146388692410601,-1.47603564407979,0.140336860183403,0.193199272525794,925,380,"",FALSE
"milfire+milsusp",5,"raw","PFPeA",0.0600927160866882,0.111577896962707,0.538571865239343,0.590312163688216,0.000314158753248224,925,380,"",FALSE
"milfire+milsusp",10,"cov","PFPeA",-0.175687291110835,0.0763452591091354,-2.30122070657577,0.0216413064673473,0.196393429574002,925,380,"**",FALSE
"milfire+milsusp",10,"raw","PFPeA",0.00986744518796881,0.0543011354010728,0.181717106191004,0.855844638823469,3.57745670277774e-05,925,380,"",FALSE
"milfire+milsusp",25,"cov","PFPeA",-0.104150352374931,0.0346613469258082,-3.00479818622925,0.00274245139212694,0.200185984669033,925,380,"***",FALSE
"milfire+milsusp",25,"raw","PFPeA",-0.0074555591131061,0.0239122211342087,-0.311788648627049,0.755271564994657,0.00010531086014772,925,380,"",FALSE
"milfire+milsusp+milbase",5,"cov","PFPeA",-0.130049094185905,0.0989555600669083,-1.31421715058733,0.189158490717411,0.192734465070449,925,931,"",FALSE
"milfire+milsusp+milbase",5,"raw","PFPeA",0.12597414149268,0.0769805535226798,1.63644109749829,0.102088204729256,0.00289294942809963,925,931,"",FALSE
"milfire+milsusp+milbase",10,"cov","PFPeA",-0.057016444394595,0.0514437975080337,-1.10832495182128,0.268062259060397,0.192220374996596,925,931,"",FALSE
"milfire+milsusp+milbase",10,"raw","PFPeA",0.0637749953417966,0.0372055876998607,1.71412412179248,0.0868416575665373,0.00317323708717348,925,931,"*",FALSE
"milfire+milsusp+milbase",25,"cov","PFPeA",-0.0219329188887118,0.025001999142999,-0.877246605892048,0.380622124687538,0.191746892685957,925,931,"",FALSE
"milfire+milsusp+milbase",25,"raw","PFPeA",0.0292319482606437,0.0176144964285479,1.65953925388791,0.097346874531515,0.00297494833979253,925,931,"*",FALSE
"milsusp",5,"cov","PFPeA",0.0390276246143359,0.251336568547281,0.155280327251679,0.876640395113482,0.190976440766947,925,91,"",FALSE
"milsusp",5,"raw","PFPeA",0.278505327827898,0.191088002717333,1.45747155168018,0.145326391005666,0.00229614928503841,925,91,"",FALSE
"milsusp",10,"cov","PFPeA",-0.00383293634109782,0.136769302263117,-0.028024829239269,0.977649498235015,0.190952308105713,925,91,"",FALSE
"milsusp",10,"raw","PFPeA",0.126019769815763,0.103210956329187,1.22099217270915,0.222400785859885,0.00161258700521869,925,91,"",FALSE
"milsusp",25,"cov","PFPeA",-0.0277417649840061,0.0782796058789036,-0.354393263386147,0.723139723796996,0.191081413445183,925,91,"",FALSE
"milsusp",25,"raw","PFPeA",0.0337244406733451,0.059507855594482,0.566722499684097,0.571040512880368,0.000347846882055753,925,91,"",FALSE
"milsusp+milbase",5,"cov","PFPeA",-0.0277363555594173,0.107354539828292,-0.258362204372354,0.796195365678311,0.191020549527266,925,791,"",FALSE
"milsusp+milbase",5,"raw","PFPeA",0.198354836442263,0.084211186036667,2.35544522975719,0.0187089264908227,0.00597505083210901,925,791,"**",TRUE
"milsusp+milbase",10,"cov","PFPeA",0.00493150177224626,0.0559983572169528,0.0880651150736492,0.929847469220325,0.190959519187429,925,791,"",FALSE
"milsusp+milbase",10,"raw","PFPeA",0.0983677006583367,0.0411698250079678,2.38931549112242,0.0170796994702581,0.00614705959588981,925,791,"**",TRUE
"milsusp+milbase",25,"cov","PFPeA",0.00585431933341277,0.0273222019950076,0.214269674694686,0.830392623216467,0.190998992281778,925,791,"",FALSE
"milsusp+milbase",25,"raw","PFPeA",0.0437460659265497,0.0196447874862234,2.22685360975416,0.0261976459355364,0.00534385426142002,925,791,"**",TRUE
