"compound","exposure","spec","margin","estimate","std.error","p.value","nobs","detect_rate","mrl_ug_l","expect","radius_km","sig","supports","contradicts"
"PFBA","idw__all_equal__10km","cov","detect",0.00750494477600385,0.00423561771744372,0.076584640514221,1894,0.290918690601901,0.00505,"pos",10,"*",FALSE,FALSE
"PFBA","idw__all_equal__10km","cov","intensive",-0.00713190119049735,0.0139881996086838,0.610390991058046,551,0.290918690601901,0.00505,"pos",10,"",FALSE,FALSE
"PFBA","idw__all_equal__10km","cov","tobit",0.0120934649975684,0.0159946756021311,0.449593335983299,1894,0.290918690601901,0.00505,"pos",10,"",FALSE,FALSE
"PFBA","idw__all_equal__10km","raw","detect",0.0167247532472518,0.00389181787493517,1.80971479928931e-05,2032,0.281496062992126,0.00505,"pos",10,"***",TRUE,FALSE
"PFBA","idw__all_equal__10km","raw","intensive",0.0134618131939337,0.014299656169844,0.346894524822472,572,0.281496062992126,0.00505,"pos",10,"",FALSE,FALSE
"PFBA","idw__all_equal__10km","raw","tobit",0.0752452717611624,0.0176121977836588,1.93433587438034e-05,2032,0.281496062992126,0.00505,"pos",10,"***",TRUE,FALSE
"PFBA","idw__all_equal__25km","cov","detect",0.00774666512621504,0.00449518567692937,0.0850001115235382,1894,0.290918690601901,0.00505,"pos",25,"*",FALSE,FALSE
"PFBA","idw__all_equal__25km","cov","intensive",0.000283549903667309,0.0162078974399243,0.986049378843654,551,0.290918690601901,0.00505,"pos",25,"",FALSE,FALSE
"PFBA","idw__all_equal__25km","cov","tobit",0.0165728348737882,0.01727786592366,0.33746074423532,1894,0.290918690601901,0.00505,"pos",25,"",FALSE,FALSE
"PFBA","idw__all_equal__25km","raw","detect",0.0159428929837831,0.00405506779768047,8.72135694582746e-05,2032,0.281496062992126,0.00505,"pos",25,"***",TRUE,FALSE
"PFBA","idw__all_equal__25km","raw","intensive",0.0355494604970046,0.0157998608755849,0.0248304678628619,572,0.281496062992126,0.00505,"pos",25,"**",TRUE,FALSE
"PFBA","idw__all_equal__25km","raw","tobit",0.0843617508827591,0.0189355987161424,8.38176746462428e-06,2032,0.281496062992126,0.00505,"pos",25,"***",TRUE,FALSE
"PFBA","idw__all_equal__5km","cov","detect",0.00924893809734904,0.0048643009749109,0.057409046697046,1894,0.290918690601901,0.00505,"pos",5,"*",FALSE,FALSE
"PFBA","idw__all_equal__5km","cov","intensive",-0.0218671560503636,0.0150070178754688,0.145737465209072,551,0.290918690601901,0.00505,"pos",5,"",FALSE,FALSE
"PFBA","idw__all_equal__5km","cov","tobit",0.008196168543047,0.0180571469470119,0.649899625913528,1894,0.290918690601901,0.00505,"pos",5,"",FALSE,FALSE
"PFBA","idw__all_equal__5km","raw","detect",0.0210327478772531,0.00453043973348675,3.66164281490935e-06,2032,0.281496062992126,0.00505,"pos",5,"***",TRUE,FALSE
"PFBA","idw__all_equal__5km","raw","intensive",-0.013357866860601,0.0157743272636098,0.397456110483474,572,0.281496062992126,0.00505,"pos",5,"",FALSE,FALSE
"PFBA","idw__all_equal__5km","raw","tobit",0.0770273139423003,0.0201371347207452,0.000130698993194827,2032,0.281496062992126,0.00505,"pos",5,"***",TRUE,FALSE
"PFBA","idw__post2002__10km","cov","detect",0.00707253288019381,0.00467794565987912,0.130736281097631,1894,0.290918690601901,0.00505,"pos",10,"",FALSE,FALSE
"PFBA","idw__post2002__10km","cov","intensive",-0.020802825697679,0.0155310357689119,0.181065335782333,551,0.290918690601901,0.00505,"pos",10,"",FALSE,FALSE
"PFBA","idw__post2002__10km","cov","tobit",-0.000545812254751555,0.0176374574120804,0.975312446626073,1894,0.290918690601901,0.00505,"pos",10,"",FALSE,FALSE
"PFBA","idw__post2002__10km","raw","detect",0.0181539161581183,0.00426434433711243,2.16494848464165e-05,2032,0.281496062992126,0.00505,"pos",10,"***",TRUE,FALSE
"PFBA","idw__post2002__10km","raw","intensive",-0.0120428448143225,0.0156219975874785,0.441091435901259,572,0.281496062992126,0.00505,"pos",10,"",FALSE,FALSE
"PFBA","idw__post2002__10km","raw","tobit",0.0689730062567359,0.0192763191537955,0.000346072972836604,2032,0.281496062992126,0.00505,"pos",10,"***",TRUE,FALSE
"PFBA","idw__post2002__25km","cov","detect",0.0081807023499183,0.00446411735479681,0.0670337967126272,1894,0.290918690601901,0.00505,"pos",25,"*",FALSE,FALSE
"PFBA","idw__post2002__25km","cov","intensive",-0.00722343469783343,0.0161359265109942,0.65460024249189,551,0.290918690601901,0.00505,"pos",25,"",FALSE,FALSE
"PFBA","idw__post2002__25km","cov","tobit",0.0128570440488856,0.017092638761963,0.451932159525474,1894,0.290918690601901,0.00505,"pos",25,"",FALSE,FALSE
"PFBA","idw__post2002__25km","raw","detect",0.0167080940791011,0.00404120140403302,3.70307099147313e-05,2032,0.281496062992126,0.00505,"pos",25,"***",TRUE,FALSE
"PFBA","idw__post2002__25km","raw","intensive",0.0179507099217632,0.0157806399878414,0.255801115213769,572,0.281496062992126,0.00505,"pos",25,"",FALSE,FALSE
"PFBA","idw__post2002__25km","raw","tobit",0.0795775696408575,0.0187969420527381,2.30043226203458e-05,2032,0.281496062992126,0.00505,"pos",25,"***",TRUE,FALSE
"PFBA","idw__post2002__5km","cov","detect",0.00798960535734475,0.00601422110872837,0.184195764935783,1894,0.290918690601901,0.00505,"pos",5,"",FALSE,FALSE
"PFBA","idw__post2002__5km","cov","intensive",-0.044311455677301,0.0190288849015272,0.0202941417492984,551,0.290918690601901,0.00505,"pos",5,"**",FALSE,TRUE
"PFBA","idw__post2002__5km","cov","tobit",-0.0141656147313058,0.0224982538116337,0.528935551083734,1894,0.290918690601901,0.00505,"pos",5,"",FALSE,FALSE
"PFBA","idw__post2002__5km","raw","detect",0.0239365648938107,0.00554310377163169,1.64839874129168e-05,2032,0.281496062992126,0.00505,"pos",5,"***",TRUE,FALSE
"PFBA","idw__post2002__5km","raw","intensive",-0.051358378213508,0.0192992482638232,0.00800670585797139,572,0.281496062992126,0.00505,"pos",5,"***",FALSE,TRUE
"PFBA","idw__post2002__5km","raw","tobit",0.0701011930920463,0.0246861497866602,0.00451563595841995,2032,0.281496062992126,0.00505,"pos",5,"***",TRUE,FALSE
"PFBA","idw__pre2002__10km","cov","detect",0.0111548212245808,0.00455372424743896,0.0143952562687604,1894,0.290918690601901,0.00505,"pos",10,"**",TRUE,FALSE
"PFBA","idw__pre2002__10km","cov","intensive",-0.000353329487604431,0.014437299400493,0.980485231724134,551,0.290918690601901,0.00505,"pos",10,"",FALSE,FALSE
"PFBA","idw__pre2002__10km","cov","tobit",0.0306490115153599,0.0170223384311745,0.0717790251472657,1894,0.290918690601901,0.00505,"pos",10,"*",FALSE,FALSE
"PFBA","idw__pre2002__10km","raw","detect",0.0228127423124038,0.00404363110612265,1.92033930442061e-08,2032,0.281496062992126,0.00505,"pos",10,"***",TRUE,FALSE
"PFBA","idw__pre2002__10km","raw","intensive",0.0272712002472926,0.014643902486239,0.0630764709188477,572,0.281496062992126,0.00505,"pos",10,"*",FALSE,FALSE
"PFBA","idw__pre2002__10km","raw","tobit",0.104831837557793,0.0180835191161652,6.74743785109307e-09,2032,0.281496062992126,0.00505,"pos",10,"***",TRUE,FALSE
"PFBA","idw__pre2002__25km","cov","detect",0.0113900548549319,0.00424144022335108,0.00730981016875722,1894,0.290918690601901,0.00505,"pos",25,"***",TRUE,FALSE
"PFBA","idw__pre2002__25km","cov","intensive",0.00417758009005555,0.0147320864067677,0.776862585902667,551,0.290918690601901,0.00505,"pos",25,"",FALSE,FALSE
"PFBA","idw__pre2002__25km","cov","tobit",0.0357807201081892,0.0162270384430755,0.0274536606205065,1894,0.290918690601901,0.00505,"pos",25,"**",TRUE,FALSE
"PFBA","idw__pre2002__25km","raw","detect",0.021203583797522,0.00372205114049715,1.39928484856801e-08,2032,0.281496062992126,0.00505,"pos",25,"***",TRUE,FALSE
"PFBA","idw__pre2002__25km","raw","intensive",0.0465665305534809,0.0143026710134056,0.00119786732859664,572,0.281496062992126,0.00505,"pos",25,"***",TRUE,FALSE
"PFBA","idw__pre2002__25km","raw","tobit",0.110073454898688,0.0172091626535552,1.59278688519325e-10,2032,0.281496062992126,0.00505,"pos",25,"***",TRUE,FALSE
"PFBA","idw__pre2002__5km","cov","detect",0.0137034775689812,0.0058295906033791,0.0188458496028341,1894,0.290918690601901,0.00505,"pos",5,"**",TRUE,FALSE
"PFBA","idw__pre2002__5km","cov","intensive",-0.0142050894553942,0.0173450433254565,0.413211010887718,551,0.290918690601901,0.00505,"pos",5,"",FALSE,FALSE
"PFBA","idw__pre2002__5km","cov","tobit",0.0281387750368986,0.0213811751723237,0.188156014143475,1894,0.290918690601901,0.00505,"pos",5,"",FALSE,FALSE
"PFBA","idw__pre2002__5km","raw","detect",0.028633704539601,0.00527516701883256,6.37996450823611e-08,2032,0.281496062992126,0.00505,"pos",5,"***",TRUE,FALSE
"PFBA","idw__pre2002__5km","raw","intensive",0.00108763053057609,0.0181152435355918,0.952145202783959,572,0.281496062992126,0.00505,"pos",5,"",FALSE,FALSE
"PFBA","idw__pre2002__5km","raw","tobit",0.112209596425249,0.0231546554520818,1.25916982243974e-06,2032,0.281496062992126,0.00505,"pos",5,"***",TRUE,FALSE
"PFBA","idw__tierweighted__10km","cov","detect",0.013172851122083,0.00637616710101042,0.038974689906126,1894,0.290918690601901,0.00505,"pos",10,"**",TRUE,FALSE
"PFBA","idw__tierweighted__10km","cov","intensive",-0.0151379266724188,0.0218841489672622,0.489442620755666,551,0.290918690601901,0.00505,"pos",10,"",FALSE,FALSE
"PFBA","idw__tierweighted__10km","cov","tobit",0.0309801913970298,0.024419774297545,0.204565269186016,1894,0.290918690601901,0.00505,"pos",10,"",FALSE,FALSE
"PFBA","idw__tierweighted__10km","raw","detect",0.0207106113661428,0.00580662612813154,0.000369849213257414,2032,0.281496062992126,0.00505,"pos",10,"***",TRUE,FALSE
"PFBA","idw__tierweighted__10km","raw","intensive",-0.000259221176078297,0.0216155508462825,0.990435917299621,572,0.281496062992126,0.00505,"pos",10,"",FALSE,FALSE
"PFBA","idw__tierweighted__10km","raw","tobit",0.0856751110391145,0.0262470861253139,0.00109782910131188,2032,0.281496062992126,0.00505,"pos",10,"***",TRUE,FALSE
"PFBA","idw__tierweighted__25km","cov","detect",0.0131246390206783,0.00620316991172813,0.0344980649191018,1894,0.290918690601901,0.00505,"pos",25,"**",TRUE,FALSE
"PFBA","idw__tierweighted__25km","cov","intensive",-0.011947959957825,0.021653146827311,0.581351053891728,551,0.290918690601901,0.00505,"pos",25,"",FALSE,FALSE
"PFBA","idw__tierweighted__25km","cov","tobit",0.0341571873346755,0.0238209777672046,0.151597359455045,1894,0.290918690601901,0.00505,"pos",25,"",FALSE,FALSE
"PFBA","idw__tierweighted__25km","raw","detect",0.0169469602526094,0.00565261142023699,0.00274988031260119,2032,0.281496062992126,0.00505,"pos",25,"***",TRUE,FALSE
"PFBA","idw__tierweighted__25km","raw","intensive",-0.000895574765288078,0.0214614032778828,0.966728907309371,572,0.281496062992126,0.00505,"pos",25,"",FALSE,FALSE
"PFBA","idw__tierweighted__25km","raw","tobit",0.0710635508632908,0.0258264183146682,0.00593078672366072,2032,0.281496062992126,0.00505,"pos",25,"***",TRUE,FALSE
"PFBA","idw__tierweighted__5km","cov","detect",0.016120754792642,0.00766496602254255,0.0355879337797161,1894,0.290918690601901,0.00505,"pos",5,"**",TRUE,FALSE
"PFBA","idw__tierweighted__5km","cov","intensive",-0.0353128411268995,0.0254880820717144,0.166556509038021,551,0.290918690601901,0.00505,"pos",5,"",FALSE,FALSE
"PFBA","idw__tierweighted__5km","cov","tobit",0.0301344771076259,0.0291813644718821,0.301762248378126,1894,0.290918690601901,0.00505,"pos",5,"",FALSE,FALSE
"PFBA","idw__tierweighted__5km","raw","detect",0.0279004009036417,0.00702365870826338,7.36515211196887e-05,2032,0.281496062992126,0.00505,"pos",5,"***",TRUE,FALSE
"PFBA","idw__tierweighted__5km","raw","intensive",-0.0279438041370052,0.0254933150345607,0.273487925991152,572,0.281496062992126,0.00505,"pos",5,"",FALSE,FALSE
"PFBA","idw__tierweighted__5km","raw","tobit",0.100348381800008,0.0314533376072942,0.00142081416663587,2032,0.281496062992126,0.00505,"pos",5,"***",TRUE,FALSE
"PFBA","nearest_km","cov","detect",-4.14896996181015e-05,1.4904910991708e-05,0.00543121851039165,1894,0.290918690601901,0.00505,"neg",NA,"***",TRUE,FALSE
"PFBA","nearest_km","cov","intensive",3.42561367938342e-05,7.88486926825108e-05,0.66415477861962,551,0.290918690601901,0.00505,"neg",NA,"",FALSE,FALSE
"PFBA","nearest_km","cov","tobit",-0.000172376214278312,6.67640540192068e-05,0.00982661403281633,1894,0.290918690601901,0.00505,"neg",NA,"***",TRUE,FALSE
"PFBA","nearest_km","raw","detect",-3.78835244719312e-05,1.11183118597862e-05,0.000668864147577113,2032,0.281496062992126,0.00505,"neg",NA,"***",TRUE,FALSE
"PFBA","nearest_km","raw","intensive",1.52064631240561e-05,8.94359740943762e-05,0.865049822754967,572,0.281496062992126,0.00505,"neg",NA,"",FALSE,FALSE
"PFBA","nearest_km","raw","tobit",-0.000247849568540669,7.5716814927844e-05,0.00106271187476157,2032,0.281496062992126,0.00505,"neg",NA,"***",TRUE,FALSE
"PFBA","nearest_pre2002_km","cov","detect",-4.05291451686598e-05,1.44937329074171e-05,0.00522325588136222,1894,0.290918690601901,0.00505,"neg",NA,"***",TRUE,FALSE
"PFBA","nearest_pre2002_km","cov","intensive",3.23350041556838e-05,7.66693330305313e-05,0.673399840648978,551,0.290918690601901,0.00505,"neg",NA,"",FALSE,FALSE
"PFBA","nearest_pre2002_km","cov","tobit",-0.000168904641005307,6.49868507687757e-05,0.00934797818526524,1894,0.290918690601901,0.00505,"neg",NA,"***",TRUE,FALSE
"PFBA","nearest_pre2002_km","raw","detect",-3.69977303179316e-05,1.0812566785608e-05,0.000634560720935515,2032,0.281496062992126,0.00505,"neg",NA,"***",TRUE,FALSE
"PFBA","nearest_pre2002_km","raw","intensive",1.21235241430671e-05,8.69433539562045e-05,0.889150421310113,572,0.281496062992126,0.00505,"neg",NA,"",FALSE,FALSE
"PFBA","nearest_pre2002_km","raw","tobit",-0.000243026304585863,7.38660550329476e-05,0.00100153725477658,2032,0.281496062992126,0.00505,"neg",NA,"***",TRUE,FALSE
"PFBA","within_10km","cov","detect",0.0045666501613887,0.0264966753963669,0.863183131263297,1894,0.290918690601901,0.00505,"pos",NA,"",FALSE,FALSE
"PFBA","within_10km","cov","intensive",0.108911932504238,0.101738718659198,0.284931741233586,551,0.290918690601901,0.00505,"pos",NA,"",FALSE,FALSE
"PFBA","within_10km","cov","tobit",0.040892193489979,0.105485014256282,0.698268552742945,1894,0.290918690601901,0.00505,"pos",NA,"",FALSE,FALSE
"PFBA","within_10km","raw","detect",0.054234070582844,0.0259190113401245,0.0365227554526488,2032,0.281496062992126,0.00505,"pos",NA,"**",TRUE,FALSE
"PFBA","within_10km","raw","intensive",0.359366559391044,0.104416804743596,0.000620540066147589,572,0.281496062992126,0.00505,"pos",NA,"***",TRUE,FALSE
"PFBA","within_10km","raw","tobit",0.3887331776375,0.122539929615834,0.00151237713468278,2032,0.281496062992126,0.00505,"pos",NA,"***",TRUE,FALSE
"PFBA","within_5km","cov","detect",0.0391616392561323,0.0212184779721507,0.0651074904860747,1894,0.290918690601901,0.00505,"pos",NA,"*",FALSE,FALSE
"PFBA","within_5km","cov","intensive",-0.0370042453321057,0.0750269888171131,0.62208898707687,551,0.290918690601901,0.00505,"pos",NA,"",FALSE,FALSE
"PFBA","within_5km","cov","tobit",0.131254220247621,0.0825681076876928,0.111914190132116,1894,0.290918690601901,0.00505,"pos",NA,"",FALSE,FALSE
"PFBA","within_5km","raw","detect",0.0443191659166936,0.0208718141104435,0.0338411860782654,2032,0.281496062992126,0.00505,"pos",NA,"**",TRUE,FALSE
"PFBA","within_5km","raw","intensive",0.175709211643978,0.0811259248783102,0.0307340808763625,572,0.281496062992126,0.00505,"pos",NA,"**",TRUE,FALSE
"PFBA","within_5km","raw","tobit",0.265795114753976,0.0960703674184105,0.00566318480075539,2032,0.281496062992126,0.00505,"pos",NA,"***",TRUE,FALSE
"PFBS","idw__all_equal__10km","cov","detect",-0.016714198163738,0.00505895611285337,0.000972107399255278,1894,0.444033790918691,0.003,"pos",10,"***",FALSE,TRUE
"PFBS","idw__all_equal__10km","cov","intensive",-0.0236242750086164,0.0120410010490497,0.0501263087688686,841,0.444033790918691,0.003,"pos",10,"*",FALSE,FALSE
"PFBS","idw__all_equal__10km","cov","tobit",-0.0590371351638368,0.0127393673706464,3.58271660172408e-06,1894,0.444033790918691,0.003,"pos",10,"***",FALSE,TRUE
"PFBS","idw__all_equal__10km","raw","detect",-0.0273444520379673,0.00428259188209678,2.11802950137103e-10,2032,0.450787401574803,0.003,"pos",10,"***",FALSE,TRUE
"PFBS","idw__all_equal__10km","raw","intensive",-0.0415568031259771,0.00948776431512779,1.32384826165654e-05,916,0.450787401574803,0.003,"pos",10,"***",FALSE,TRUE
"PFBS","idw__all_equal__10km","raw","tobit",-0.0837319079020465,0.0109988003279196,2.68175236222223e-14,2032,0.450787401574803,0.003,"pos",10,"***",FALSE,TRUE
"PFBS","idw__all_equal__25km","cov","detect",-0.0123008391642449,0.00537710302916787,0.0222734579708664,1894,0.444033790918691,0.003,"pos",25,"**",FALSE,TRUE
"PFBS","idw__all_equal__25km","cov","intensive",-0.0273618455799909,0.0121069137707416,0.0241005447018444,841,0.444033790918691,0.003,"pos",25,"**",FALSE,TRUE
"PFBS","idw__all_equal__25km","cov","tobit",-0.0503149373899989,0.0132377893907565,0.000144196816080395,1894,0.444033790918691,0.003,"pos",25,"***",FALSE,TRUE
"PFBS","idw__all_equal__25km","raw","detect",-0.024171798571322,0.00447143635722086,7.2100304897225e-08,2032,0.450787401574803,0.003,"pos",25,"***",FALSE,TRUE
"PFBS","idw__all_equal__25km","raw","intensive",-0.0451968182214199,0.00934883832711613,1.56549223417484e-06,916,0.450787401574803,0.003,"pos",25,"***",FALSE,TRUE
"PFBS","idw__all_equal__25km","raw","tobit",-0.0782958899781158,0.0111514704067959,2.20085683478167e-12,2032,0.450787401574803,0.003,"pos",25,"***",FALSE,TRUE
"PFBS","idw__all_equal__5km","cov","detect",-0.0225253011363635,0.0058040194683608,0.000107753747734611,1894,0.444033790918691,0.003,"pos",5,"***",FALSE,TRUE
"PFBS","idw__all_equal__5km","cov","intensive",-0.0266575571372384,0.0145907488582724,0.0680865844183364,841,0.444033790918691,0.003,"pos",5,"*",FALSE,FALSE
"PFBS","idw__all_equal__5km","cov","tobit",-0.0770732072304668,0.0150268206530559,2.91219035234579e-07,1894,0.444033790918691,0.003,"pos",5,"***",FALSE,TRUE
"PFBS","idw__all_equal__5km","raw","detect",-0.0343716237722758,0.00498085673463511,6.88902264438077e-12,2032,0.450787401574803,0.003,"pos",5,"***",FALSE,TRUE
"PFBS","idw__all_equal__5km","raw","intensive",-0.0448758724743918,0.011683753336506,0.00013105424252462,916,0.450787401574803,0.003,"pos",5,"***",FALSE,TRUE
"PFBS","idw__all_equal__5km","raw","tobit",-0.102609867273852,0.0131813030735123,6.99888770553158e-15,2032,0.450787401574803,0.003,"pos",5,"***",FALSE,TRUE
"PFBS","idw__post2002__10km","cov","detect",-0.0189996823517379,0.00558494826728407,0.000683603203320918,1894,0.444033790918691,0.003,"pos",10,"***",FALSE,TRUE
"PFBS","idw__post2002__10km","cov","intensive",-0.0258083057349465,0.0133737191394724,0.0540038296562961,841,0.444033790918691,0.003,"pos",10,"*",FALSE,FALSE
"PFBS","idw__post2002__10km","cov","tobit",-0.0680369686819096,0.0140652566886609,1.31656949918087e-06,1894,0.444033790918691,0.003,"pos",10,"***",FALSE,TRUE
"PFBS","idw__post2002__10km","raw","detect",-0.029635355137821,0.00469314224823687,3.31774894056357e-10,2032,0.450787401574803,0.003,"pos",10,"***",FALSE,TRUE
"PFBS","idw__post2002__10km","raw","intensive",-0.0510848479470913,0.0103571365059028,9.65022793258125e-07,916,0.450787401574803,0.003,"pos",10,"***",FALSE,TRUE
"PFBS","idw__post2002__10km","raw","tobit",-0.0942654611052219,0.0120748829183178,5.86865603026197e-15,2032,0.450787401574803,0.003,"pos",10,"***",FALSE,TRUE
"PFBS","idw__post2002__25km","cov","detect",-0.0126918950195203,0.00533989966664501,0.0175665176955177,1894,0.444033790918691,0.003,"pos",25,"**",FALSE,TRUE
"PFBS","idw__post2002__25km","cov","intensive",-0.0243390012042092,0.012165257412484,0.045777917619156,841,0.444033790918691,0.003,"pos",25,"**",FALSE,TRUE
"PFBS","idw__post2002__25km","cov","tobit",-0.0511285437072933,0.0131690970065343,0.000103403371619397,1894,0.444033790918691,0.003,"pos",25,"***",FALSE,TRUE
"PFBS","idw__post2002__25km","raw","detect",-0.0240941146216631,0.00445794042104801,7.25220507037906e-08,2032,0.450787401574803,0.003,"pos",25,"***",FALSE,TRUE
"PFBS","idw__post2002__25km","raw","intensive",-0.049642199875785,0.00937886122711699,1.50738661742751e-07,916,0.450787401574803,0.003,"pos",25,"***",FALSE,TRUE
"PFBS","idw__post2002__25km","raw","tobit",-0.0806675155169742,0.0111561554810305,4.80288129874045e-13,2032,0.450787401574803,0.003,"pos",25,"***",FALSE,TRUE
"PFBS","idw__post2002__5km","cov","detect",-0.0264502163115238,0.00717532612179031,0.000234246219641804,1894,0.444033790918691,0.003,"pos",5,"***",FALSE,TRUE
"PFBS","idw__post2002__5km","cov","intensive",-0.0322814162099962,0.0179171179304274,0.0719849488243309,841,0.444033790918691,0.003,"pos",5,"*",FALSE,FALSE
"PFBS","idw__post2002__5km","cov","tobit",-0.0931022543087134,0.0184762006038414,4.67880585835246e-07,1894,0.444033790918691,0.003,"pos",5,"***",FALSE,TRUE
"PFBS","idw__post2002__5km","raw","detect",-0.0394695265726899,0.00609829878679784,1.20734146391542e-10,2032,0.450787401574803,0.003,"pos",5,"***",FALSE,TRUE
"PFBS","idw__post2002__5km","raw","intensive",-0.0598154476932522,0.0140922820522365,2.41388464559645e-05,916,0.450787401574803,0.003,"pos",5,"***",FALSE,TRUE
"PFBS","idw__post2002__5km","raw","tobit",-0.122435438688699,0.0161084514226643,2.94542798477493e-14,2032,0.450787401574803,0.003,"pos",5,"***",FALSE,TRUE
"PFBS","idw__pre2002__10km","cov","detect",-0.0214248589595735,0.00543630746008679,8.41949775524279e-05,1894,0.444033790918691,0.003,"pos",10,"***",FALSE,TRUE
"PFBS","idw__pre2002__10km","cov","intensive",-0.0177008802179907,0.013464348624113,0.189022181919603,841,0.444033790918691,0.003,"pos",10,"",FALSE,FALSE
"PFBS","idw__pre2002__10km","cov","tobit",-0.0682063026476065,0.0139340520878994,9.83373867317418e-07,1894,0.444033790918691,0.003,"pos",10,"***",FALSE,TRUE
"PFBS","idw__pre2002__10km","raw","detect",-0.0334826301866831,0.00444707453997661,7.6365832350284e-14,2032,0.450787401574803,0.003,"pos",10,"***",FALSE,TRUE
"PFBS","idw__pre2002__10km","raw","intensive",-0.0365761196836772,0.0104489375078598,0.000486898492117784,916,0.450787401574803,0.003,"pos",10,"***",FALSE,TRUE
"PFBS","idw__pre2002__10km","raw","tobit",-0.0959591003381238,0.0117475018958294,3.12328668466793e-16,2032,0.450787401574803,0.003,"pos",10,"***",FALSE,TRUE
"PFBS","idw__pre2002__25km","cov","detect",-0.0148529360867149,0.00507484642464387,0.00346756103575713,1894,0.444033790918691,0.003,"pos",25,"***",FALSE,TRUE
"PFBS","idw__pre2002__25km","cov","intensive",-0.0140204565273985,0.0117473070212766,0.233042080772369,841,0.444033790918691,0.003,"pos",25,"",FALSE,FALSE
"PFBS","idw__pre2002__25km","cov","tobit",-0.0479664637350548,0.0126494757842705,0.00014945549472914,1894,0.444033790918691,0.003,"pos",25,"***",FALSE,TRUE
"PFBS","idw__pre2002__25km","raw","detect",-0.026805463767529,0.00410794078212082,8.54677483738541e-11,2032,0.450787401574803,0.003,"pos",25,"***",FALSE,TRUE
"PFBS","idw__pre2002__25km","raw","intensive",-0.0322054155913146,0.00900552242292351,0.000366926266750674,916,0.450787401574803,0.003,"pos",25,"***",FALSE,TRUE
"PFBS","idw__pre2002__25km","raw","tobit",-0.0771255179700748,0.0104732983144768,1.78460640305948e-13,2032,0.450787401574803,0.003,"pos",25,"***",FALSE,TRUE
"PFBS","idw__pre2002__5km","cov","detect",-0.0301984847896961,0.00695221740020213,1.47829460708578e-05,1894,0.444033790918691,0.003,"pos",5,"***",FALSE,TRUE
"PFBS","idw__pre2002__5km","cov","intensive",-0.0234728404904526,0.018325196685638,0.200615128418943,841,0.444033790918691,0.003,"pos",5,"",FALSE,FALSE
"PFBS","idw__pre2002__5km","cov","tobit",-0.0977788864436193,0.0183743613569236,1.02923657508193e-07,1894,0.444033790918691,0.003,"pos",5,"***",FALSE,TRUE
"PFBS","idw__pre2002__5km","raw","detect",-0.0453491524672733,0.00579174744448937,7.79703553030715e-15,2032,0.450787401574803,0.003,"pos",5,"***",FALSE,TRUE
"PFBS","idw__pre2002__5km","raw","intensive",-0.0443710443841479,0.0146275052935816,0.00248651260872259,916,0.450787401574803,0.003,"pos",5,"***",FALSE,TRUE
"PFBS","idw__pre2002__5km","raw","tobit",-0.130326664286125,0.0158754185881208,2.22412814231242e-16,2032,0.450787401574803,0.003,"pos",5,"***",FALSE,TRUE
"PFBS","idw__tierweighted__10km","cov","detect",-0.0193235448547664,0.00762735745020314,0.0113780623996098,1894,0.444033790918691,0.003,"pos",10,"**",FALSE,TRUE
"PFBS","idw__tierweighted__10km","cov","intensive",-0.0204361843791335,0.0169793086328826,0.229119066793717,841,0.444033790918691,0.003,"pos",10,"",FALSE,FALSE
"PFBS","idw__tierweighted__10km","cov","tobit",-0.0646497201728164,0.0188975600673813,0.000623771645113979,1894,0.444033790918691,0.003,"pos",10,"***",FALSE,TRUE
"PFBS","idw__tierweighted__10km","raw","detect",-0.0317408279481972,0.00640582797607989,7.83232413883261e-07,2032,0.450787401574803,0.003,"pos",10,"***",FALSE,TRUE
"PFBS","idw__tierweighted__10km","raw","intensive",-0.0402925530037814,0.0136137421913555,0.00315891336741607,916,0.450787401574803,0.003,"pos",10,"***",FALSE,TRUE
"PFBS","idw__tierweighted__10km","raw","tobit",-0.093564722593132,0.0163132597357812,9.72243404157922e-09,2032,0.450787401574803,0.003,"pos",10,"***",FALSE,TRUE
"PFBS","idw__tierweighted__25km","cov","detect",-0.00822000523607668,0.00743144346380184,0.268824840007416,1894,0.444033790918691,0.003,"pos",25,"",FALSE,FALSE
"PFBS","idw__tierweighted__25km","cov","intensive",-0.018963283185267,0.0161509484957941,0.240709081811526,841,0.444033790918691,0.003,"pos",25,"",FALSE,FALSE
"PFBS","idw__tierweighted__25km","cov","tobit",-0.0363983434233139,0.0183204827110904,0.0469493551349923,1894,0.444033790918691,0.003,"pos",25,"**",FALSE,TRUE
"PFBS","idw__tierweighted__25km","raw","detect",-0.0213900627059129,0.00624977644723726,0.000632711299887904,2032,0.450787401574803,0.003,"pos",25,"***",FALSE,TRUE
"PFBS","idw__tierweighted__25km","raw","intensive",-0.0340464765762184,0.0128998537400925,0.00844939989861223,916,0.450787401574803,0.003,"pos",25,"***",FALSE,TRUE
"PFBS","idw__tierweighted__25km","raw","tobit",-0.0669615505096003,0.0157001014891006,1.9986698155127e-05,2032,0.450787401574803,0.003,"pos",25,"***",FALSE,TRUE
"PFBS","idw__tierweighted__5km","cov","detect",-0.0301861829369638,0.0091582777999998,0.000999437199785632,1894,0.444033790918691,0.003,"pos",5,"***",FALSE,TRUE
"PFBS","idw__tierweighted__5km","cov","intensive",-0.0246007046176496,0.0209479376462809,0.240610860594194,841,0.444033790918691,0.003,"pos",5,"",FALSE,FALSE
"PFBS","idw__tierweighted__5km","cov","tobit",-0.095481147487122,0.0229607174249822,3.20405055746887e-05,1894,0.444033790918691,0.003,"pos",5,"***",FALSE,TRUE
"PFBS","idw__tierweighted__5km","raw","detect",-0.0438129710858614,0.0077401531994811,1.72398265267683e-08,2032,0.450787401574803,0.003,"pos",5,"***",FALSE,TRUE
"PFBS","idw__tierweighted__5km","raw","intensive",-0.0469723801061511,0.0170128472163009,0.00587799888412948,916,0.450787401574803,0.003,"pos",5,"***",FALSE,TRUE
"PFBS","idw__tierweighted__5km","raw","tobit",-0.125214634119416,0.0200552860653726,4.27960613642082e-10,2032,0.450787401574803,0.003,"pos",5,"***",FALSE,TRUE
"PFBS","nearest_km","cov","detect",-4.03021010217824e-05,1.78532193545022e-05,0.0241006513408154,1894,0.444033790918691,0.003,"neg",NA,"**",TRUE,FALSE
"PFBS","nearest_km","cov","intensive",-8.83363103784803e-05,3.91710615302812e-05,0.0244062995893642,841,0.444033790918691,0.003,"neg",NA,"**",TRUE,FALSE
"PFBS","nearest_km","cov","tobit",-0.000137020399670822,4.47459082082332e-05,0.00219725132485031,1894,0.444033790918691,0.003,"neg",NA,"***",TRUE,FALSE
"PFBS","nearest_km","raw","detect",-5.38635225828367e-06,1.23356544817172e-05,0.662412296141625,2032,0.450787401574803,0.003,"neg",NA,"",FALSE,FALSE
"PFBS","nearest_km","raw","intensive",-2.25922128978263e-05,2.69103694587407e-05,0.40138835828776,916,0.450787401574803,0.003,"neg",NA,"",FALSE,FALSE
"PFBS","nearest_km","raw","tobit",-2.46836022635377e-05,3.17688936300741e-05,0.437174149053201,2032,0.450787401574803,0.003,"neg",NA,"",FALSE,FALSE
"PFBS","nearest_pre2002_km","cov","detect",-3.91030141014351e-05,1.73611537668099e-05,0.0244206035627164,1894,0.444033790918691,0.003,"neg",NA,"**",TRUE,FALSE
"PFBS","nearest_pre2002_km","cov","intensive",-8.69698769554122e-05,3.80662919821017e-05,0.0226036862586221,841,0.444033790918691,0.003,"neg",NA,"**",TRUE,FALSE
"PFBS","nearest_pre2002_km","cov","tobit",-0.000133689513301507,4.35075732272043e-05,0.00212069669368787,1894,0.444033790918691,0.003,"neg",NA,"***",TRUE,FALSE
"PFBS","nearest_pre2002_km","raw","detect",-5.0333161269853e-06,1.19967660760986e-05,0.674854175250413,2032,0.450787401574803,0.003,"neg",NA,"",FALSE,FALSE
"PFBS","nearest_pre2002_km","raw","intensive",-2.25079972969995e-05,2.617039584742e-05,0.389983886946344,916,0.450787401574803,0.003,"neg",NA,"",FALSE,FALSE
"PFBS","nearest_pre2002_km","raw","tobit",-2.38298548349753e-05,3.08930690249437e-05,0.440490180238259,2032,0.450787401574803,0.003,"neg",NA,"",FALSE,FALSE
"PFBS","within_10km","cov","detect",-0.00106314022578735,0.0317150728116501,0.973262321027867,1894,0.444033790918691,0.003,"pos",NA,"",FALSE,FALSE
"PFBS","within_10km","cov","intensive",-0.18558590442431,0.0649056440062381,0.00436105057705199,841,0.444033790918691,0.003,"pos",NA,"***",FALSE,TRUE
"PFBS","within_10km","cov","tobit",-0.120744098669915,0.0763931466804817,0.113978238283183,1894,0.444033790918691,0.003,"pos",NA,"",FALSE,FALSE
"PFBS","within_10km","raw","detect",-0.0816751356260889,0.0286499625910454,0.00440507903285918,2032,0.450787401574803,0.003,"pos",NA,"***",FALSE,TRUE
"PFBS","within_10km","raw","intensive",-0.228345178071662,0.0566190614471433,5.9662708432887e-05,916,0.450787401574803,0.003,"pos",NA,"***",FALSE,TRUE
"PFBS","within_10km","raw","tobit",-0.314180997048164,0.0701932410081094,7.60745203273389e-06,2032,0.450787401574803,0.003,"pos",NA,"***",FALSE,TRUE
"PFBS","within_5km","cov","detect",-0.0523760937269525,0.025391234844094,0.0392771502292061,1894,0.444033790918691,0.003,"pos",NA,"**",FALSE,TRUE
"PFBS","within_5km","cov","intensive",-0.070868327855889,0.055104003745154,0.198803175686435,841,0.444033790918691,0.003,"pos",NA,"",FALSE,FALSE
"PFBS","within_5km","cov","tobit",-0.154376164110547,0.0624633747999786,0.0134560002393456,1894,0.444033790918691,0.003,"pos",NA,"**",FALSE,TRUE
"PFBS","within_5km","raw","detect",-0.0846139478018714,0.0230414393935813,0.000246640947410691,2032,0.450787401574803,0.003,"pos",NA,"***",FALSE,TRUE
"PFBS","within_5km","raw","intensive",-0.107870519878877,0.0472382214468919,0.0226270970905827,916,0.450787401574803,0.003,"pos",NA,"**",FALSE,TRUE
"PFBS","within_5km","raw","tobit",-0.247900798956338,0.0575255268308986,1.63694278834178e-05,2032,0.450787401574803,0.003,"pos",NA,"***",FALSE,TRUE
"PFHpA","idw__all_equal__10km","cov","detect",-0.00566712284895553,0.00337005363442102,0.0928161234395955,1894,0.117740232312566,0.003,"pos",10,"*",FALSE,FALSE
"PFHpA","idw__all_equal__10km","cov","intensive",0.00613790737391469,0.0178119196655462,0.730851011664233,223,0.117740232312566,0.003,"pos",10,"",FALSE,FALSE
"PFHpA","idw__all_equal__10km","cov","tobit",-0.0256055262979148,0.0180848255551995,0.156817385885212,1894,0.117740232312566,0.003,"pos",10,"",FALSE,FALSE
"PFHpA","idw__all_equal__10km","raw","detect",-0.00608120302799328,0.00280230939682755,0.0301172898554951,2032,0.118110236220472,0.003,"pos",10,"**",FALSE,TRUE
"PFHpA","idw__all_equal__10km","raw","intensive",-0.00274745536504419,0.0114787606083212,0.811039244247416,240,0.118110236220472,0.003,"pos",10,"",FALSE,FALSE
"PFHpA","idw__all_equal__10km","raw","tobit",-0.0324942991814911,0.0150626262307166,0.0309838705736595,2032,0.118110236220472,0.003,"pos",10,"**",FALSE,TRUE
"PFHpA","idw__all_equal__25km","cov","detect",-0.00526633156710158,0.00357706076116906,0.141126461885957,1894,0.117740232312566,0.003,"pos",25,"",FALSE,FALSE
"PFHpA","idw__all_equal__25km","cov","intensive",-0.00103058833964602,0.0185416740451463,0.955743935027773,223,0.117740232312566,0.003,"pos",25,"",FALSE,FALSE
"PFHpA","idw__all_equal__25km","cov","tobit",-0.0265051694734049,0.0187344036553204,0.157131289820936,1894,0.117740232312566,0.003,"pos",25,"",FALSE,FALSE
"PFHpA","idw__all_equal__25km","raw","detect",-0.00608724443755815,0.00291796773364851,0.0370918921397594,2032,0.118110236220472,0.003,"pos",25,"**",FALSE,TRUE
"PFHpA","idw__all_equal__25km","raw","intensive",-0.00538408400046508,0.0111257241275652,0.628879737481191,240,0.118110236220472,0.003,"pos",25,"",FALSE,FALSE
"PFHpA","idw__all_equal__25km","raw","tobit",-0.031860975273203,0.0151121680648252,0.035005097485055,2032,0.118110236220472,0.003,"pos",25,"**",FALSE,TRUE
"PFHpA","idw__all_equal__5km","cov","detect",-0.00787052302795991,0.00386937601994969,0.0420912176025976,1894,0.117740232312566,0.003,"pos",5,"**",FALSE,TRUE
"PFHpA","idw__all_equal__5km","cov","intensive",0.00903919232999606,0.0216101239323468,0.676299579011823,223,0.117740232312566,0.003,"pos",5,"",FALSE,FALSE
"PFHpA","idw__all_equal__5km","cov","tobit",-0.0353969758203482,0.0214620963239722,0.0990905751512833,1894,0.117740232312566,0.003,"pos",5,"*",FALSE,FALSE
"PFHpA","idw__all_equal__5km","raw","detect",-0.00784702058033731,0.0032637466348802,0.0162926286296948,2032,0.118110236220472,0.003,"pos",5,"**",FALSE,TRUE
"PFHpA","idw__all_equal__5km","raw","intensive",-0.00206633624703095,0.014296202622158,0.885198428484172,240,0.118110236220472,0.003,"pos",5,"",FALSE,FALSE
"PFHpA","idw__all_equal__5km","raw","tobit",-0.043344643763639,0.0181729908877324,0.017073858219361,2032,0.118110236220472,0.003,"pos",5,"**",FALSE,TRUE
"PFHpA","idw__post2002__10km","cov","detect",-0.00580417851361123,0.00372152105525006,0.119022783961735,1894,0.117740232312566,0.003,"pos",10,"",FALSE,FALSE
"PFHpA","idw__post2002__10km","cov","intensive",-0.000978063957289575,0.0202074835495579,0.961456965663213,223,0.117740232312566,0.003,"pos",10,"",FALSE,FALSE
"PFHpA","idw__post2002__10km","cov","tobit",-0.0284837561763749,0.0200909791133715,0.156267102295279,1894,0.117740232312566,0.003,"pos",10,"",FALSE,FALSE
"PFHpA","idw__post2002__10km","raw","detect",-0.00634707250600877,0.00307061886150643,0.0388574884321523,2032,0.118110236220472,0.003,"pos",10,"**",FALSE,TRUE
"PFHpA","idw__post2002__10km","raw","intensive",-0.0112995875264155,0.0128562141764974,0.380330992934217,240,0.118110236220472,0.003,"pos",10,"",FALSE,FALSE
"PFHpA","idw__post2002__10km","raw","tobit",-0.0367398367938206,0.016649737850387,0.0273398111097987,2032,0.118110236220472,0.003,"pos",10,"**",FALSE,TRUE
"PFHpA","idw__post2002__25km","cov","detect",-0.00410224938066339,0.00355353383985489,0.24848243272062,1894,0.117740232312566,0.003,"pos",25,"",FALSE,FALSE
"PFHpA","idw__post2002__25km","cov","intensive",-0.00305398920109595,0.0192129193485561,0.873904807920234,223,0.117740232312566,0.003,"pos",25,"",FALSE,FALSE
"PFHpA","idw__post2002__25km","cov","tobit",-0.0222849143243022,0.0187635331871991,0.234962841224261,1894,0.117740232312566,0.003,"pos",25,"",FALSE,FALSE
"PFHpA","idw__post2002__25km","raw","detect",-0.00523162689812577,0.00290995338299885,0.072351111187093,2032,0.118110236220472,0.003,"pos",25,"*",FALSE,FALSE
"PFHpA","idw__post2002__25km","raw","intensive",-0.0101218784630918,0.0115203950390987,0.380501548779323,240,0.118110236220472,0.003,"pos",25,"",FALSE,FALSE
"PFHpA","idw__post2002__25km","raw","tobit",-0.0295592897977039,0.0152584141548433,0.0527153757077215,2032,0.118110236220472,0.003,"pos",25,"*",FALSE,FALSE
"PFHpA","idw__post2002__5km","cov","detect",-0.0095279764672154,0.00478188124786009,0.0464639834361605,1894,0.117740232312566,0.003,"pos",5,"**",FALSE,TRUE
"PFHpA","idw__post2002__5km","cov","intensive",-0.00470653929027759,0.0269583002843064,0.861625743118742,223,0.117740232312566,0.003,"pos",5,"",FALSE,FALSE
"PFHpA","idw__post2002__5km","cov","tobit",-0.0468053119039287,0.0266734188248989,0.0793012440146467,1894,0.117740232312566,0.003,"pos",5,"*",FALSE,FALSE
"PFHpA","idw__post2002__5km","raw","detect",-0.00945750978077769,0.00399060553300255,0.017883805499923,2032,0.118110236220472,0.003,"pos",5,"**",FALSE,TRUE
"PFHpA","idw__post2002__5km","raw","intensive",-0.0174726589722362,0.017659430958627,0.323460723913809,240,0.118110236220472,0.003,"pos",5,"",FALSE,FALSE
"PFHpA","idw__post2002__5km","raw","tobit",-0.0567885781484295,0.0224248825055655,0.0113287477548179,2032,0.118110236220472,0.003,"pos",5,"**",FALSE,TRUE
"PFHpA","idw__pre2002__10km","cov","detect",-0.00376502145163016,0.0036277508519191,0.299483241294172,1894,0.117740232312566,0.003,"pos",10,"",FALSE,FALSE
"PFHpA","idw__pre2002__10km","cov","intensive",0.019251033795333,0.0197660212903923,0.331553599481105,223,0.117740232312566,0.003,"pos",10,"",FALSE,FALSE
"PFHpA","idw__pre2002__10km","cov","tobit",-0.0127560764594225,0.0195409859413682,0.513894434839301,1894,0.117740232312566,0.003,"pos",10,"",FALSE,FALSE
"PFHpA","idw__pre2002__10km","raw","detect",-0.0043973881881454,0.00292285951383857,0.132612984185308,2032,0.118110236220472,0.003,"pos",10,"",FALSE,FALSE
"PFHpA","idw__pre2002__10km","raw","intensive",0.00307675359475563,0.0126293185439524,0.807735057136642,240,0.118110236220472,0.003,"pos",10,"",FALSE,FALSE
"PFHpA","idw__pre2002__10km","raw","tobit",-0.0227327038699955,0.015922791242528,0.153383021982303,2032,0.118110236220472,0.003,"pos",10,"",FALSE,FALSE
"PFHpA","idw__pre2002__25km","cov","detect",-0.00151828359344748,0.00338090623971339,0.65343050200654,1894,0.117740232312566,0.003,"pos",25,"",FALSE,FALSE
"PFHpA","idw__pre2002__25km","cov","intensive",0.0120253662988445,0.0183391527827897,0.51294547358475,223,0.117740232312566,0.003,"pos",25,"",FALSE,FALSE
"PFHpA","idw__pre2002__25km","cov","tobit",-0.00494373965994629,0.0178391885639302,0.781681779053163,1894,0.117740232312566,0.003,"pos",25,"",FALSE,FALSE
"PFHpA","idw__pre2002__25km","raw","detect",-0.00292926926040509,0.00269153392122833,0.276579928769658,2032,0.118110236220472,0.003,"pos",25,"",FALSE,FALSE
"PFHpA","idw__pre2002__25km","raw","intensive",-0.000377104290528489,0.0110083292455643,0.972701508787698,240,0.118110236220472,0.003,"pos",25,"",FALSE,FALSE
"PFHpA","idw__pre2002__25km","raw","tobit",-0.0152837903175319,0.014295267825654,0.285001935786714,2032,0.118110236220472,0.003,"pos",25,"",FALSE,FALSE
"PFHpA","idw__pre2002__5km","cov","detect",-0.0075500839777044,0.00464156724568379,0.103990598514808,1894,0.117740232312566,0.003,"pos",5,"",FALSE,FALSE
"PFHpA","idw__pre2002__5km","cov","intensive",0.0299339029024713,0.0261665366281454,0.254341975516177,223,0.117740232312566,0.003,"pos",5,"",FALSE,FALSE
"PFHpA","idw__pre2002__5km","cov","tobit",-0.0280893898947711,0.0257271891409242,0.274913418355212,1894,0.117740232312566,0.003,"pos",5,"",FALSE,FALSE
"PFHpA","idw__pre2002__5km","raw","detect",-0.00749370001117979,0.00380935861375394,0.0492982737357017,2032,0.118110236220472,0.003,"pos",5,"**",FALSE,TRUE
"PFHpA","idw__pre2002__5km","raw","intensive",0.00914652250382661,0.0173267862952803,0.598072088890325,240,0.118110236220472,0.003,"pos",5,"",FALSE,FALSE
"PFHpA","idw__pre2002__5km","raw","tobit",-0.0393490096793872,0.0214099106838297,0.0660789674992508,2032,0.118110236220472,0.003,"pos",5,"*",FALSE,FALSE
"PFHpA","idw__tierweighted__10km","cov","detect",-0.00383856689593877,0.00507790071377625,0.449785789408743,1894,0.117740232312566,0.003,"pos",10,"",FALSE,FALSE
"PFHpA","idw__tierweighted__10km","cov","intensive",0.018785628253115,0.0235016214651212,0.42528222791995,223,0.117740232312566,0.003,"pos",10,"",FALSE,FALSE
"PFHpA","idw__tierweighted__10km","cov","tobit",-0.00570935951174679,0.0260692879795692,0.826644506497198,1894,0.117740232312566,0.003,"pos",10,"",FALSE,FALSE
"PFHpA","idw__tierweighted__10km","raw","detect",-0.00586912382625685,0.00417801138507315,0.160244187816078,2032,0.118110236220472,0.003,"pos",10,"",FALSE,FALSE
"PFHpA","idw__tierweighted__10km","raw","intensive",0.0091546283931917,0.0155977727519738,0.557814461735503,240,0.118110236220472,0.003,"pos",10,"",FALSE,FALSE
"PFHpA","idw__tierweighted__10km","raw","tobit",-0.0263770805532503,0.0219551503380441,0.229593198740442,2032,0.118110236220472,0.003,"pos",10,"",FALSE,FALSE
"PFHpA","idw__tierweighted__25km","cov","detect",-0.00121856772093596,0.00494110575578643,0.805231432537647,1894,0.117740232312566,0.003,"pos",25,"",FALSE,FALSE
"PFHpA","idw__tierweighted__25km","cov","intensive",0.0152972307249597,0.0235356284855543,0.516649780717414,223,0.117740232312566,0.003,"pos",25,"",FALSE,FALSE
"PFHpA","idw__tierweighted__25km","cov","tobit",0.00584965925017016,0.0254817197345738,0.818431384459225,1894,0.117740232312566,0.003,"pos",25,"",FALSE,FALSE
"PFHpA","idw__tierweighted__25km","raw","detect",-0.00453487317721226,0.0040642043769979,0.264636243061949,2032,0.118110236220472,0.003,"pos",25,"",FALSE,FALSE
"PFHpA","idw__tierweighted__25km","raw","intensive",0.00975440370527787,0.0148678512977427,0.512410573782454,240,0.118110236220472,0.003,"pos",25,"",FALSE,FALSE
"PFHpA","idw__tierweighted__25km","raw","tobit",-0.0190527902602118,0.0211087958617666,0.366738450015379,2032,0.118110236220472,0.003,"pos",25,"",FALSE,FALSE
"PFHpA","idw__tierweighted__5km","cov","detect",-0.00764039122297342,0.00610287101638912,0.210755254041256,1894,0.117740232312566,0.003,"pos",5,"",FALSE,FALSE
"PFHpA","idw__tierweighted__5km","cov","intensive",0.021434845812379,0.0285524511916665,0.453924882320849,223,0.117740232312566,0.003,"pos",5,"",FALSE,FALSE
"PFHpA","idw__tierweighted__5km","cov","tobit",-0.0202223011199204,0.0316060528594306,0.522287234387841,1894,0.117740232312566,0.003,"pos",5,"",FALSE,FALSE
"PFHpA","idw__tierweighted__5km","raw","detect",-0.0084598747336481,0.00505645042632869,0.0944645105152005,2032,0.118110236220472,0.003,"pos",5,"*",FALSE,FALSE
"PFHpA","idw__tierweighted__5km","raw","intensive",0.00919359421057015,0.0194545603792418,0.636954777263475,240,0.118110236220472,0.003,"pos",5,"",FALSE,FALSE
"PFHpA","idw__tierweighted__5km","raw","tobit",-0.0404573887863111,0.0270426356931207,0.134638181933165,2032,0.118110236220472,0.003,"pos",5,"",FALSE,FALSE
"PFHpA","nearest_km","cov","detect",1.34810797621655e-05,1.18790921845035e-05,0.256584776206599,1894,0.117740232312566,0.003,"neg",NA,"",FALSE,FALSE
"PFHpA","nearest_km","cov","intensive",0.000130597039981359,4.94224446803582e-05,0.00904816104015808,223,0.117740232312566,0.003,"neg",NA,"***",FALSE,TRUE
"PFHpA","nearest_km","cov","tobit",9.03721084241477e-05,5.55960934870827e-05,0.10405354230561,1894,0.117740232312566,0.003,"neg",NA,"",FALSE,FALSE
"PFHpA","nearest_km","raw","detect",1.59115002424408e-05,7.99381294423442e-06,0.0466723157980131,2032,0.118110236220472,0.003,"neg",NA,"**",FALSE,TRUE
"PFHpA","nearest_km","raw","intensive",4.42544568523795e-05,2.44982487907947e-05,0.0721137750755995,240,0.118110236220472,0.003,"neg",NA,"*",FALSE,FALSE
"PFHpA","nearest_km","raw","tobit",8.20938361980209e-05,3.58772362599255e-05,0.0221266162592544,2032,0.118110236220472,0.003,"neg",NA,"**",FALSE,TRUE
"PFHpA","nearest_pre2002_km","cov","detect",1.28847895607118e-05,1.15517503476305e-05,0.264827923460643,1894,0.117740232312566,0.003,"neg",NA,"",FALSE,FALSE
"PFHpA","nearest_pre2002_km","cov","intensive",0.00012616948863051,4.80148030435831e-05,0.009432446393967,223,0.117740232312566,0.003,"neg",NA,"***",FALSE,TRUE
"PFHpA","nearest_pre2002_km","cov","tobit",8.68120580082012e-05,5.40644462605162e-05,0.108336683518676,1894,0.117740232312566,0.003,"neg",NA,"",FALSE,FALSE
"PFHpA","nearest_pre2002_km","raw","detect",1.53687795674354e-05,7.7742798831928e-06,0.0481908879087376,2032,0.118110236220472,0.003,"neg",NA,"**",FALSE,TRUE
"PFHpA","nearest_pre2002_km","raw","intensive",4.28573777657142e-05,2.38193829455698e-05,0.073243488746894,240,0.118110236220472,0.003,"neg",NA,"*",FALSE,FALSE
"PFHpA","nearest_pre2002_km","raw","tobit",7.9386804975446e-05,3.49072477731393e-05,0.0229526866758884,2032,0.118110236220472,0.003,"neg",NA,"**",FALSE,TRUE
"PFHpA","within_10km","cov","detect",-0.0663816801546099,0.0210226832962726,0.00161677186776877,1894,0.117740232312566,0.003,"pos",NA,"***",FALSE,TRUE
"PFHpA","within_10km","cov","intensive",-0.0468641510636857,0.095602990020582,0.624667113004592,223,0.117740232312566,0.003,"pos",NA,"",FALSE,FALSE
"PFHpA","within_10km","cov","tobit",-0.334640208742026,0.105681682334399,0.00154289554378547,1894,0.117740232312566,0.003,"pos",NA,"***",FALSE,TRUE
"PFHpA","within_10km","raw","detect",-0.0686812152752203,0.0185577886927004,0.000220525777634543,2032,0.118110236220472,0.003,"pos",NA,"***",FALSE,TRUE
"PFHpA","within_10km","raw","intensive",-0.0207116256805481,0.0653381033525362,0.751527911408714,240,0.118110236220472,0.003,"pos",NA,"",FALSE,FALSE
"PFHpA","within_10km","raw","tobit",-0.320962070758807,0.0917916609836936,0.000471163401659265,2032,0.118110236220472,0.003,"pos",NA,"***",FALSE,TRUE
"PFHpA","within_5km","cov","detect",-0.0208793964428399,0.0168896811648811,0.216535988955936,1894,0.117740232312566,0.003,"pos",NA,"",FALSE,FALSE
"PFHpA","within_5km","cov","intensive",0.0294166320228735,0.0888735003535336,0.741081786118244,223,0.117740232312566,0.003,"pos",NA,"",FALSE,FALSE
"PFHpA","within_5km","cov","tobit",-0.100133356492495,0.0900365963975945,0.26607769242446,1894,0.117740232312566,0.003,"pos",NA,"",FALSE,FALSE
"PFHpA","within_5km","raw","detect",-0.0268122463534326,0.014983037549034,0.0736822670643811,2032,0.118110236220472,0.003,"pos",NA,"*",FALSE,FALSE
"PFHpA","within_5km","raw","intensive",0.0333912486537089,0.0588514409342965,0.570989455406249,240,0.118110236220472,0.003,"pos",NA,"",FALSE,FALSE
"PFHpA","within_5km","raw","tobit",-0.125185897269632,0.0785136882878584,0.110836002422804,2032,0.118110236220472,0.003,"pos",NA,"",FALSE,FALSE
"PFHxA","idw__all_equal__10km","cov","detect",-0.00552218210869124,0.00497004800986468,0.266675782986009,1894,0.388595564941922,0.003,"pos",10,"",FALSE,FALSE
"PFHxA","idw__all_equal__10km","cov","intensive",-0.00795535503162513,0.0100331500596955,0.428117799849809,736,0.388595564941922,0.003,"pos",10,"",FALSE,FALSE
"PFHxA","idw__all_equal__10km","cov","tobit",-0.0217097955274777,0.0122193293831983,0.075621478688399,1894,0.388595564941922,0.003,"pos",10,"*",FALSE,FALSE
"PFHxA","idw__all_equal__10km","raw","detect",-0.00544156755976389,0.00423973830238283,0.199474726804245,2032,0.390748031496063,0.003,"pos",10,"",FALSE,FALSE
"PFHxA","idw__all_equal__10km","raw","intensive",-0.00864087667947072,0.00799034031238091,0.279841558466657,794,0.390748031496063,0.003,"pos",10,"",FALSE,FALSE
"PFHxA","idw__all_equal__10km","raw","tobit",-0.0169211287029614,0.0105242883040493,0.107875283765184,2032,0.390748031496063,0.003,"pos",10,"",FALSE,FALSE
"PFHxA","idw__all_equal__25km","cov","detect",-0.00463430273117348,0.0052750493486296,0.379771049549386,1894,0.388595564941922,0.003,"pos",25,"",FALSE,FALSE
"PFHxA","idw__all_equal__25km","cov","intensive",-0.0112600980568173,0.0102480776629095,0.272278024453511,736,0.388595564941922,0.003,"pos",25,"",FALSE,FALSE
"PFHxA","idw__all_equal__25km","cov","tobit",-0.0199804038300223,0.0127622329101068,0.117445006881119,1894,0.388595564941922,0.003,"pos",25,"",FALSE,FALSE
"PFHxA","idw__all_equal__25km","raw","detect",-0.00496862575876786,0.0044147488907241,0.260526964020147,2032,0.390748031496063,0.003,"pos",25,"",FALSE,FALSE
"PFHxA","idw__all_equal__25km","raw","intensive",-0.0108852568662657,0.00803237693510524,0.17574895272009,794,0.390748031496063,0.003,"pos",25,"",FALSE,FALSE
"PFHxA","idw__all_equal__25km","raw","tobit",-0.0170863359811397,0.0108308056745411,0.114664813677177,2032,0.390748031496063,0.003,"pos",25,"",FALSE,FALSE
"PFHxA","idw__all_equal__5km","cov","detect",-0.00808025364868871,0.00570727833921311,0.15701133958786,1894,0.388595564941922,0.003,"pos",5,"",FALSE,FALSE
"PFHxA","idw__all_equal__5km","cov","intensive",-0.00828951483823127,0.0120753895372755,0.49265223007479,736,0.388595564941922,0.003,"pos",5,"",FALSE,FALSE
"PFHxA","idw__all_equal__5km","cov","tobit",-0.0304610874416016,0.0142959613668991,0.0331099294033156,1894,0.388595564941922,0.003,"pos",5,"**",FALSE,TRUE
"PFHxA","idw__all_equal__5km","raw","detect",-0.00890496727293646,0.00493721630170178,0.0714357585731512,2032,0.390748031496063,0.003,"pos",5,"*",FALSE,FALSE
"PFHxA","idw__all_equal__5km","raw","intensive",-0.00832969309107871,0.00957616732601712,0.384653689521565,794,0.390748031496063,0.003,"pos",5,"",FALSE,FALSE
"PFHxA","idw__all_equal__5km","raw","tobit",-0.0248174602565918,0.0123879009000011,0.045138357639154,2032,0.390748031496063,0.003,"pos",5,"**",FALSE,TRUE
"PFHxA","idw__post2002__10km","cov","detect",-0.00394992518054376,0.00548886711409848,0.471848656285253,1894,0.388595564941922,0.003,"pos",10,"",FALSE,FALSE
"PFHxA","idw__post2002__10km","cov","intensive",-0.00740512156261128,0.0111947658891433,0.508535647707491,736,0.388595564941922,0.003,"pos",10,"",FALSE,FALSE
"PFHxA","idw__post2002__10km","cov","tobit",-0.0183421523094758,0.0135040573353631,0.174378111603834,1894,0.388595564941922,0.003,"pos",10,"",FALSE,FALSE
"PFHxA","idw__post2002__10km","raw","detect",-0.0045640783507336,0.00464595730812111,0.326031562059333,2032,0.390748031496063,0.003,"pos",10,"",FALSE,FALSE
"PFHxA","idw__post2002__10km","raw","intensive",-0.0081079478776506,0.00875723272307585,0.354802168670225,794,0.390748031496063,0.003,"pos",10,"",FALSE,FALSE
"PFHxA","idw__post2002__10km","raw","tobit",-0.0146497057454337,0.0115373844182073,0.204170240911327,2032,0.390748031496063,0.003,"pos",10,"",FALSE,FALSE
"PFHxA","idw__post2002__25km","cov","detect",-0.00150492401563073,0.00524014534322077,0.773998650838954,1894,0.388595564941922,0.003,"pos",25,"",FALSE,FALSE
"PFHxA","idw__post2002__25km","cov","intensive",-0.0108588979959643,0.0103712081516847,0.295473215910531,736,0.388595564941922,0.003,"pos",25,"",FALSE,FALSE
"PFHxA","idw__post2002__25km","cov","tobit",-0.0121460549017378,0.0127384695508704,0.340339810278493,1894,0.388595564941922,0.003,"pos",25,"",FALSE,FALSE
"PFHxA","idw__post2002__25km","raw","detect",-0.00303537757312095,0.00440226930036591,0.490585637167119,2032,0.390748031496063,0.003,"pos",25,"",FALSE,FALSE
"PFHxA","idw__post2002__25km","raw","intensive",-0.0106073013153393,0.00813688019298424,0.192746101319726,794,0.390748031496063,0.003,"pos",25,"",FALSE,FALSE
"PFHxA","idw__post2002__25km","raw","tobit",-0.0125368749846449,0.0108532506709208,0.248038721175711,2032,0.390748031496063,0.003,"pos",25,"",FALSE,FALSE
"PFHxA","idw__post2002__5km","cov","detect",-0.00763434663175629,0.00705450500450218,0.279309859963042,1894,0.388595564941922,0.003,"pos",5,"",FALSE,FALSE
"PFHxA","idw__post2002__5km","cov","intensive",-0.00710169998956007,0.0149087057976444,0.633986143158979,736,0.388595564941922,0.003,"pos",5,"",FALSE,FALSE
"PFHxA","idw__post2002__5km","cov","tobit",-0.03042632806459,0.0175979339419696,0.0838141774672233,1894,0.388595564941922,0.003,"pos",5,"*",FALSE,FALSE
"PFHxA","idw__post2002__5km","raw","detect",-0.00862339134450695,0.00603832762795303,0.153414249701593,2032,0.390748031496063,0.003,"pos",5,"",FALSE,FALSE
"PFHxA","idw__post2002__5km","raw","intensive",-0.00718080977252254,0.0115756760117202,0.535214979180269,794,0.390748031496063,0.003,"pos",5,"",FALSE,FALSE
"PFHxA","idw__post2002__5km","raw","tobit",-0.0235506698823562,0.0151031907405472,0.118921247784453,2032,0.390748031496063,0.003,"pos",5,"",FALSE,FALSE
"PFHxA","idw__pre2002__10km","cov","detect",-0.00560494682623489,0.00534771501731304,0.294731503787476,1894,0.388595564941922,0.003,"pos",10,"",FALSE,FALSE
"PFHxA","idw__pre2002__10km","cov","intensive",-0.00413984004461349,0.0112546420297446,0.713115301260792,736,0.388595564941922,0.003,"pos",10,"",FALSE,FALSE
"PFHxA","idw__pre2002__10km","cov","tobit",-0.020596274242815,0.0132753699511879,0.120790245363046,1894,0.388595564941922,0.003,"pos",10,"",FALSE,FALSE
"PFHxA","idw__pre2002__10km","raw","detect",-0.00461003160807457,0.00442007407696797,0.297083551558662,2032,0.390748031496063,0.003,"pos",10,"",FALSE,FALSE
"PFHxA","idw__pre2002__10km","raw","intensive",-0.00679975108974507,0.0086532660915109,0.43221870064414,794,0.390748031496063,0.003,"pos",10,"",FALSE,FALSE
"PFHxA","idw__pre2002__10km","raw","tobit",-0.0140558035369558,0.0110790350200354,0.204553499115689,2032,0.390748031496063,0.003,"pos",10,"",FALSE,FALSE
"PFHxA","idw__pre2002__25km","cov","detect",4.77945130533753e-05,0.00498414426689465,0.992350007340412,1894,0.388595564941922,0.003,"pos",25,"",FALSE,FALSE
"PFHxA","idw__pre2002__25km","cov","intensive",-0.00709484377682134,0.0100835494867266,0.48192720090246,736,0.388595564941922,0.003,"pos",25,"",FALSE,FALSE
"PFHxA","idw__pre2002__25km","cov","tobit",-0.00698714101019462,0.0121745482173992,0.566026146392061,1894,0.388595564941922,0.003,"pos",25,"",FALSE,FALSE
"PFHxA","idw__pre2002__25km","raw","detect",-0.000518750428473551,0.004070246703983,0.898597356481721,2032,0.390748031496063,0.003,"pos",25,"",FALSE,FALSE
"PFHxA","idw__pre2002__25km","raw","intensive",-0.00805951025057892,0.00774668431892955,0.298479992226974,794,0.390748031496063,0.003,"pos",25,"",FALSE,FALSE
"PFHxA","idw__pre2002__25km","raw","tobit",-0.00532326076452583,0.0101139248464815,0.598659031728652,2032,0.390748031496063,0.003,"pos",25,"",FALSE,FALSE
"PFHxA","idw__pre2002__5km","cov","detect",-0.0124746938849378,0.00684095704960347,0.0683874754203011,1894,0.388595564941922,0.003,"pos",5,"*",FALSE,FALSE
"PFHxA","idw__pre2002__5km","cov","intensive",-0.000925066937854005,0.0151599227077825,0.951361365953526,736,0.388595564941922,0.003,"pos",5,"",FALSE,FALSE
"PFHxA","idw__pre2002__5km","cov","tobit",-0.0393275722228144,0.017337454553118,0.0233073305345503,1894,0.388595564941922,0.003,"pos",5,"**",FALSE,TRUE
"PFHxA","idw__pre2002__5km","raw","detect",-0.0113882848189876,0.00575895210530906,0.0481210545172839,2032,0.390748031496063,0.003,"pos",5,"**",FALSE,TRUE
"PFHxA","idw__pre2002__5km","raw","intensive",-0.00538937091935053,0.0116065367896352,0.642532296422044,794,0.390748031496063,0.003,"pos",5,"",FALSE,FALSE
"PFHxA","idw__pre2002__5km","raw","tobit",-0.0294430215633311,0.0146121447966547,0.0439078774227683,2032,0.390748031496063,0.003,"pos",5,"**",FALSE,TRUE
"PFHxA","idw__tierweighted__10km","cov","detect",-0.00580063132619289,0.0074853840924265,0.438483337781577,1894,0.388595564941922,0.003,"pos",10,"",FALSE,FALSE
"PFHxA","idw__tierweighted__10km","cov","intensive",0.00145321266002915,0.0142050674657725,0.918547808872311,736,0.388595564941922,0.003,"pos",10,"",FALSE,FALSE
"PFHxA","idw__tierweighted__10km","cov","tobit",-0.0170299091907585,0.0180175826082305,0.344565558677066,1894,0.388595564941922,0.003,"pos",10,"",FALSE,FALSE
"PFHxA","idw__tierweighted__10km","raw","detect",-0.00610243768231773,0.00631795870409688,0.334215501840891,2032,0.390748031496063,0.003,"pos",10,"",FALSE,FALSE
"PFHxA","idw__tierweighted__10km","raw","intensive",0.000824626383804461,0.0114069426146987,0.942388083600923,794,0.390748031496063,0.003,"pos",10,"",FALSE,FALSE
"PFHxA","idw__tierweighted__10km","raw","tobit",-0.0131872643919313,0.0155294593591885,0.395782641672051,2032,0.390748031496063,0.003,"pos",10,"",FALSE,FALSE
"PFHxA","idw__tierweighted__25km","cov","detect",-0.00387129431257519,0.00728334680216835,0.595118790777008,1894,0.388595564941922,0.003,"pos",25,"",FALSE,FALSE
"PFHxA","idw__tierweighted__25km","cov","intensive",0.00179685087060989,0.0137204769928891,0.895845987269118,736,0.388595564941922,0.003,"pos",25,"",FALSE,FALSE
"PFHxA","idw__tierweighted__25km","cov","tobit",-0.0104833480285056,0.017508729532452,0.54933975321941,1894,0.388595564941922,0.003,"pos",25,"",FALSE,FALSE
"PFHxA","idw__tierweighted__25km","raw","detect",-0.00603486586042306,0.00614471116739382,0.32615599331759,2032,0.390748031496063,0.003,"pos",25,"",FALSE,FALSE
"PFHxA","idw__tierweighted__25km","raw","intensive",0.00172159122622428,0.0109257384151472,0.874834175739817,794,0.390748031496063,0.003,"pos",25,"",FALSE,FALSE
"PFHxA","idw__tierweighted__25km","raw","tobit",-0.0124026750979363,0.0150345289215762,0.409402226224006,2032,0.390748031496063,0.003,"pos",25,"",FALSE,FALSE
"PFHxA","idw__tierweighted__5km","cov","detect",-0.00950237908183892,0.00899749442878747,0.291056725683896,1894,0.388595564941922,0.003,"pos",5,"",FALSE,FALSE
"PFHxA","idw__tierweighted__5km","cov","intensive",0.00111621343353851,0.0173973948878507,0.948862469836819,736,0.388595564941922,0.003,"pos",5,"",FALSE,FALSE
"PFHxA","idw__tierweighted__5km","cov","tobit",-0.0286988558238628,0.0217772537405811,0.187558448304578,1894,0.388595564941922,0.003,"pos",5,"",FALSE,FALSE
"PFHxA","idw__tierweighted__5km","raw","detect",-0.00998958365893706,0.0076464249616928,0.19155148874142,2032,0.390748031496063,0.003,"pos",5,"",FALSE,FALSE
"PFHxA","idw__tierweighted__5km","raw","intensive",0.00124815822719178,0.0139761742819335,0.928861189699747,794,0.390748031496063,0.003,"pos",5,"",FALSE,FALSE
"PFHxA","idw__tierweighted__5km","raw","tobit",-0.0218190962195889,0.0188850354369443,0.247941264614868,2032,0.390748031496063,0.003,"pos",5,"",FALSE,FALSE
"PFHxA","nearest_km","cov","detect",9.66391451229207e-06,1.75159715159594e-05,0.581208018637434,1894,0.388595564941922,0.003,"neg",NA,"",FALSE,FALSE
"PFHxA","nearest_km","cov","intensive",1.18360124105932e-05,2.98163265775255e-05,0.691522624943195,736,0.388595564941922,0.003,"neg",NA,"",FALSE,FALSE
"PFHxA","nearest_km","cov","tobit",2.59254298614112e-05,3.98623981171832e-05,0.515451274387176,1894,0.388595564941922,0.003,"neg",NA,"",FALSE,FALSE
"PFHxA","nearest_km","raw","detect",4.09239893139837e-05,1.20627304418104e-05,0.000705619359378866,2032,0.390748031496063,0.003,"neg",NA,"***",FALSE,TRUE
"PFHxA","nearest_km","raw","intensive",-7.86009223339822e-07,1.8025374288383e-05,0.965229692125942,794,0.390748031496063,0.003,"neg",NA,"",FALSE,FALSE
"PFHxA","nearest_km","raw","tobit",7.97080454703762e-05,2.75579265987109e-05,0.0038233300891539,2032,0.390748031496063,0.003,"neg",NA,"***",FALSE,TRUE
"PFHxA","nearest_pre2002_km","cov","detect",8.99394901786605e-06,1.70332137823125e-05,0.597547090081456,1894,0.388595564941922,0.003,"neg",NA,"",FALSE,FALSE
"PFHxA","nearest_pre2002_km","cov","intensive",1.12870992040378e-05,2.89804698931556e-05,0.697052587915376,736,0.388595564941922,0.003,"neg",NA,"",FALSE,FALSE
"PFHxA","nearest_pre2002_km","cov","tobit",2.42457989387998e-05,3.87635826397171e-05,0.53165686180929,1894,0.388595564941922,0.003,"neg",NA,"",FALSE,FALSE
"PFHxA","nearest_pre2002_km","raw","detect",3.95356167605113e-05,1.17317372517566e-05,0.000765830780995958,2032,0.390748031496063,0.003,"neg",NA,"***",FALSE,TRUE
"PFHxA","nearest_pre2002_km","raw","intensive",-7.81149624824492e-07,1.75284498590177e-05,0.964465535344336,794,0.390748031496063,0.003,"neg",NA,"",FALSE,FALSE
"PFHxA","nearest_pre2002_km","raw","tobit",7.69975106671501e-05,2.68038530462594e-05,0.00407072564549229,2032,0.390748031496063,0.003,"neg",NA,"***",FALSE,TRUE
"PFHxA","within_10km","cov","detect",-0.0545391061783601,0.031048618887922,0.07915956514681,1894,0.388595564941922,0.003,"pos",NA,"*",FALSE,FALSE
"PFHxA","within_10km","cov","intensive",-0.0643190275232329,0.059026698784819,0.276261876636607,736,0.388595564941922,0.003,"pos",NA,"",FALSE,FALSE
"PFHxA","within_10km","cov","tobit",-0.175165179472948,0.0742481741930753,0.0183151222367397,1894,0.388595564941922,0.003,"pos",NA,"**",FALSE,TRUE
"PFHxA","within_10km","raw","detect",-0.0684881066352452,0.0281091882203563,0.0149155031849824,2032,0.390748031496063,0.003,"pos",NA,"**",FALSE,TRUE
"PFHxA","within_10km","raw","intensive",-0.0614459210912738,0.049954589294808,0.219049026684552,794,0.390748031496063,0.003,"pos",NA,"",FALSE,FALSE
"PFHxA","within_10km","raw","tobit",-0.184768916734439,0.0680762917044363,0.00664471046026245,2032,0.390748031496063,0.003,"pos",NA,"***",FALSE,TRUE
"PFHxA","within_5km","cov","detect",-0.0172136019807134,0.0249046491553599,0.489540655690716,1894,0.388595564941922,0.003,"pos",NA,"",FALSE,FALSE
"PFHxA","within_5km","cov","intensive",-0.0136037557979766,0.0502762736410201,0.786798903991083,736,0.388595564941922,0.003,"pos",NA,"",FALSE,FALSE
"PFHxA","within_5km","cov","tobit",-0.0708258599639092,0.061131085594266,0.246623376943534,1894,0.388595564941922,0.003,"pos",NA,"",FALSE,FALSE
"PFHxA","within_5km","raw","detect",-0.0177361566283474,0.0226658813005684,0.434009343672318,2032,0.390748031496063,0.003,"pos",NA,"",FALSE,FALSE
"PFHxA","within_5km","raw","intensive",-0.0236425030871237,0.0420943729805555,0.574510188351431,794,0.390748031496063,0.003,"pos",NA,"",FALSE,FALSE
"PFHxA","within_5km","raw","tobit",-0.0526984899749694,0.0559411591844921,0.346175086286468,2032,0.390748031496063,0.003,"pos",NA,"",FALSE,FALSE
"PFHxS","idw__all_equal__10km","cov","detect",0.00625448973884038,0.0047941448547484,0.192191046334446,1894,0.332101372756072,0.003,"pos",10,"",FALSE,FALSE
"PFHxS","idw__all_equal__10km","cov","intensive",-0.0253518135889877,0.0113306080755628,0.0256529115737876,629,0.332101372756072,0.003,"pos",10,"**",FALSE,TRUE
"PFHxS","idw__all_equal__10km","cov","tobit",0.00547825388706821,0.0133144599403094,0.680741532046462,1894,0.332101372756072,0.003,"pos",10,"",FALSE,FALSE
"PFHxS","idw__all_equal__10km","raw","detect",-0.000900825320750365,0.00409886511790404,0.826069012146053,2032,0.333661417322835,0.003,"pos",10,"",FALSE,FALSE
"PFHxS","idw__all_equal__10km","raw","intensive",-0.0225275110040878,0.00832097781494728,0.00695435467374796,678,0.333661417322835,0.003,"pos",10,"***",FALSE,TRUE
"PFHxS","idw__all_equal__10km","raw","tobit",-0.014078842259634,0.0114503877366368,0.218865073782481,2032,0.333661417322835,0.003,"pos",10,"",FALSE,FALSE
"PFHxS","idw__all_equal__25km","cov","detect",-0.00125629817836436,0.00509000269552728,0.805077920594626,1894,0.332101372756072,0.003,"pos",25,"",FALSE,FALSE
"PFHxS","idw__all_equal__25km","cov","intensive",-0.0295922421725945,0.0118507358802731,0.0128112202232665,629,0.332101372756072,0.003,"pos",25,"**",FALSE,TRUE
"PFHxS","idw__all_equal__25km","cov","tobit",-0.015170391597588,0.0139911978308499,0.278240175549773,1894,0.332101372756072,0.003,"pos",25,"",FALSE,FALSE
"PFHxS","idw__all_equal__25km","raw","detect",-0.00843434356747314,0.0042636039743315,0.048038981172558,2032,0.333661417322835,0.003,"pos",25,"**",FALSE,TRUE
"PFHxS","idw__all_equal__25km","raw","intensive",-0.0244188156862298,0.00814812237531769,0.0028276545583976,678,0.333661417322835,0.003,"pos",25,"***",FALSE,TRUE
"PFHxS","idw__all_equal__25km","raw","tobit",-0.0347380325314585,0.0116533531259182,0.00287358159254584,2032,0.333661417322835,0.003,"pos",25,"***",FALSE,TRUE
"PFHxS","idw__all_equal__5km","cov","detect",0.0113285655735724,0.00550260932628951,0.0396594236043652,1894,0.332101372756072,0.003,"pos",5,"**",TRUE,FALSE
"PFHxS","idw__all_equal__5km","cov","intensive",-0.0269753152734603,0.01309289647601,0.0398361283929341,629,0.332101372756072,0.003,"pos",5,"**",FALSE,TRUE
"PFHxS","idw__all_equal__5km","cov","tobit",0.0173267530321294,0.015304536152153,0.257579000676972,1894,0.332101372756072,0.003,"pos",5,"",FALSE,FALSE
"PFHxS","idw__all_equal__5km","raw","detect",0.00272914320849445,0.00477472672382539,0.567669130325266,2032,0.333661417322835,0.003,"pos",5,"",FALSE,FALSE
"PFHxS","idw__all_equal__5km","raw","intensive",-0.0262457160419111,0.00983193440590477,0.0077803247453101,678,0.333661417322835,0.003,"pos",5,"***",FALSE,TRUE
"PFHxS","idw__all_equal__5km","raw","tobit",-0.00634787451106782,0.0134015292638325,0.635736732060441,2032,0.333661417322835,0.003,"pos",5,"",FALSE,FALSE
"PFHxS","idw__post2002__10km","cov","detect",0.00759633922402696,0.00529303586252676,0.151414563568949,1894,0.332101372756072,0.003,"pos",10,"",FALSE,FALSE
"PFHxS","idw__post2002__10km","cov","intensive",-0.0274742567410356,0.0127353867371705,0.0314103208427552,629,0.332101372756072,0.003,"pos",10,"**",FALSE,TRUE
"PFHxS","idw__post2002__10km","cov","tobit",0.00783033362211798,0.0147594116495893,0.595743436382988,1894,0.332101372756072,0.003,"pos",10,"",FALSE,FALSE
"PFHxS","idw__post2002__10km","raw","detect",0.000467551625808982,0.00449087397878565,0.917091149374905,2032,0.333661417322835,0.003,"pos",10,"",FALSE,FALSE
"PFHxS","idw__post2002__10km","raw","intensive",-0.0287995764632188,0.00911035348238742,0.00164145150791392,678,0.333661417322835,0.003,"pos",10,"***",FALSE,TRUE
"PFHxS","idw__post2002__10km","raw","tobit",-0.0138113648499293,0.0125544991309897,0.271282989346612,2032,0.333661417322835,0.003,"pos",10,"",FALSE,FALSE
"PFHxS","idw__post2002__25km","cov","detect",-0.00096574086195385,0.00505539724062884,0.848522164704023,1894,0.332101372756072,0.003,"pos",25,"",FALSE,FALSE
"PFHxS","idw__post2002__25km","cov","intensive",-0.0278140687850848,0.0119037828949007,0.0198168779649016,629,0.332101372756072,0.003,"pos",25,"**",FALSE,TRUE
"PFHxS","idw__post2002__25km","cov","tobit",-0.0142195849933619,0.0139548308237589,0.308216153531781,1894,0.332101372756072,0.003,"pos",25,"",FALSE,FALSE
"PFHxS","idw__post2002__25km","raw","detect",-0.00675546614166301,0.00425217606798394,0.112282055390192,2032,0.333661417322835,0.003,"pos",25,"",FALSE,FALSE
"PFHxS","idw__post2002__25km","raw","intensive",-0.0274805079478433,0.00830793180456141,0.000990331894958884,678,0.333661417322835,0.003,"pos",25,"***",FALSE,TRUE
"PFHxS","idw__post2002__25km","raw","tobit",-0.0320435432263281,0.0117072110528134,0.00619876996025573,2032,0.333661417322835,0.003,"pos",25,"***",FALSE,TRUE
"PFHxS","idw__post2002__5km","cov","detect",0.0153052422958031,0.00679841288833955,0.0244859594656434,1894,0.332101372756072,0.003,"pos",5,"**",TRUE,FALSE
"PFHxS","idw__post2002__5km","cov","intensive",-0.0332904686802316,0.0164375042197827,0.0433180907562438,629,0.332101372756072,0.003,"pos",5,"**",FALSE,TRUE
"PFHxS","idw__post2002__5km","cov","tobit",0.0248200643492598,0.0189722457242721,0.190795250110213,1894,0.332101372756072,0.003,"pos",5,"",FALSE,FALSE
"PFHxS","idw__post2002__5km","raw","detect",0.00540209921626017,0.00583709459871564,0.354827630557867,2032,0.333661417322835,0.003,"pos",5,"",FALSE,FALSE
"PFHxS","idw__post2002__5km","raw","intensive",-0.0382594766249049,0.0118261909418527,0.00127503810070057,678,0.333661417322835,0.003,"pos",5,"***",FALSE,TRUE
"PFHxS","idw__post2002__5km","raw","tobit",-0.00607321610559992,0.0163302524410499,0.709967522948755,2032,0.333661417322835,0.003,"pos",5,"",FALSE,FALSE
"PFHxS","idw__pre2002__10km","cov","detect",0.00508821614343988,0.00515928785499967,0.324154404061304,1894,0.332101372756072,0.003,"pos",10,"",FALSE,FALSE
"PFHxS","idw__pre2002__10km","cov","intensive",-0.0289061434122516,0.01198370364551,0.0161840171284075,629,0.332101372756072,0.003,"pos",10,"**",FALSE,TRUE
"PFHxS","idw__pre2002__10km","cov","tobit",0.000487792122651015,0.0142518396523457,0.972696449210277,1894,0.332101372756072,0.003,"pos",10,"",FALSE,FALSE
"PFHxS","idw__pre2002__10km","raw","detect",-0.00173234406268164,0.00427249829414281,0.6851792349873,2032,0.333661417322835,0.003,"pos",10,"",FALSE,FALSE
"PFHxS","idw__pre2002__10km","raw","intensive",-0.0210499803090599,0.00881500152345499,0.0172152114616642,678,0.333661417322835,0.003,"pos",10,"**",FALSE,TRUE
"PFHxS","idw__pre2002__10km","raw","tobit",-0.0152573758365794,0.0120007634992218,0.203598082801342,2032,0.333661417322835,0.003,"pos",10,"",FALSE,FALSE
"PFHxS","idw__pre2002__25km","cov","detect",-0.00374237678786629,0.00480755855559938,0.436413474074332,1894,0.332101372756072,0.003,"pos",25,"",FALSE,FALSE
"PFHxS","idw__pre2002__25km","cov","intensive",-0.0317933627463388,0.0109218843540606,0.00374795627942096,629,0.332101372756072,0.003,"pos",25,"***",FALSE,TRUE
"PFHxS","idw__pre2002__25km","cov","tobit",-0.0232042108131816,0.0131496478035171,0.077626637589745,1894,0.332101372756072,0.003,"pos",25,"*",FALSE,FALSE
"PFHxS","idw__pre2002__25km","raw","detect",-0.00897552456907856,0.00392842438838273,0.0224293903933426,2032,0.333661417322835,0.003,"pos",25,"**",FALSE,TRUE
"PFHxS","idw__pre2002__25km","raw","intensive",-0.0212996408458193,0.00782152357209611,0.00663196256196161,678,0.333661417322835,0.003,"pos",25,"***",FALSE,TRUE
"PFHxS","idw__pre2002__25km","raw","tobit",-0.0341915637955992,0.0108924803661707,0.00169521840189716,2032,0.333661417322835,0.003,"pos",25,"***",FALSE,TRUE
"PFHxS","idw__pre2002__5km","cov","detect",0.012247678315575,0.0065994708096787,0.0636358413016032,1894,0.332101372756072,0.003,"pos",5,"*",FALSE,FALSE
"PFHxS","idw__pre2002__5km","cov","intensive",-0.0297283132879851,0.0155179312572478,0.0559126805687906,629,0.332101372756072,0.003,"pos",5,"*",FALSE,FALSE
"PFHxS","idw__pre2002__5km","cov","tobit",0.0183305346367318,0.0182614241224016,0.315482492966829,1894,0.332101372756072,0.003,"pos",5,"",FALSE,FALSE
"PFHxS","idw__pre2002__5km","raw","detect",0.00318372029019585,0.00557031851511648,0.567689575241226,2032,0.333661417322835,0.003,"pos",5,"",FALSE,FALSE
"PFHxS","idw__pre2002__5km","raw","intensive",-0.0255133131763661,0.01156774776563,0.0277509046731331,678,0.333661417322835,0.003,"pos",5,"**",FALSE,TRUE
"PFHxS","idw__pre2002__5km","raw","tobit",-0.00463236958315461,0.015661961871775,0.76740421746943,2032,0.333661417322835,0.003,"pos",5,"",FALSE,FALSE
"PFHxS","idw__tierweighted__10km","cov","detect",0.014818748899465,0.00721419963318277,0.040108134588481,1894,0.332101372756072,0.003,"pos",10,"**",TRUE,FALSE
"PFHxS","idw__tierweighted__10km","cov","intensive",-0.0156003610589313,0.0162785307409015,0.338309561556214,629,0.332101372756072,0.003,"pos",10,"",FALSE,FALSE
"PFHxS","idw__tierweighted__10km","cov","tobit",0.0282243034590664,0.0197540648707696,0.153066156301725,1894,0.332101372756072,0.003,"pos",10,"",FALSE,FALSE
"PFHxS","idw__tierweighted__10km","raw","detect",0.00415288576844824,0.00610633590054492,0.496522144791466,2032,0.333661417322835,0.003,"pos",10,"",FALSE,FALSE
"PFHxS","idw__tierweighted__10km","raw","intensive",-0.0282069013290689,0.0119756662616435,0.0187899716653351,678,0.333661417322835,0.003,"pos",10,"**",FALSE,TRUE
"PFHxS","idw__tierweighted__10km","raw","tobit",-0.00504367870514802,0.0169171234891554,0.765595974665201,2032,0.333661417322835,0.003,"pos",10,"",FALSE,FALSE
"PFHxS","idw__tierweighted__25km","cov","detect",0.00732619295861309,0.00702491634792739,0.297139581136509,1894,0.332101372756072,0.003,"pos",25,"",FALSE,FALSE
"PFHxS","idw__tierweighted__25km","cov","intensive",-0.0115421942179708,0.0157526903611675,0.464043646186838,629,0.332101372756072,0.003,"pos",25,"",FALSE,FALSE
"PFHxS","idw__tierweighted__25km","cov","tobit",0.0117960160469854,0.0192299181577756,0.539598677081778,1894,0.332101372756072,0.003,"pos",25,"",FALSE,FALSE
"PFHxS","idw__tierweighted__25km","raw","detect",-0.00410517997629256,0.00593891526952121,0.489497556935012,2032,0.333661417322835,0.003,"pos",25,"",FALSE,FALSE
"PFHxS","idw__tierweighted__25km","raw","intensive",-0.0289958067628446,0.0113012872448333,0.0105109930642667,678,0.333661417322835,0.003,"pos",25,"**",FALSE,TRUE
"PFHxS","idw__tierweighted__25km","raw","tobit",-0.0268752473475413,0.0163009907637897,0.0992115762650386,2032,0.333661417322835,0.003,"pos",25,"*",FALSE,FALSE
"PFHxS","idw__tierweighted__5km","cov","detect",0.0216433248853229,0.00866795804556435,0.0126152202848901,1894,0.332101372756072,0.003,"pos",5,"**",TRUE,FALSE
"PFHxS","idw__tierweighted__5km","cov","intensive",-0.0205630251614949,0.0196141330343241,0.294921638798881,629,0.332101372756072,0.003,"pos",5,"",FALSE,FALSE
"PFHxS","idw__tierweighted__5km","cov","tobit",0.0415337201569575,0.0236741819360109,0.0793639053776055,1894,0.332101372756072,0.003,"pos",5,"*",FALSE,FALSE
"PFHxS","idw__tierweighted__5km","raw","detect",0.0095332157299757,0.00738952582319164,0.197163419213123,2032,0.333661417322835,0.003,"pos",5,"",FALSE,FALSE
"PFHxS","idw__tierweighted__5km","raw","intensive",-0.0341293778389597,0.0145546783598109,0.0193201427653419,678,0.333661417322835,0.003,"pos",5,"**",FALSE,TRUE
"PFHxS","idw__tierweighted__5km","raw","tobit",0.00544631998310798,0.0204909597213917,0.790399900268331,2032,0.333661417322835,0.003,"pos",5,"",FALSE,FALSE
"PFHxS","nearest_km","cov","detect",9.74311110240249e-05,1.67441679353875e-05,6.99078425745268e-09,1894,0.332101372756072,0.003,"neg",NA,"***",FALSE,TRUE
"PFHxS","nearest_km","cov","intensive",3.39505985913917e-05,3.61757813023922e-05,0.348401771153758,629,0.332101372756072,0.003,"neg",NA,"",FALSE,FALSE
"PFHxS","nearest_km","cov","tobit",0.000221865463221995,4.44223061855384e-05,5.90003987037316e-07,1894,0.332101372756072,0.003,"neg",NA,"***",FALSE,TRUE
"PFHxS","nearest_km","raw","detect",9.08655685967622e-05,1.15150619768863e-05,4.85819376945708e-15,2032,0.333661417322835,0.003,"neg",NA,"***",FALSE,TRUE
"PFHxS","nearest_km","raw","intensive",3.1316626372803e-05,1.59021750970221e-05,0.0493232016303073,678,0.333661417322835,0.003,"neg",NA,"**",FALSE,TRUE
"PFHxS","nearest_km","raw","tobit",0.000199962553733843,2.77678396846518e-05,5.96725242935147e-13,2032,0.333661417322835,0.003,"neg",NA,"***",FALSE,TRUE
"PFHxS","nearest_pre2002_km","cov","detect",9.44432434004157e-05,1.62835334444647e-05,7.80938098117952e-09,1894,0.332101372756072,0.003,"neg",NA,"***",FALSE,TRUE
"PFHxS","nearest_pre2002_km","cov","intensive",3.32677220274772e-05,3.51944316163544e-05,0.344940641627067,629,0.332101372756072,0.003,"neg",NA,"",FALSE,FALSE
"PFHxS","nearest_pre2002_km","cov","tobit",0.000215039482294842,4.31972837721518e-05,6.42185146269332e-07,1894,0.332101372756072,0.003,"neg",NA,"***",FALSE,TRUE
"PFHxS","nearest_pre2002_km","raw","detect",8.82094293944858e-05,1.11992963212423e-05,5.44515745143866e-15,2032,0.333661417322835,0.003,"neg",NA,"***",FALSE,TRUE
"PFHxS","nearest_pre2002_km","raw","intensive",3.04169119079473e-05,1.54653897342948e-05,0.0496180206664474,678,0.333661417322835,0.003,"neg",NA,"**",FALSE,TRUE
"PFHxS","nearest_pre2002_km","raw","tobit",0.000194148033861284,2.70066100051429e-05,6.53115767283772e-13,2032,0.333661417322835,0.003,"neg",NA,"***",FALSE,TRUE
"PFHxS","within_10km","cov","detect",-0.0196520285566945,0.0299754812097722,0.512162402334996,1894,0.332101372756072,0.003,"pos",NA,"",FALSE,FALSE
"PFHxS","within_10km","cov","intensive",-0.137141255291169,0.0707682157849307,0.0531440083178731,629,0.332101372756072,0.003,"pos",NA,"*",FALSE,FALSE
"PFHxS","within_10km","cov","tobit",-0.108998170312906,0.0827949692558489,0.188011977340932,1894,0.332101372756072,0.003,"pos",NA,"",FALSE,FALSE
"PFHxS","within_10km","raw","detect",-0.0483720777998704,0.0271830099311958,0.0753079316775377,2032,0.333661417322835,0.003,"pos",NA,"*",FALSE,FALSE
"PFHxS","within_10km","raw","intensive",-0.132033750144747,0.0556055716737385,0.0178523917346744,678,0.333661417322835,0.003,"pos",NA,"**",FALSE,TRUE
"PFHxS","within_10km","raw","tobit",-0.190294823734929,0.0750211382772678,0.0111950944676067,2032,0.333661417322835,0.003,"pos",NA,"**",FALSE,TRUE
"PFHxS","within_5km","cov","detect",0.0123176736385424,0.024027721477846,0.608262563573014,1894,0.332101372756072,0.003,"pos",NA,"",FALSE,FALSE
"PFHxS","within_5km","cov","intensive",-0.160090445777005,0.0574880249837474,0.00553990903591815,629,0.332101372756072,0.003,"pos",NA,"***",FALSE,TRUE
"PFHxS","within_5km","cov","tobit",-0.0368302153287047,0.0674306854148937,0.584932798620816,1894,0.332101372756072,0.003,"pos",NA,"",FALSE,FALSE
"PFHxS","within_5km","raw","detect",-0.004525309470038,0.0219072134641844,0.83636867512592,2032,0.333661417322835,0.003,"pos",NA,"",FALSE,FALSE
"PFHxS","within_5km","raw","intensive",-0.10825804803807,0.0466561567818575,0.0206193924888523,678,0.333661417322835,0.003,"pos",NA,"**",FALSE,TRUE
"PFHxS","within_5km","raw","tobit",-0.0643549198256223,0.0617137900335684,0.297042585899866,2032,0.333661417322835,0.003,"pos",NA,"",FALSE,FALSE
"PFOA","idw__all_equal__10km","cov","detect",0.0104118774482935,0.00483746632598905,0.031501989437462,1894,0.345828933474129,0.004,"pos",10,"**",TRUE,FALSE
"PFOA","idw__all_equal__10km","cov","intensive",-0.0029845951326801,0.00890817559543107,0.73771605044527,655,0.345828933474129,0.004,"pos",10,"",FALSE,FALSE
"PFOA","idw__all_equal__10km","cov","tobit",0.0184495506946307,0.0109997634089434,0.0934900956034414,1894,0.345828933474129,0.004,"pos",10,"*",FALSE,FALSE
"PFOA","idw__all_equal__10km","raw","detect",0.0138544636156197,0.00411944944938272,0.000784804569600397,2032,0.344488188976378,0.004,"pos",10,"***",TRUE,FALSE
"PFOA","idw__all_equal__10km","raw","intensive",-0.0096447541148588,0.00731396361669918,0.187709680573601,700,0.344488188976378,0.004,"pos",10,"",FALSE,FALSE
"PFOA","idw__all_equal__10km","raw","tobit",0.0261807097288964,0.00963133032624511,0.00656211028726372,2032,0.344488188976378,0.004,"pos",10,"***",TRUE,FALSE
"PFOA","idw__all_equal__25km","cov","detect",0.0179830391630642,0.00512286385684259,0.000458445743603309,1894,0.345828933474129,0.004,"pos",25,"***",TRUE,FALSE
"PFOA","idw__all_equal__25km","cov","intensive",-0.00963242255415912,0.00979789531800092,0.32596252783808,655,0.345828933474129,0.004,"pos",25,"",FALSE,FALSE
"PFOA","idw__all_equal__25km","cov","tobit",0.0344513965518271,0.0118656280095417,0.00369062101087791,1894,0.345828933474129,0.004,"pos",25,"***",TRUE,FALSE
"PFOA","idw__all_equal__25km","raw","detect",0.020730230714551,0.00427634475506969,1.34413002233717e-06,2032,0.344488188976378,0.004,"pos",25,"***",TRUE,FALSE
"PFOA","idw__all_equal__25km","raw","intensive",-0.0178212242065524,0.00808649049887531,0.0278622766934789,700,0.344488188976378,0.004,"pos",25,"**",FALSE,TRUE
"PFOA","idw__all_equal__25km","raw","tobit",0.0400842256450059,0.0103365932492085,0.000105364071546762,2032,0.344488188976378,0.004,"pos",25,"***",TRUE,FALSE
"PFOA","idw__all_equal__5km","cov","detect",0.00439301850483479,0.00556233802602796,0.429759932573016,1894,0.345828933474129,0.004,"pos",5,"",FALSE,FALSE
"PFOA","idw__all_equal__5km","cov","intensive",0.00185670752416913,0.0103717569161667,0.857987874408101,655,0.345828933474129,0.004,"pos",5,"",FALSE,FALSE
"PFOA","idw__all_equal__5km","cov","tobit",0.0055434045810969,0.0126884358345305,0.662193762430515,1894,0.345828933474129,0.004,"pos",5,"",FALSE,FALSE
"PFOA","idw__all_equal__5km","raw","detect",0.00841883445701313,0.00480875664211168,0.0801434763776224,2032,0.344488188976378,0.004,"pos",5,"*",FALSE,FALSE
"PFOA","idw__all_equal__5km","raw","intensive",-0.00539325418138309,0.00848344197519188,0.525154984930137,700,0.344488188976378,0.004,"pos",5,"",FALSE,FALSE
"PFOA","idw__all_equal__5km","raw","tobit",0.0160277160045989,0.0111583194554686,0.150890950483423,2032,0.344488188976378,0.004,"pos",5,"",FALSE,FALSE
"PFOA","idw__post2002__10km","cov","detect",0.0121682299957332,0.00534057128161902,0.0228154563409873,1894,0.345828933474129,0.004,"pos",10,"**",TRUE,FALSE
"PFOA","idw__post2002__10km","cov","intensive",-0.00553149640180403,0.00969311126805918,0.5684493684036,655,0.345828933474129,0.004,"pos",10,"",FALSE,FALSE
"PFOA","idw__post2002__10km","cov","tobit",0.0208482695123063,0.012136588902405,0.0858325438382889,1894,0.345828933474129,0.004,"pos",10,"*",FALSE,FALSE
"PFOA","idw__post2002__10km","raw","detect",0.0151703898073538,0.00451340014538818,0.00079046226787971,2032,0.344488188976378,0.004,"pos",10,"***",TRUE,FALSE
"PFOA","idw__post2002__10km","raw","intensive",-0.0126400067767157,0.00778886599335636,0.105077243263089,700,0.344488188976378,0.004,"pos",10,"",FALSE,FALSE
"PFOA","idw__post2002__10km","raw","tobit",0.0270658784008365,0.0104770427806563,0.00978457357140344,2032,0.344488188976378,0.004,"pos",10,"***",TRUE,FALSE
"PFOA","idw__post2002__25km","cov","detect",0.0185910146307376,0.00508655910114297,0.000264568650681689,1894,0.345828933474129,0.004,"pos",25,"***",TRUE,FALSE
"PFOA","idw__post2002__25km","cov","intensive",-0.0110388870088738,0.00960340127327832,0.2508331948427,655,0.345828933474129,0.004,"pos",25,"",FALSE,FALSE
"PFOA","idw__post2002__25km","cov","tobit",0.0355782933953384,0.0117833956929176,0.00253310771345394,1894,0.345828933474129,0.004,"pos",25,"***",TRUE,FALSE
"PFOA","idw__post2002__25km","raw","detect",0.0207363448329646,0.00426326135823937,1.23908236947084e-06,2032,0.344488188976378,0.004,"pos",25,"***",TRUE,FALSE
"PFOA","idw__post2002__25km","raw","intensive",-0.0195548212674878,0.00786515185948782,0.0131421054254184,700,0.344488188976378,0.004,"pos",25,"**",FALSE,TRUE
"PFOA","idw__post2002__25km","raw","tobit",0.0384858395191144,0.0102136308578597,0.000164504028265573,2032,0.344488188976378,0.004,"pos",25,"***",TRUE,FALSE
"PFOA","idw__post2002__5km","cov","detect",0.00724935455486033,0.00687284909797672,0.291665621943285,1894,0.345828933474129,0.004,"pos",5,"",FALSE,FALSE
"PFOA","idw__post2002__5km","cov","intensive",-0.000910276676978206,0.0125428375743956,0.942170594225982,655,0.345828933474129,0.004,"pos",5,"",FALSE,FALSE
"PFOA","idw__post2002__5km","cov","tobit",0.00935173177928439,0.0156374674353438,0.549817478182998,1894,0.345828933474129,0.004,"pos",5,"",FALSE,FALSE
"PFOA","idw__post2002__5km","raw","detect",0.0113182806424558,0.00587853506118979,0.0543242219591887,2032,0.344488188976378,0.004,"pos",5,"*",FALSE,FALSE
"PFOA","idw__post2002__5km","raw","intensive",-0.00837145506864486,0.0100105278321502,0.403291970930525,700,0.344488188976378,0.004,"pos",5,"",FALSE,FALSE
"PFOA","idw__post2002__5km","raw","tobit",0.0204457867431263,0.0135335042921732,0.130851308091686,2032,0.344488188976378,0.004,"pos",5,"",FALSE,FALSE
"PFOA","idw__pre2002__10km","cov","detect",0.0132966943998302,0.00520214768168731,0.0106691089334564,1894,0.345828933474129,0.004,"pos",10,"**",TRUE,FALSE
"PFOA","idw__pre2002__10km","cov","intensive",-0.00126136747717633,0.00934610480481759,0.892688869769932,655,0.345828933474129,0.004,"pos",10,"",FALSE,FALSE
"PFOA","idw__pre2002__10km","cov","tobit",0.0239586368361019,0.0117474098603891,0.0414018959904668,1894,0.345828933474129,0.004,"pos",10,"**",TRUE,FALSE
"PFOA","idw__pre2002__10km","raw","detect",0.0161503428817026,0.00429107823500128,0.000172169239313678,2032,0.344488188976378,0.004,"pos",10,"***",TRUE,FALSE
"PFOA","idw__pre2002__10km","raw","intensive",-0.00361661372609392,0.00750265901794811,0.629925615992727,700,0.344488188976378,0.004,"pos",10,"",FALSE,FALSE
"PFOA","idw__pre2002__10km","raw","tobit",0.0334144777450662,0.00994740411045689,0.000781924243374754,2032,0.344488188976378,0.004,"pos",10,"***",TRUE,FALSE
"PFOA","idw__pre2002__25km","cov","detect",0.0207539354607857,0.0048312242843053,1.83280003411665e-05,1894,0.345828933474129,0.004,"pos",25,"***",TRUE,FALSE
"PFOA","idw__pre2002__25km","cov","intensive",-0.00591494849279397,0.00896000757444527,0.509419682623603,655,0.345828933474129,0.004,"pos",25,"",FALSE,FALSE
"PFOA","idw__pre2002__25km","cov","tobit",0.0406188397310943,0.0110987397252794,0.000252441282036526,1894,0.345828933474129,0.004,"pos",25,"***",TRUE,FALSE
"PFOA","idw__pre2002__25km","raw","detect",0.0218904341296994,0.00393429078664542,2.98543606767411e-08,2032,0.344488188976378,0.004,"pos",25,"***",TRUE,FALSE
"PFOA","idw__pre2002__25km","raw","intensive",-0.00847813091605428,0.0072635380762872,0.243521010887135,700,0.344488188976378,0.004,"pos",25,"",FALSE,FALSE
"PFOA","idw__pre2002__25km","raw","tobit",0.0453846797388117,0.00939235932448524,1.35110461120593e-06,2032,0.344488188976378,0.004,"pos",25,"***",TRUE,FALSE
"PFOA","idw__pre2002__5km","cov","detect",0.00693468660510312,0.00666880873843459,0.298539328464207,1894,0.345828933474129,0.004,"pos",5,"",FALSE,FALSE
"PFOA","idw__pre2002__5km","cov","intensive",0.00444806017987969,0.012174124865585,0.714968423650033,655,0.345828933474129,0.004,"pos",5,"",FALSE,FALSE
"PFOA","idw__pre2002__5km","cov","tobit",0.0103717176575387,0.0151280925651425,0.492969659694152,1894,0.345828933474129,0.004,"pos",5,"",FALSE,FALSE
"PFOA","idw__pre2002__5km","raw","detect",0.0112294371580308,0.00560871734040054,0.0454024944709595,2032,0.344488188976378,0.004,"pos",5,"**",TRUE,FALSE
"PFOA","idw__pre2002__5km","raw","intensive",0.00111858768121073,0.00976700909138533,0.9088528637711,700,0.344488188976378,0.004,"pos",5,"",FALSE,FALSE
"PFOA","idw__pre2002__5km","raw","tobit",0.0248756836756341,0.0129276820899498,0.0543272143971112,2032,0.344488188976378,0.004,"pos",5,"*",FALSE,FALSE
"PFOA","idw__tierweighted__10km","cov","detect",0.0229027224221852,0.00727388306648481,0.00166710024712468,1894,0.345828933474129,0.004,"pos",10,"***",TRUE,FALSE
"PFOA","idw__tierweighted__10km","cov","intensive",0.000305710784180347,0.0121655277185282,0.979960499728506,655,0.345828933474129,0.004,"pos",10,"",FALSE,FALSE
"PFOA","idw__tierweighted__10km","cov","tobit",0.0446560771693161,0.0161729755440177,0.00575974987175054,1894,0.345828933474129,0.004,"pos",10,"***",TRUE,FALSE
"PFOA","idw__tierweighted__10km","raw","detect",0.0252119333887314,0.00612921263382463,4.05423565864957e-05,2032,0.344488188976378,0.004,"pos",10,"***",TRUE,FALSE
"PFOA","idw__tierweighted__10km","raw","intensive",-0.00953113621080184,0.010193934131056,0.350121360279224,700,0.344488188976378,0.004,"pos",10,"",FALSE,FALSE
"PFOA","idw__tierweighted__10km","raw","tobit",0.0490151397375015,0.0141206979285125,0.000518223609023656,2032,0.344488188976378,0.004,"pos",10,"***",TRUE,FALSE
"PFOA","idw__tierweighted__25km","cov","detect",0.0312771338828444,0.00705815689108219,9.9240571147354e-06,1894,0.345828933474129,0.004,"pos",25,"***",TRUE,FALSE
"PFOA","idw__tierweighted__25km","cov","intensive",-0.00527999479559856,0.0121146504577435,0.663118242947796,655,0.345828933474129,0.004,"pos",25,"",FALSE,FALSE
"PFOA","idw__tierweighted__25km","cov","tobit",0.0629282630497588,0.0159690388438862,8.12638735508539e-05,1894,0.345828933474129,0.004,"pos",25,"***",TRUE,FALSE
"PFOA","idw__tierweighted__25km","raw","detect",0.0316709203453031,0.00594456325794981,1.10485699325868e-07,2032,0.344488188976378,0.004,"pos",25,"***",TRUE,FALSE
"PFOA","idw__tierweighted__25km","raw","intensive",-0.0164547628645279,0.0104147443044789,0.11457161798321,700,0.344488188976378,0.004,"pos",25,"",FALSE,FALSE
"PFOA","idw__tierweighted__25km","raw","tobit",0.0618687310745302,0.0140285511881257,1.03274693626368e-05,2032,0.344488188976378,0.004,"pos",25,"***",TRUE,FALSE
"PFOA","idw__tierweighted__5km","cov","detect",0.0161439866525534,0.00876016530736445,0.065508627489987,1894,0.345828933474129,0.004,"pos",5,"*",FALSE,FALSE
"PFOA","idw__tierweighted__5km","cov","intensive",0.00728168833688533,0.0146929314740965,0.620370543770276,655,0.345828933474129,0.004,"pos",5,"",FALSE,FALSE
"PFOA","idw__tierweighted__5km","cov","tobit",0.0311772755774375,0.0193931382400963,0.107913020131299,1894,0.345828933474129,0.004,"pos",5,"",FALSE,FALSE
"PFOA","idw__tierweighted__5km","raw","detect",0.0203520709340632,0.00743655470294545,0.00625881399852048,2032,0.344488188976378,0.004,"pos",5,"***",TRUE,FALSE
"PFOA","idw__tierweighted__5km","raw","intensive",-0.00294188981935314,0.0121538080116357,0.808808656486708,700,0.344488188976378,0.004,"pos",5,"",FALSE,FALSE
"PFOA","idw__tierweighted__5km","raw","tobit",0.041498284650018,0.0169549899242291,0.0143828835285,2032,0.344488188976378,0.004,"pos",5,"**",TRUE,FALSE
"PFOA","nearest_km","cov","detect",-6.12689067785872e-05,1.70053815989129e-05,0.000323147167555938,1894,0.345828933474129,0.004,"neg",NA,"***",TRUE,FALSE
"PFOA","nearest_km","cov","intensive",-1.43716612339324e-05,4.2941875892228e-05,0.737989693212473,655,0.345828933474129,0.004,"neg",NA,"",FALSE,FALSE
"PFOA","nearest_km","cov","tobit",-0.000165719959582781,4.53867103433029e-05,0.00026092824170326,1894,0.345828933474129,0.004,"neg",NA,"***",TRUE,FALSE
"PFOA","nearest_km","raw","detect",-4.55396031047012e-05,1.17381535486979e-05,0.000107953417888647,2032,0.344488188976378,0.004,"neg",NA,"***",TRUE,FALSE
"PFOA","nearest_km","raw","intensive",4.66421997202995e-06,3.94872541594459e-05,0.906006849959441,700,0.344488188976378,0.004,"neg",NA,"",FALSE,FALSE
"PFOA","nearest_km","raw","tobit",-0.000146076991903515,3.87860146199594e-05,0.000165732153572778,2032,0.344488188976378,0.004,"neg",NA,"***",TRUE,FALSE
"PFOA","nearest_pre2002_km","cov","detect",-6.01603006148905e-05,1.65354218146156e-05,0.000282149216265975,1894,0.345828933474129,0.004,"neg",NA,"***",TRUE,FALSE
"PFOA","nearest_pre2002_km","cov","intensive",-1.38832951833246e-05,4.17363255658546e-05,0.739523998091039,655,0.345828933474129,0.004,"neg",NA,"",FALSE,FALSE
"PFOA","nearest_pre2002_km","cov","tobit",-0.000162870442942933,4.42143100459433e-05,0.000229909724799657,1894,0.345828933474129,0.004,"neg",NA,"***",TRUE,FALSE
"PFOA","nearest_pre2002_km","raw","detect",-4.46380233328937e-05,1.14149678017537e-05,9.51385744065874e-05,2032,0.344488188976378,0.004,"neg",NA,"***",TRUE,FALSE
"PFOA","nearest_pre2002_km","raw","intensive",4.54128162241621e-06,3.83969892592331e-05,0.905886315670822,700,0.344488188976378,0.004,"neg",NA,"",FALSE,FALSE
"PFOA","nearest_pre2002_km","raw","tobit",-0.000143575404887945,3.78609198877477e-05,0.000149330900176282,2032,0.344488188976378,0.004,"neg",NA,"***",TRUE,FALSE
"PFOA","within_10km","cov","detect",0.0616880438023588,0.0302396719721119,0.0414977530562647,1894,0.345828933474129,0.004,"pos",NA,"**",TRUE,FALSE
"PFOA","within_10km","cov","intensive",-0.0735925097913754,0.054637156963016,0.178528314910168,655,0.345828933474129,0.004,"pos",NA,"",FALSE,FALSE
"PFOA","within_10km","cov","tobit",0.0982624141025902,0.0693504702576635,0.156513293179846,1894,0.345828933474129,0.004,"pos",NA,"",FALSE,FALSE
"PFOA","within_10km","raw","detect",0.074579211363952,0.0273665458620816,0.0064814823689826,2032,0.344488188976378,0.004,"pos",NA,"***",TRUE,FALSE
"PFOA","within_10km","raw","intensive",-0.114180594221054,0.0492816591554077,0.0207978246876589,700,0.344488188976378,0.004,"pos",NA,"**",FALSE,TRUE
"PFOA","within_10km","raw","tobit",0.117346385680971,0.0649591075356394,0.0708456607792146,2032,0.344488188976378,0.004,"pos",NA,"*",FALSE,FALSE
"PFOA","within_5km","cov","detect",0.0237392779870643,0.0242597489907769,0.32793480935261,1894,0.345828933474129,0.004,"pos",NA,"",FALSE,FALSE
"PFOA","within_5km","cov","intensive",0.0333912073854482,0.0421920044851941,0.429027838152248,655,0.345828933474129,0.004,"pos",NA,"",FALSE,FALSE
"PFOA","within_5km","cov","tobit",0.0523172031117367,0.054688078350606,0.338745300450672,1894,0.345828933474129,0.004,"pos",NA,"",FALSE,FALSE
"PFOA","within_5km","raw","detect",0.0466964391842558,0.0220541143709026,0.0343508402389267,2032,0.344488188976378,0.004,"pos",NA,"**",TRUE,FALSE
"PFOA","within_5km","raw","intensive",-0.000785414860076196,0.0376747620804001,0.983373470572153,700,0.344488188976378,0.004,"pos",NA,"",FALSE,FALSE
"PFOA","within_5km","raw","tobit",0.101332924740923,0.051249701395934,0.0480145850002468,2032,0.344488188976378,0.004,"pos",NA,"**",TRUE,FALSE
"PFOS","idw__all_equal__10km","cov","detect",0.0212877708666814,0.00503241745036062,2.45196135838219e-05,1894,0.414466737064414,0.004,"pos",10,"***",TRUE,FALSE
"PFOS","idw__all_equal__10km","cov","intensive",0.00137790076921524,0.0106615155890561,0.897203815182118,785,0.414466737064414,0.004,"pos",10,"",FALSE,FALSE
"PFOS","idw__all_equal__10km","cov","tobit",0.051014041098509,0.0139248375630717,0.000248764395182887,1894,0.414466737064414,0.004,"pos",10,"***",TRUE,FALSE
"PFOS","idw__all_equal__10km","raw","detect",0.00869578746918306,0.00428013281340421,0.0423177902638466,2032,0.415846456692913,0.004,"pos",10,"**",TRUE,FALSE
"PFOS","idw__all_equal__10km","raw","intensive",0.00659010194001194,0.00855104618859654,0.441113834226879,845,0.415846456692913,0.004,"pos",10,"",FALSE,FALSE
"PFOS","idw__all_equal__10km","raw","tobit",0.0257400788997048,0.0118721778725334,0.0301510144361453,2032,0.415846456692913,0.004,"pos",10,"**",TRUE,FALSE
"PFOS","idw__all_equal__25km","cov","detect",0.0231173450031503,0.00533932535775952,1.57502032871208e-05,1894,0.414466737064414,0.004,"pos",25,"***",TRUE,FALSE
"PFOS","idw__all_equal__25km","cov","intensive",-0.00852222519873966,0.0113421648779121,0.452675307449229,785,0.414466737064414,0.004,"pos",25,"",FALSE,FALSE
"PFOS","idw__all_equal__25km","cov","tobit",0.0504687632129156,0.0148299047123313,0.000666075665522774,1894,0.414466737064414,0.004,"pos",25,"***",TRUE,FALSE
"PFOS","idw__all_equal__25km","raw","detect",0.00869400310032294,0.00445674633029982,0.051224075834694,2032,0.415846456692913,0.004,"pos",25,"*",FALSE,FALSE
"PFOS","idw__all_equal__25km","raw","intensive",-0.00223085478730419,0.00906760130193822,0.805722923984345,845,0.415846456692913,0.004,"pos",25,"",FALSE,FALSE
"PFOS","idw__all_equal__25km","raw","tobit",0.0211799691857294,0.0124700709084188,0.0894201813253635,2032,0.415846456692913,0.004,"pos",25,"*",FALSE,FALSE
"PFOS","idw__all_equal__5km","cov","detect",0.0219043195948641,0.00578574692828751,0.000158126020231666,1894,0.414466737064414,0.004,"pos",5,"***",TRUE,FALSE
"PFOS","idw__all_equal__5km","cov","intensive",0.0115529612294416,0.012493303788718,0.355418924985631,785,0.414466737064414,0.004,"pos",5,"",FALSE,FALSE
"PFOS","idw__all_equal__5km","cov","tobit",0.0570048030129295,0.016047824971004,0.000382049779872336,1894,0.414466737064414,0.004,"pos",5,"***",TRUE,FALSE
"PFOS","idw__all_equal__5km","raw","detect",0.00951235508442322,0.00498682509292643,0.0565972185609354,2032,0.415846456692913,0.004,"pos",5,"*",FALSE,FALSE
"PFOS","idw__all_equal__5km","raw","intensive",0.0152732438970323,0.00994925668166165,0.125131020526806,845,0.415846456692913,0.004,"pos",5,"",FALSE,FALSE
"PFOS","idw__all_equal__5km","raw","tobit",0.0324778811663144,0.013771456291595,0.0183564943897317,2032,0.415846456692913,0.004,"pos",5,"**",TRUE,FALSE
"PFOS","idw__post2002__10km","cov","detect",0.0265351859760771,0.00554912892408211,1.87686261143479e-06,1894,0.414466737064414,0.004,"pos",10,"***",TRUE,FALSE
"PFOS","idw__post2002__10km","cov","intensive",0.00273837644057574,0.0114713228315201,0.811395397748234,785,0.414466737064414,0.004,"pos",10,"",FALSE,FALSE
"PFOS","idw__post2002__10km","cov","tobit",0.0649313987697007,0.0152519284058562,2.06949205956772e-05,1894,0.414466737064414,0.004,"pos",10,"***",TRUE,FALSE
"PFOS","idw__post2002__10km","raw","detect",0.0119465158192709,0.0046867052284314,0.0108755445110064,2032,0.415846456692913,0.004,"pos",10,"**",TRUE,FALSE
"PFOS","idw__post2002__10km","raw","intensive",0.0116866577393187,0.00904486060431112,0.196684513816783,845,0.415846456692913,0.004,"pos",10,"",FALSE,FALSE
"PFOS","idw__post2002__10km","raw","tobit",0.0366234151097618,0.0128824251741576,0.0044705436655833,2032,0.415846456692913,0.004,"pos",10,"***",TRUE,FALSE
"PFOS","idw__post2002__25km","cov","detect",0.0229179744241626,0.00530308936004905,1.63270829585713e-05,1894,0.414466737064414,0.004,"pos",25,"***",TRUE,FALSE
"PFOS","idw__post2002__25km","cov","intensive",-0.00746589629262922,0.0111123371859988,0.501893280219611,785,0.414466737064414,0.004,"pos",25,"",FALSE,FALSE
"PFOS","idw__post2002__25km","cov","tobit",0.051236140428135,0.0146568783418703,0.000472808988529673,1894,0.414466737064414,0.004,"pos",25,"***",TRUE,FALSE
"PFOS","idw__post2002__25km","raw","detect",0.00852721122891941,0.00444341630867415,0.0551159884031263,2032,0.415846456692913,0.004,"pos",25,"*",FALSE,FALSE
"PFOS","idw__post2002__25km","raw","intensive",0.00152277978895909,0.00884195804204867,0.863304330711607,845,0.415846456692913,0.004,"pos",25,"",FALSE,FALSE
"PFOS","idw__post2002__25km","raw","tobit",0.0225626521480245,0.0123576412634178,0.0678795308818186,2032,0.415846456692913,0.004,"pos",25,"*",FALSE,FALSE
"PFOS","idw__post2002__5km","cov","detect",0.0353736397667827,0.00712984766953062,7.65488271250746e-07,1894,0.414466737064414,0.004,"pos",5,"***",TRUE,FALSE
"PFOS","idw__post2002__5km","cov","intensive",0.0168950335093751,0.0146846961473718,0.250316645827651,785,0.414466737064414,0.004,"pos",5,"",FALSE,FALSE
"PFOS","idw__post2002__5km","cov","tobit",0.0929813971790844,0.0195351353302057,1.93880255657877e-06,1894,0.414466737064414,0.004,"pos",5,"***",TRUE,FALSE
"PFOS","idw__post2002__5km","raw","detect",0.0185416641019506,0.00608875016206005,0.00235488961390639,2032,0.415846456692913,0.004,"pos",5,"***",TRUE,FALSE
"PFOS","idw__post2002__5km","raw","intensive",0.0254864761401508,0.0115321906755137,0.0273711306618756,845,0.415846456692913,0.004,"pos",5,"**",TRUE,FALSE
"PFOS","idw__post2002__5km","raw","tobit",0.0607626330089041,0.0165732063954915,0.000246068594370887,2032,0.415846456692913,0.004,"pos",5,"***",TRUE,FALSE
"PFOS","idw__pre2002__10km","cov","detect",0.0246355246078527,0.00541043269523264,5.63105427476151e-06,1894,0.414466737064414,0.004,"pos",10,"***",TRUE,FALSE
"PFOS","idw__pre2002__10km","cov","intensive",0.00831477755821805,0.0113911900805157,0.465673056853309,785,0.414466737064414,0.004,"pos",10,"",FALSE,FALSE
"PFOS","idw__pre2002__10km","cov","tobit",0.0624011115718065,0.0149109992399845,2.85285697690925e-05,1894,0.414466737064414,0.004,"pos",10,"***",TRUE,FALSE
"PFOS","idw__pre2002__10km","raw","detect",0.00842568547601886,0.00446218898065178,0.0591361634115261,2032,0.415846456692913,0.004,"pos",10,"*",FALSE,FALSE
"PFOS","idw__pre2002__10km","raw","intensive",0.0127563167509341,0.00873918935883567,0.144753820609168,845,0.415846456692913,0.004,"pos",10,"",FALSE,FALSE
"PFOS","idw__pre2002__10km","raw","tobit",0.0284118996033457,0.0122893961803773,0.0207829948110219,2032,0.415846456692913,0.004,"pos",10,"**",TRUE,FALSE
"PFOS","idw__pre2002__25km","cov","detect",0.0236844194685812,0.00503921014417012,2.79722186228721e-06,1894,0.414466737064414,0.004,"pos",25,"***",TRUE,FALSE
"PFOS","idw__pre2002__25km","cov","intensive",0.00193090785041001,0.0106489564872609,0.856165206470103,785,0.414466737064414,0.004,"pos",25,"",FALSE,FALSE
"PFOS","idw__pre2002__25km","cov","tobit",0.0571545631896843,0.0139410337356229,4.13621014686529e-05,1894,0.414466737064414,0.004,"pos",25,"***",TRUE,FALSE
"PFOS","idw__pre2002__25km","raw","detect",0.00653358042065753,0.00410899230122758,0.111975011145348,2032,0.415846456692913,0.004,"pos",25,"",FALSE,FALSE
"PFOS","idw__pre2002__25km","raw","intensive",0.00582435346118936,0.00823516824742339,0.479604275697804,845,0.415846456692913,0.004,"pos",25,"",FALSE,FALSE
"PFOS","idw__pre2002__25km","raw","tobit",0.0198716620614938,0.0114239686184725,0.0819519498090497,2032,0.415846456692913,0.004,"pos",25,"*",FALSE,FALSE
"PFOS","idw__pre2002__5km","cov","detect",0.0293656313660202,0.00693067955656587,2.37833341053206e-05,1894,0.414466737064414,0.004,"pos",5,"***",TRUE,FALSE
"PFOS","idw__pre2002__5km","cov","intensive",0.0185278297609332,0.01486188799776,0.212930061321344,785,0.414466737064414,0.004,"pos",5,"",FALSE,FALSE
"PFOS","idw__pre2002__5km","cov","tobit",0.0782010008601655,0.01914831064156,4.42739969217939e-05,1894,0.414466737064414,0.004,"pos",5,"***",TRUE,FALSE
"PFOS","idw__pre2002__5km","raw","detect",0.0120819381276613,0.0058167915696887,0.0379197143841727,2032,0.415846456692913,0.004,"pos",5,"**",TRUE,FALSE
"PFOS","idw__pre2002__5km","raw","intensive",0.0217653363665416,0.0113609956680231,0.0557292105616533,845,0.415846456692913,0.004,"pos",5,"*",FALSE,FALSE
"PFOS","idw__pre2002__5km","raw","tobit",0.0425326010577509,0.015943574778938,0.0076373464657207,2032,0.415846456692913,0.004,"pos",5,"***",TRUE,FALSE
"PFOS","idw__tierweighted__10km","cov","detect",0.0321313372722704,0.00757781958382421,2.34570054545259e-05,1894,0.414466737064414,0.004,"pos",10,"***",TRUE,FALSE
"PFOS","idw__tierweighted__10km","cov","intensive",0.0194309475623872,0.0154120783582763,0.207808524396611,785,0.414466737064414,0.004,"pos",10,"",FALSE,FALSE
"PFOS","idw__tierweighted__10km","cov","tobit",0.085275725823943,0.0206259123859919,3.55886650869663e-05,1894,0.414466737064414,0.004,"pos",10,"***",TRUE,FALSE
"PFOS","idw__tierweighted__10km","raw","detect",0.0185699760796293,0.00637019267537679,0.003594294196674,2032,0.415846456692913,0.004,"pos",10,"***",TRUE,FALSE
"PFOS","idw__tierweighted__10km","raw","intensive",0.0176623622688572,0.0123812928510882,0.154083866410864,845,0.415846456692913,0.004,"pos",10,"",FALSE,FALSE
"PFOS","idw__tierweighted__10km","raw","tobit",0.0566173351066407,0.0175304695377798,0.0012394050636411,2032,0.415846456692913,0.004,"pos",10,"***",TRUE,FALSE
"PFOS","idw__tierweighted__25km","cov","detect",0.0310335360025144,0.0073731719005598,2.69061658413457e-05,1894,0.414466737064414,0.004,"pos",25,"***",TRUE,FALSE
"PFOS","idw__tierweighted__25km","cov","intensive",0.0120195762116174,0.015089754701837,0.42598477471695,785,0.414466737064414,0.004,"pos",25,"",FALSE,FALSE
"PFOS","idw__tierweighted__25km","cov","tobit",0.0801446420441292,0.0201787871799654,7.13533420085968e-05,1894,0.414466737064414,0.004,"pos",25,"***",TRUE,FALSE
"PFOS","idw__tierweighted__25km","raw","detect",0.0196119553479825,0.00619323761579519,0.00156483637979839,2032,0.415846456692913,0.004,"pos",25,"***",TRUE,FALSE
"PFOS","idw__tierweighted__25km","raw","intensive",0.00700134193608511,0.0123129445388295,0.56976794831066,845,0.415846456692913,0.004,"pos",25,"",FALSE,FALSE
"PFOS","idw__tierweighted__25km","raw","tobit",0.0536634183733773,0.0172116985733563,0.00182178226043759,2032,0.415846456692913,0.004,"pos",25,"***",TRUE,FALSE
"PFOS","idw__tierweighted__5km","cov","detect",0.0356446790163563,0.0091165912333549,9.57420779730542e-05,1894,0.414466737064414,0.004,"pos",5,"***",TRUE,FALSE
"PFOS","idw__tierweighted__5km","cov","intensive",0.0352564211104326,0.0185858582738682,0.0582396878834253,785,0.414466737064414,0.004,"pos",5,"*",FALSE,FALSE
"PFOS","idw__tierweighted__5km","cov","tobit",0.0999428371977122,0.0247444754244075,5.36804810775909e-05,1894,0.414466737064414,0.004,"pos",5,"***",TRUE,FALSE
"PFOS","idw__tierweighted__5km","raw","detect",0.021110320541168,0.00771301603679819,0.00625478257980116,2032,0.415846456692913,0.004,"pos",5,"***",TRUE,FALSE
"PFOS","idw__tierweighted__5km","raw","intensive",0.0321266243608918,0.0147291601612685,0.0294474237487446,845,0.415846456692913,0.004,"pos",5,"**",TRUE,FALSE
"PFOS","idw__tierweighted__5km","raw","tobit",0.0710871718916355,0.0210542492821419,0.000734460769186655,2032,0.415846456692913,0.004,"pos",5,"***",TRUE,FALSE
"PFOS","nearest_km","cov","detect",-1.12845805713455e-05,1.78164609124858e-05,0.52656566832742,1894,0.414466737064414,0.004,"neg",NA,"",FALSE,FALSE
"PFOS","nearest_km","cov","intensive",8.34277687834816e-05,3.68679950174768e-05,0.0239440558792069,785,0.414466737064414,0.004,"neg",NA,"**",FALSE,TRUE
"PFOS","nearest_km","cov","tobit",3.02498774578353e-05,4.8534559958561e-05,0.533110597511117,1894,0.414466737064414,0.004,"neg",NA,"",FALSE,FALSE
"PFOS","nearest_km","raw","detect",-1.07484682660541e-07,1.22195851483947e-05,0.992982683085374,2032,0.415846456692913,0.004,"neg",NA,"",FALSE,FALSE
"PFOS","nearest_km","raw","intensive",5.88634572938562e-05,2.45092699126134e-05,0.0165354392728372,845,0.415846456692913,0.004,"neg",NA,"**",FALSE,TRUE
"PFOS","nearest_km","raw","tobit",3.13915511283383e-05,3.35000919076332e-05,0.348728386304845,2032,0.415846456692913,0.004,"neg",NA,"",FALSE,FALSE
"PFOS","nearest_pre2002_km","cov","detect",-1.14275421894929e-05,1.73251375643464e-05,0.509598628927924,1894,0.414466737064414,0.004,"neg",NA,"",FALSE,FALSE
"PFOS","nearest_pre2002_km","cov","intensive",8.06666298952652e-05,3.58370766918802e-05,0.0246948832520089,785,0.414466737064414,0.004,"neg",NA,"**",FALSE,TRUE
"PFOS","nearest_pre2002_km","cov","tobit",2.80421031351024e-05,4.71995426412402e-05,0.552433118002876,1894,0.414466737064414,0.004,"neg",NA,"",FALSE,FALSE
"PFOS","nearest_pre2002_km","raw","detect",-2.40194791652661e-07,1.18838416273026e-05,0.983876336567295,2032,0.415846456692913,0.004,"neg",NA,"",FALSE,FALSE
"PFOS","nearest_pre2002_km","raw","intensive",5.70172881967308e-05,2.3833323052376e-05,0.0169596460002634,845,0.415846456692913,0.004,"neg",NA,"**",FALSE,TRUE
"PFOS","nearest_pre2002_km","raw","tobit",3.00762445420686e-05,3.25853006978804e-05,0.356007013349241,2032,0.415846456692913,0.004,"neg",NA,"",FALSE,FALSE
"PFOS","within_10km","cov","detect",0.0639426750201315,0.0315732844929028,0.0429914459891257,1894,0.414466737064414,0.004,"pos",NA,"**",TRUE,FALSE
"PFOS","within_10km","cov","intensive",-0.124108925969398,0.0655981007045277,0.0589025036943533,785,0.414466737064414,0.004,"pos",NA,"*",FALSE,FALSE
"PFOS","within_10km","cov","tobit",0.080862246064756,0.0864172631909687,0.349418058435451,1894,0.414466737064414,0.004,"pos",NA,"",FALSE,FALSE
"PFOS","within_10km","raw","detect",0.021999656332081,0.0284316135936055,0.439154279302879,2032,0.415846456692913,0.004,"pos",NA,"",FALSE,FALSE
"PFOS","within_10km","raw","intensive",-0.110828800467553,0.0580280552900174,0.0564829490897338,845,0.415846456692913,0.004,"pos",NA,"*",FALSE,FALSE
"PFOS","within_10km","raw","tobit",-0.00230094887206909,0.079301956728672,0.976852601236944,2032,0.415846456692913,0.004,"pos",NA,"",FALSE,FALSE
"PFOS","within_5km","cov","detect",0.0503763746452534,0.0253082926601628,0.0466846897424383,1894,0.414466737064414,0.004,"pos",NA,"**",TRUE,FALSE
"PFOS","within_5km","cov","intensive",-0.0501909233241043,0.0524986538521642,0.339375908988031,785,0.414466737064414,0.004,"pos",NA,"",FALSE,FALSE
"PFOS","within_5km","cov","tobit",0.0844023254140968,0.0698461189242033,0.226891924409573,1894,0.414466737064414,0.004,"pos",NA,"",FALSE,FALSE
"PFOS","within_5km","raw","detect",0.0145480633713132,0.022896972393833,0.525258341859628,2032,0.415846456692913,0.004,"pos",NA,"",FALSE,FALSE
"PFOS","within_5km","raw","intensive",-0.0693735543754906,0.0462071737467487,0.133637194187815,845,0.415846456692913,0.004,"pos",NA,"",FALSE,FALSE
"PFOS","within_5km","raw","tobit",-0.000339106795603904,0.0636994951031495,0.995752449870186,2032,0.415846456692913,0.004,"pos",NA,"",FALSE,FALSE
"PFPeA","idw__all_equal__10km","cov","detect",-0.00366560786652736,0.00508999913098012,0.47151993291552,1894,0.453009503695882,0.003,"pos",10,"",FALSE,FALSE
"PFPeA","idw__all_equal__10km","cov","intensive",-0.00718933702188605,0.0101993538769397,0.481093793910613,858,0.453009503695882,0.003,"pos",10,"",FALSE,FALSE
"PFPeA","idw__all_equal__10km","cov","tobit",-0.0164624378560957,0.0123607856562317,0.182916783476549,1894,0.453009503695882,0.003,"pos",10,"",FALSE,FALSE
"PFPeA","idw__all_equal__10km","raw","detect",-0.00251184446755956,0.00432865800703665,0.561788533983452,2032,0.455216535433071,0.003,"pos",10,"",FALSE,FALSE
"PFPeA","idw__all_equal__10km","raw","intensive",-0.00404700219575138,0.00842549761132687,0.631108016620067,925,0.455216535433071,0.003,"pos",10,"",FALSE,FALSE
"PFPeA","idw__all_equal__10km","raw","tobit",-0.00800629380499766,0.0109242454710467,0.463624208267607,2032,0.455216535433071,0.003,"pos",10,"",FALSE,FALSE
"PFPeA","idw__all_equal__25km","cov","detect",-0.00136689330786153,0.00540234983920968,0.800282734173448,1894,0.453009503695882,0.003,"pos",25,"",FALSE,FALSE
"PFPeA","idw__all_equal__25km","cov","intensive",-0.00611918022055785,0.0104667762194648,0.55896587496108,858,0.453009503695882,0.003,"pos",25,"",FALSE,FALSE
"PFPeA","idw__all_equal__25km","cov","tobit",-0.0098076904559702,0.0129503713725614,0.448852843173387,1894,0.453009503695882,0.003,"pos",25,"",FALSE,FALSE
"PFPeA","idw__all_equal__25km","raw","detect",-0.00159729452939359,0.0045071511907013,0.723082568475376,2032,0.455216535433071,0.003,"pos",25,"",FALSE,FALSE
"PFPeA","idw__all_equal__25km","raw","intensive",-0.00458892647920041,0.00853913294207079,0.591121162475372,925,0.455216535433071,0.003,"pos",25,"",FALSE,FALSE
"PFPeA","idw__all_equal__25km","raw","tobit",-0.00630175065057339,0.0112937964165794,0.576855736106645,2032,0.455216535433071,0.003,"pos",25,"",FALSE,FALSE
"PFPeA","idw__all_equal__5km","cov","detect",-0.00793516574466831,0.00584412891762967,0.174695524726685,1894,0.453009503695882,0.003,"pos",5,"",FALSE,FALSE
"PFPeA","idw__all_equal__5km","cov","intensive",-0.00963034997781406,0.0122038908242149,0.430280302946547,858,0.453009503695882,0.003,"pos",5,"",FALSE,FALSE
"PFPeA","idw__all_equal__5km","cov","tobit",-0.0290980121531057,0.0144294861956889,0.0437408176901605,1894,0.453009503695882,0.003,"pos",5,"**",FALSE,TRUE
"PFPeA","idw__all_equal__5km","raw","detect",-0.00625757877570583,0.00504126133609647,0.214648533081516,2032,0.455216535433071,0.003,"pos",5,"",FALSE,FALSE
"PFPeA","idw__all_equal__5km","raw","intensive",-0.00439499397003184,0.0100155622054731,0.660897199527846,925,0.455216535433071,0.003,"pos",5,"",FALSE,FALSE
"PFPeA","idw__all_equal__5km","raw","tobit",-0.016782872214591,0.012809109690885,0.190118239818557,2032,0.455216535433071,0.003,"pos",5,"",FALSE,FALSE
"PFPeA","idw__post2002__10km","cov","detect",0.000947954313397878,0.00562098954315333,0.866094319327037,1894,0.453009503695882,0.003,"pos",10,"",FALSE,FALSE
"PFPeA","idw__post2002__10km","cov","intensive",-0.00978834986845104,0.0112917360506041,0.386284838880299,858,0.453009503695882,0.003,"pos",10,"",FALSE,FALSE
"PFPeA","idw__post2002__10km","cov","tobit",-0.00801474559438727,0.0136315672227376,0.55656262166906,1894,0.453009503695882,0.003,"pos",10,"",FALSE,FALSE
"PFPeA","idw__post2002__10km","raw","detect",0.000871456455162574,0.00474295401731527,0.854238079716181,2032,0.455216535433071,0.003,"pos",10,"",FALSE,FALSE
"PFPeA","idw__post2002__10km","raw","intensive",-0.00523006550876663,0.00922120615285487,0.570731145283473,925,0.455216535433071,0.003,"pos",10,"",FALSE,FALSE
"PFPeA","idw__post2002__10km","raw","tobit",-0.00101054014087691,0.0119643169425657,0.932688449722766,2032,0.455216535433071,0.003,"pos",10,"",FALSE,FALSE
"PFPeA","idw__post2002__25km","cov","detect",0.00594971974044419,0.00536386159495906,0.267480853425934,1894,0.453009503695882,0.003,"pos",25,"",FALSE,FALSE
"PFPeA","idw__post2002__25km","cov","intensive",-0.00932441446573819,0.0106181764876903,0.380128838680757,858,0.453009503695882,0.003,"pos",25,"",FALSE,FALSE
"PFPeA","idw__post2002__25km","cov","tobit",0.00480638874899741,0.0129299573106809,0.710097588241244,1894,0.453009503695882,0.003,"pos",25,"",FALSE,FALSE
"PFPeA","idw__post2002__25km","raw","detect",0.00356158632085225,0.0044929786189911,0.428044979183671,2032,0.455216535433071,0.003,"pos",25,"",FALSE,FALSE
"PFPeA","idw__post2002__25km","raw","intensive",-0.00668983961794531,0.00868741470568421,0.441460724326574,925,0.455216535433071,0.003,"pos",25,"",FALSE,FALSE
"PFPeA","idw__post2002__25km","raw","tobit",0.0042040934107815,0.011326048496787,0.710497502335466,2032,0.455216535433071,0.003,"pos",25,"",FALSE,FALSE
"PFPeA","idw__post2002__5km","cov","detect",-0.00532817518179223,0.00722458770775841,0.460910161732913,1894,0.453009503695882,0.003,"pos",5,"",FALSE,FALSE
"PFPeA","idw__post2002__5km","cov","intensive",-0.011815539204754,0.0148608502642461,0.426809215127046,858,0.453009503695882,0.003,"pos",5,"",FALSE,FALSE
"PFPeA","idw__post2002__5km","cov","tobit",-0.0254768265964266,0.0177028796670997,0.150112391399658,1894,0.453009503695882,0.003,"pos",5,"",FALSE,FALSE
"PFPeA","idw__post2002__5km","raw","detect",-0.00356628332721654,0.0061655673259722,0.563045208489229,2032,0.455216535433071,0.003,"pos",5,"",FALSE,FALSE
"PFPeA","idw__post2002__5km","raw","intensive",-0.00463012480874092,0.0120391209033808,0.700629840224149,925,0.455216535433071,0.003,"pos",5,"",FALSE,FALSE
"PFPeA","idw__post2002__5km","raw","tobit",-0.0107414010687126,0.0155885804801657,0.490788182727309,2032,0.455216535433071,0.003,"pos",5,"",FALSE,FALSE
"PFPeA","idw__pre2002__10km","cov","detect",-0.00446770292067711,0.00547635439246283,0.41471186673708,1894,0.453009503695882,0.003,"pos",10,"",FALSE,FALSE
"PFPeA","idw__pre2002__10km","cov","intensive",-0.00599507455676691,0.0112589214906747,0.594549520382119,858,0.453009503695882,0.003,"pos",10,"",FALSE,FALSE
"PFPeA","idw__pre2002__10km","cov","tobit",-0.0179888127758396,0.0134056501932627,0.179633966628912,1894,0.453009503695882,0.003,"pos",10,"",FALSE,FALSE
"PFPeA","idw__pre2002__10km","raw","detect",-0.00186225973519208,0.00451233944195579,0.679867206598984,2032,0.455216535433071,0.003,"pos",10,"",FALSE,FALSE
"PFPeA","idw__pre2002__10km","raw","intensive",-0.00144665326011856,0.00895896309067059,0.871754225339736,925,0.455216535433071,0.003,"pos",10,"",FALSE,FALSE
"PFPeA","idw__pre2002__10km","raw","tobit",-0.00506301500152516,0.0114407042454744,0.658095599018218,2032,0.455216535433071,0.003,"pos",10,"",FALSE,FALSE
"PFPeA","idw__pre2002__25km","cov","detect",0.00141873113690598,0.00510332098018938,0.781042833882292,1894,0.453009503695882,0.003,"pos",25,"",FALSE,FALSE
"PFPeA","idw__pre2002__25km","cov","intensive",-0.0057711747480373,0.010080590082446,0.56714535831866,858,0.453009503695882,0.003,"pos",25,"",FALSE,FALSE
"PFPeA","idw__pre2002__25km","cov","tobit",-0.0031457779964227,0.0123070329468877,0.79825342006046,1894,0.453009503695882,0.003,"pos",25,"",FALSE,FALSE
"PFPeA","idw__pre2002__25km","raw","detect",0.00164629311106685,0.00415412704703346,0.691923148156282,2032,0.455216535433071,0.003,"pos",25,"",FALSE,FALSE
"PFPeA","idw__pre2002__25km","raw","intensive",-0.00194819279305303,0.00808768804623911,0.809698696798973,925,0.455216535433071,0.003,"pos",25,"",FALSE,FALSE
"PFPeA","idw__pre2002__25km","raw","tobit",0.00262440168523304,0.0104825748078205,0.802310121483732,2032,0.455216535433071,0.003,"pos",25,"",FALSE,FALSE
"PFPeA","idw__pre2002__5km","cov","detect",-0.0120597985496195,0.00700537802924094,0.0853294873070391,1894,0.453009503695882,0.003,"pos",5,"*",FALSE,FALSE
"PFPeA","idw__pre2002__5km","cov","intensive",-0.0057702778760922,0.0151431010240474,0.703269682471762,858,0.453009503695882,0.003,"pos",5,"",FALSE,FALSE
"PFPeA","idw__pre2002__5km","cov","tobit",-0.0378061212100656,0.0174755488876152,0.0305125439059448,1894,0.453009503695882,0.003,"pos",5,"**",FALSE,TRUE
"PFPeA","idw__pre2002__5km","raw","detect",-0.0077386142307731,0.00588098847471724,0.188366374681495,2032,0.455216535433071,0.003,"pos",5,"",FALSE,FALSE
"PFPeA","idw__pre2002__5km","raw","intensive",0.000501236721059998,0.0119037546229054,0.966422150044517,925,0.455216535433071,0.003,"pos",5,"",FALSE,FALSE
"PFPeA","idw__pre2002__5km","raw","tobit",-0.0176312132697585,0.0150169919654138,0.240361294165737,2032,0.455216535433071,0.003,"pos",5,"",FALSE,FALSE
"PFPeA","idw__tierweighted__10km","cov","detect",-0.0020189484940288,0.00766565271434594,0.792290728689874,1894,0.453009503695882,0.003,"pos",10,"",FALSE,FALSE
"PFPeA","idw__tierweighted__10km","cov","intensive",0.00420049499619696,0.0146428417408396,0.774292923879818,858,0.453009503695882,0.003,"pos",10,"",FALSE,FALSE
"PFPeA","idw__tierweighted__10km","cov","tobit",-0.00733243502987371,0.0183107803307962,0.68882980704013,1894,0.453009503695882,0.003,"pos",10,"",FALSE,FALSE
"PFPeA","idw__tierweighted__10km","raw","detect",-0.00192875574962474,0.00644972344424631,0.764936533809436,2032,0.455216535433071,0.003,"pos",10,"",FALSE,FALSE
"PFPeA","idw__tierweighted__10km","raw","intensive",0.00741127716942471,0.0120646350024028,0.539170026300785,925,0.455216535433071,0.003,"pos",10,"",FALSE,FALSE
"PFPeA","idw__tierweighted__10km","raw","tobit",0.000194830832298532,0.0161261557798163,0.990360459526087,2032,0.455216535433071,0.003,"pos",10,"",FALSE,FALSE
"PFPeA","idw__tierweighted__25km","cov","detect",0.00107202620715083,0.00745819667214482,0.885723326674691,1894,0.453009503695882,0.003,"pos",25,"",FALSE,FALSE
"PFPeA","idw__tierweighted__25km","cov","intensive",0.0107867242168285,0.0143210627422578,0.451552249062269,858,0.453009503695882,0.003,"pos",25,"",FALSE,FALSE
"PFPeA","idw__tierweighted__25km","cov","tobit",0.00492227720684865,0.0178369449847054,0.782579053062627,1894,0.453009503695882,0.003,"pos",25,"",FALSE,FALSE
"PFPeA","idw__tierweighted__25km","raw","detect",-0.00196289082134296,0.00627289845737231,0.754376560711606,2032,0.455216535433071,0.003,"pos",25,"",FALSE,FALSE
"PFPeA","idw__tierweighted__25km","raw","intensive",0.0110044650612961,0.0116916404367377,0.346835800642838,925,0.455216535433071,0.003,"pos",25,"",FALSE,FALSE
"PFPeA","idw__tierweighted__25km","raw","tobit",0.00233729672737918,0.015671778852392,0.881442779260299,2032,0.455216535433071,0.003,"pos",25,"",FALSE,FALSE
"PFPeA","idw__tierweighted__5km","cov","detect",-0.00720385124444474,0.00921410986597916,0.434417501609395,1894,0.453009503695882,0.003,"pos",5,"",FALSE,FALSE
"PFPeA","idw__tierweighted__5km","cov","intensive",0.000525284428778965,0.0177776342957641,0.976435484834908,858,0.453009503695882,0.003,"pos",5,"",FALSE,FALSE
"PFPeA","idw__tierweighted__5km","cov","tobit",-0.0230374600391911,0.0220928313672102,0.297060736237208,1894,0.453009503695882,0.003,"pos",5,"",FALSE,FALSE
"PFPeA","idw__tierweighted__5km","raw","detect",-0.00542509243032464,0.00780662606858599,0.487175991231968,2032,0.455216535433071,0.003,"pos",5,"",FALSE,FALSE
"PFPeA","idw__tierweighted__5km","raw","intensive",0.00635786396570488,0.0146363185523439,0.664107105902305,925,0.455216535433071,0.003,"pos",5,"",FALSE,FALSE
"PFPeA","idw__tierweighted__5km","raw","tobit",-0.00826074638444955,0.0195433197499689,0.672522178425334,2032,0.455216535433071,0.003,"pos",5,"",FALSE,FALSE
"PFPeA","nearest_km","cov","detect",1.44107559115952e-05,1.79334943456206e-05,0.421752580445017,1894,0.453009503695882,0.003,"neg",NA,"",FALSE,FALSE
"PFPeA","nearest_km","cov","intensive",-1.94814731411174e-05,3.0741809788528e-05,0.526453684565968,858,0.453009503695882,0.003,"neg",NA,"",FALSE,FALSE
"PFPeA","nearest_km","cov","tobit",9.84538380373317e-06,4.08178291910414e-05,0.809397767845662,1894,0.453009503695882,0.003,"neg",NA,"",FALSE,FALSE
"PFPeA","nearest_km","raw","detect",4.04124219089647e-05,1.23139780672546e-05,0.00104883237627964,2032,0.455216535433071,0.003,"neg",NA,"***",FALSE,TRUE
"PFPeA","nearest_km","raw","intensive",4.79249584844001e-06,1.95248370834815e-05,0.806157643438469,925,0.455216535433071,0.003,"neg",NA,"",FALSE,FALSE
"PFPeA","nearest_km","raw","tobit",8.44261903612915e-05,2.90207796723632e-05,0.00362397383491428,2032,0.455216535433071,0.003,"neg",NA,"***",FALSE,TRUE
"PFPeA","nearest_pre2002_km","cov","detect",1.37690752007835e-05,1.743921363027e-05,0.429895622185445,1894,0.453009503695882,0.003,"neg",NA,"",FALSE,FALSE
"PFPeA","nearest_pre2002_km","cov","intensive",-1.90793160043182e-05,2.98882066549084e-05,0.523428862321228,858,0.453009503695882,0.003,"neg",NA,"",FALSE,FALSE
"PFPeA","nearest_pre2002_km","cov","tobit",9.02238864496536e-06,3.96924626775032e-05,0.82018475549633,1894,0.453009503695882,0.003,"neg",NA,"",FALSE,FALSE
"PFPeA","nearest_pre2002_km","raw","detect",3.91054655648253e-05,1.19759590245384e-05,0.00111155726493749,2032,0.455216535433071,0.003,"neg",NA,"***",FALSE,TRUE
"PFPeA","nearest_pre2002_km","raw","intensive",4.60247385548707e-06,1.89873806833854e-05,0.808526826725515,925,0.455216535433071,0.003,"neg",NA,"",FALSE,FALSE
"PFPeA","nearest_pre2002_km","raw","tobit",8.16755915470422e-05,2.82255329398809e-05,0.00380758930749225,2032,0.455216535433071,0.003,"neg",NA,"***",FALSE,TRUE
"PFPeA","within_10km","cov","detect",-0.0514367651371534,0.0317958008092609,0.105896292086846,1894,0.453009503695882,0.003,"pos",NA,"",FALSE,FALSE
"PFPeA","within_10km","cov","intensive",-0.00850532921032952,0.0609358684141767,0.889029070588293,858,0.453009503695882,0.003,"pos",NA,"",FALSE,FALSE
"PFPeA","within_10km","cov","tobit",-0.132603968786516,0.0755953062067114,0.0794082924543514,1894,0.453009503695882,0.003,"pos",NA,"*",FALSE,FALSE
"PFPeA","within_10km","raw","detect",-0.0596427490160456,0.0287008698765453,0.0378272294653312,2032,0.455216535433071,0.003,"pos",NA,"**",FALSE,TRUE
"PFPeA","within_10km","raw","intensive",-0.0131857503085077,0.0533413082824603,0.804811625779378,925,0.455216535433071,0.003,"pos",NA,"",FALSE,FALSE
"PFPeA","within_10km","raw","tobit",-0.139551269989603,0.0712768897117406,0.050244633428881,2032,0.455216535433071,0.003,"pos",NA,"*",FALSE,FALSE
"PFPeA","within_5km","cov","detect",-0.0298757381852101,0.0254944036929661,0.241409176056113,1894,0.453009503695882,0.003,"pos",NA,"",FALSE,FALSE
"PFPeA","within_5km","cov","intensive",0.00334363898361753,0.0508162719903679,0.947554997098358,858,0.453009503695882,0.003,"pos",NA,"",FALSE,FALSE
"PFPeA","within_5km","cov","tobit",-0.0761281862827076,0.0615483297922442,0.216129897889907,1894,0.453009503695882,0.003,"pos",NA,"",FALSE,FALSE
"PFPeA","within_5km","raw","detect",-0.0173923010307178,0.0231340542869942,0.452255401292233,2032,0.455216535433071,0.003,"pos",NA,"",FALSE,FALSE
"PFPeA","within_5km","raw","intensive",0.00924233426934278,0.0444224600358409,0.835231581742644,925,0.455216535433071,0.003,"pos",NA,"",FALSE,FALSE
"PFPeA","within_5km","raw","tobit",-0.0338000493557925,0.058156361640255,0.561110627500957,2032,0.455216535433071,0.003,"pos",NA,"",FALSE,FALSE
