"compound","exposure","spec","margin","bucket","estimate","std.error","p.value","nobs","n_systems","detect_rate","sig"
"PFOS","idw__ind_all_equal__5km","raw","detect","A_anydetect",0.00921289457682671,0.00465687958538747,0.0478902807630775,6314,3500,0.360785555907507,"**"
"PFOS","idw__ind_all_equal__5km","raw","tobit","A_anydetect",0.0229260744779751,0.0125188069172732,0.0670512094535043,6314,3500,0.360785555907507,"*"
"PFOS","idw__ind_all_equal__5km","cov","detect","A_anydetect",0.00802999779259649,0.00450996416159687,0.0749939299384051,6314,3500,0.360785555907507,"*"
"PFOS","idw__ind_all_equal__5km","cov","tobit","A_anydetect",0.0197276484336291,0.0119986461940655,0.100143943371323,6314,3500,0.360785555907507,""
"PFOA","idw__ind_all_equal__5km","raw","detect","A_anydetect",0.0259189165930505,0.00466181631933204,2.70034110286471e-08,6314,3500,0.354450427621159,"***"
"PFOA","idw__ind_all_equal__5km","raw","tobit","A_anydetect",0.0517587413138706,0.00966719972887613,8.60036037479075e-08,6314,3500,0.354450427621159,"***"
"PFOA","idw__ind_all_equal__5km","cov","detect","A_anydetect",0.0132430049692667,0.00428588990112319,0.00200218585394534,6314,3500,0.354450427621159,"***"
"PFOA","idw__ind_all_equal__5km","cov","tobit","A_anydetect",0.0244722221913054,0.00883484021496971,0.00560618487235445,6314,3500,0.354450427621159,"***"
"PFHxS","idw__ind_all_equal__5km","raw","detect","A_anydetect",0.00992430628029076,0.0048315174126129,0.0399682900651045,6314,3500,0.276369971491923,"**"
"PFHxS","idw__ind_all_equal__5km","raw","tobit","A_anydetect",0.0123045564325377,0.0140584593771084,0.381442154851943,6314,3500,0.276369971491923,""
"PFHxS","idw__ind_all_equal__5km","cov","detect","A_anydetect",0.00915551877248472,0.00450297654611824,0.0420308216357174,6314,3500,0.276369971491923,"**"
"PFHxS","idw__ind_all_equal__5km","cov","tobit","A_anydetect",0.00767966138040323,0.0118973465984872,0.518607348396888,6314,3500,0.276369971491923,""
"PFBS","idw__ind_all_equal__5km","raw","detect","A_anydetect",-0.0144018777467473,0.00481852562310988,0.00280024351813337,6314,3500,0.452011403230915,"***"
"PFBS","idw__ind_all_equal__5km","raw","tobit","A_anydetect",-0.0411117417352187,0.0100582333749195,4.36287196481655e-05,6314,3500,0.452011403230915,"***"
"PFBS","idw__ind_all_equal__5km","cov","detect","A_anydetect",-0.0107005959997596,0.00461201999013792,0.0203325553794256,6314,3500,0.452011403230915,"**"
"PFBS","idw__ind_all_equal__5km","cov","tobit","A_anydetect",-0.0361651574458867,0.00935907129824265,0.000111461967110618,6314,3500,0.452011403230915,"***"
"PFHxA","idw__ind_all_equal__5km","raw","detect","A_anydetect",0.0234895057166168,0.00423604787309428,2.93708278315915e-08,6314,3500,0.465473550839405,"***"
"PFHxA","idw__ind_all_equal__5km","raw","tobit","A_anydetect",0.0295101200127236,0.0076360077473058,0.000111271129737164,6314,3500,0.465473550839405,"***"
"PFHxA","idw__ind_all_equal__5km","cov","detect","A_anydetect",0.0213615595502389,0.00426558917706913,5.50327710554062e-07,6314,3500,0.465473550839405,"***"
"PFHxA","idw__ind_all_equal__5km","cov","tobit","A_anydetect",0.0190209598572535,0.00764579731080638,0.0128548033403573,6314,3500,0.465473550839405,"**"
"PFPeA","idw__ind_all_equal__5km","raw","detect","A_anydetect",0.0246439782263436,0.00444093054873787,2.8684433964157e-08,6314,3500,0.541019955654102,"***"
"PFPeA","idw__ind_all_equal__5km","raw","tobit","A_anydetect",0.0368835365222365,0.0086809534899943,2.14929590786117e-05,6314,3500,0.541019955654102,"***"
"PFPeA","idw__ind_all_equal__5km","cov","detect","A_anydetect",0.0187004369473639,0.00431608800093909,1.47272766538959e-05,6314,3500,0.541019955654102,"***"
"PFPeA","idw__ind_all_equal__5km","cov","tobit","A_anydetect",0.0190903010942475,0.00825006939436071,0.0206701124186679,6314,3500,0.541019955654102,"**"
"PFBA","idw__ind_all_equal__5km","raw","detect","A_anydetect",-0.00266113714071341,0.00519528011188829,0.608495597668389,6314,3500,0.432689261957555,""
"PFBA","idw__ind_all_equal__5km","raw","tobit","A_anydetect",-0.00177474070813212,0.00977511490503119,0.855930383169266,6314,3500,0.432689261957555,""
"PFBA","idw__ind_all_equal__5km","cov","detect","A_anydetect",0.000957674957009359,0.00432277143428505,0.824670522688091,6314,3500,0.432689261957555,""
"PFBA","idw__ind_all_equal__5km","cov","tobit","A_anydetect",-0.00350487414772588,0.00857709545851247,0.682809873724961,6314,3500,0.432689261957555,""
"PFHpA","idw__ind_all_equal__5km","raw","detect","A_anydetect",0.00370158610142389,0.00312899315747187,0.236810769160012,6314,3500,0.13588850174216,""
"PFHpA","idw__ind_all_equal__5km","raw","tobit","A_anydetect",0.00962863980414734,0.0116927943709684,0.410242013867753,6314,3500,0.13588850174216,""
"PFHpA","idw__ind_all_equal__5km","cov","detect","A_anydetect",-0.000331996069051883,0.00326425631944995,0.918989646614748,6314,3500,0.13588850174216,""
"PFHpA","idw__ind_all_equal__5km","cov","tobit","A_anydetect",-0.00855226506329797,0.0117498595881179,0.466698652224037,6314,3500,0.13588850174216,""
"PFOS","idw__ind_all_equal__10km","raw","detect","A_anydetect",0.00962407028194764,0.00376030696604108,0.0104857780082899,6314,3500,0.360785555907507,"**"
"PFOS","idw__ind_all_equal__10km","raw","tobit","A_anydetect",0.0207942008198866,0.0102848015971265,0.0431931094230929,6314,3500,0.360785555907507,"**"
"PFOS","idw__ind_all_equal__10km","cov","detect","A_anydetect",0.00854438697529144,0.00368475328323889,0.0204032177605519,6314,3500,0.360785555907507,"**"
"PFOS","idw__ind_all_equal__10km","cov","tobit","A_anydetect",0.0175964752734926,0.00978854138906925,0.072230807313806,6314,3500,0.360785555907507,"*"
"PFOA","idw__ind_all_equal__10km","raw","detect","A_anydetect",0.0280929556299479,0.00365981571618913,1.64059594560257e-14,6314,3500,0.354450427621159,"***"
"PFOA","idw__ind_all_equal__10km","raw","tobit","A_anydetect",0.0556607969000567,0.00822761648839818,1.33200536832465e-11,6314,3500,0.354450427621159,"***"
"PFOA","idw__ind_all_equal__10km","cov","detect","A_anydetect",0.0161866183172945,0.00347015428416109,3.09332067384259e-06,6314,3500,0.354450427621159,"***"
"PFOA","idw__ind_all_equal__10km","cov","tobit","A_anydetect",0.0299450104480146,0.00750241766462599,6.56895327478071e-05,6314,3500,0.354450427621159,"***"
"PFHxS","idw__ind_all_equal__10km","raw","detect","A_anydetect",0.00741260910829449,0.00446760965639323,0.0970776994933864,6314,3500,0.276369971491923,"*"
"PFHxS","idw__ind_all_equal__10km","raw","tobit","A_anydetect",0.00662523140233333,0.0135403574588993,0.624632745428543,6314,3500,0.276369971491923,""
"PFHxS","idw__ind_all_equal__10km","cov","detect","A_anydetect",0.00648070795241644,0.00385999829579258,0.0931636159644775,6314,3500,0.276369971491923,"*"
"PFHxS","idw__ind_all_equal__10km","cov","tobit","A_anydetect",0.0021257670689789,0.0101727932255162,0.834474845193768,6314,3500,0.276369971491923,""
"PFBS","idw__ind_all_equal__10km","raw","detect","A_anydetect",-0.00538426757606548,0.00397221959780707,0.175264407484616,6314,3500,0.452011403230915,""
"PFBS","idw__ind_all_equal__10km","raw","tobit","A_anydetect",-0.0241160147995751,0.00832413548060101,0.00376606333095897,6314,3500,0.452011403230915,"***"
"PFBS","idw__ind_all_equal__10km","cov","detect","A_anydetect",-0.00188351495509096,0.0038662205606638,0.626136344907168,6314,3500,0.452011403230915,""
"PFBS","idw__ind_all_equal__10km","cov","tobit","A_anydetect",-0.0189066723831777,0.00764269245310845,0.0133675709980037,6314,3500,0.452011403230915,"**"
"PFHxA","idw__ind_all_equal__10km","raw","detect","A_anydetect",0.026130004795055,0.00358182286537623,2.9828339649922e-13,6314,3500,0.465473550839405,"***"
"PFHxA","idw__ind_all_equal__10km","raw","tobit","A_anydetect",0.0338945734778017,0.00675692232004836,5.26831925684249e-07,6314,3500,0.465473550839405,"***"
"PFHxA","idw__ind_all_equal__10km","cov","detect","A_anydetect",0.0250741545420212,0.00358889340045682,2.81632214318766e-12,6314,3500,0.465473550839405,"***"
"PFHxA","idw__ind_all_equal__10km","cov","tobit","A_anydetect",0.02616690834477,0.00654914691372448,6.45665190842045e-05,6314,3500,0.465473550839405,"***"
"PFPeA","idw__ind_all_equal__10km","raw","detect","A_anydetect",0.0265753219395159,0.00371204504845522,8.11414053933738e-13,6314,3500,0.541019955654102,"***"
"PFPeA","idw__ind_all_equal__10km","raw","tobit","A_anydetect",0.0407496487861159,0.00748738453207979,5.2555361128372e-08,6314,3500,0.541019955654102,"***"
"PFPeA","idw__ind_all_equal__10km","cov","detect","A_anydetect",0.0224163905243024,0.00363406016383698,6.89779968206527e-10,6314,3500,0.541019955654102,"***"
"PFPeA","idw__ind_all_equal__10km","cov","tobit","A_anydetect",0.0279602772034766,0.00700318753736481,6.53783260623626e-05,6314,3500,0.541019955654102,"***"
"PFBA","idw__ind_all_equal__10km","raw","detect","A_anydetect",-0.00567722705415958,0.00424436315163995,0.181029407829716,6314,3500,0.432689261957555,""
"PFBA","idw__ind_all_equal__10km","raw","tobit","A_anydetect",-0.00388610003475702,0.00785338840944127,0.620719420429163,6314,3500,0.432689261957555,""
"PFBA","idw__ind_all_equal__10km","cov","detect","A_anydetect",-0.00111275351751796,0.00353407761652732,0.752864980014106,6314,3500,0.432689261957555,""
"PFBA","idw__ind_all_equal__10km","cov","tobit","A_anydetect",-0.00308012465286933,0.00687982621619974,0.654366946047903,6314,3500,0.432689261957555,""
"PFHpA","idw__ind_all_equal__10km","raw","detect","A_anydetect",0.00394910984289897,0.0027636549245954,0.153020150653727,6314,3500,0.13588850174216,""
"PFHpA","idw__ind_all_equal__10km","raw","tobit","A_anydetect",0.0112987922530499,0.0105564745671213,0.28447587494762,6314,3500,0.13588850174216,""
"PFHpA","idw__ind_all_equal__10km","cov","detect","A_anydetect",0.000420021919446847,0.0027781730416608,0.879828695609698,6314,3500,0.13588850174216,""
"PFHpA","idw__ind_all_equal__10km","cov","tobit","A_anydetect",-0.00433382111129379,0.0100474689111149,0.666225086424977,6314,3500,0.13588850174216,""
"PFOS","idw__ind_all_equal__25km","raw","detect","A_anydetect",0.0115113218902751,0.00392919335031804,0.00339299360004072,6314,3500,0.360785555907507,"***"
"PFOS","idw__ind_all_equal__25km","raw","tobit","A_anydetect",0.0214117095227824,0.0116515498266491,0.0661109717470831,6314,3500,0.360785555907507,"*"
"PFOS","idw__ind_all_equal__25km","cov","detect","A_anydetect",0.0107092727369796,0.00368782074019638,0.00368478801234796,6314,3500,0.360785555907507,"***"
"PFOS","idw__ind_all_equal__25km","cov","tobit","A_anydetect",0.0187367059710089,0.0100494634940481,0.0622587636610076,6314,3500,0.360785555907507,"*"
"PFOA","idw__ind_all_equal__25km","raw","detect","A_anydetect",0.0339989396264075,0.0036262786997291,6.87113509248389e-21,6314,3500,0.354450427621159,"***"
"PFOA","idw__ind_all_equal__25km","raw","tobit","A_anydetect",0.0682933495629854,0.00983234101607723,3.76355399471491e-12,6314,3500,0.354450427621159,"***"
"PFOA","idw__ind_all_equal__25km","cov","detect","A_anydetect",0.0213236189517585,0.00337483043162014,2.6423945169797e-10,6314,3500,0.354450427621159,"***"
"PFOA","idw__ind_all_equal__25km","cov","tobit","A_anydetect",0.0403304892740152,0.00809781384529439,6.34474287839844e-07,6314,3500,0.354450427621159,"***"
"PFHxS","idw__ind_all_equal__25km","raw","detect","A_anydetect",0.00332725656942038,0.00613230855914182,0.587420293588367,6314,3500,0.276369971491923,""
"PFHxS","idw__ind_all_equal__25km","raw","tobit","A_anydetect",-0.00723447865641641,0.0185220987129614,0.696103027813778,6314,3500,0.276369971491923,""
"PFHxS","idw__ind_all_equal__25km","cov","detect","A_anydetect",0.0025857385486655,0.00443976727622262,0.560294538131565,6314,3500,0.276369971491923,""
"PFHxS","idw__ind_all_equal__25km","cov","tobit","A_anydetect",-0.00969076666901911,0.0113312581102219,0.392427016165924,6314,3500,0.276369971491923,""
"PFBS","idw__ind_all_equal__25km","raw","detect","A_anydetect",0.00112989423651158,0.00407322033337809,0.781476201815217,6314,3500,0.452011403230915,""
"PFBS","idw__ind_all_equal__25km","raw","tobit","A_anydetect",-0.0146787862840947,0.00943770505461561,0.119866474975823,6314,3500,0.452011403230915,""
"PFBS","idw__ind_all_equal__25km","cov","detect","A_anydetect",0.00549755498316231,0.00395447566773305,0.164464859395766,6314,3500,0.452011403230915,""
"PFBS","idw__ind_all_equal__25km","cov","tobit","A_anydetect",-0.00683548277123914,0.00814659837995212,0.401435783206176,6314,3500,0.452011403230915,""
"PFHxA","idw__ind_all_equal__25km","raw","detect","A_anydetect",0.0303507845287142,0.00450110480170586,1.5518840951202e-11,6314,3500,0.465473550839405,"***"
"PFHxA","idw__ind_all_equal__25km","raw","tobit","A_anydetect",0.0390675304433079,0.00897928095041363,1.35609017022807e-05,6314,3500,0.465473550839405,"***"
"PFHxA","idw__ind_all_equal__25km","cov","detect","A_anydetect",0.0303010193715438,0.00391623965829332,1.01570991835684e-14,6314,3500,0.465473550839405,"***"
"PFHxA","idw__ind_all_equal__25km","cov","tobit","A_anydetect",0.0335040851633032,0.0073653703872916,5.39356945437927e-06,6314,3500,0.465473550839405,"***"
"PFPeA","idw__ind_all_equal__25km","raw","detect","A_anydetect",0.0304660467767991,0.00469784412540756,8.8665711055247e-11,6314,3500,0.541019955654102,"***"
"PFPeA","idw__ind_all_equal__25km","raw","tobit","A_anydetect",0.0476708480913374,0.00978644746002219,1.10973835750295e-06,6314,3500,0.541019955654102,"***"
"PFPeA","idw__ind_all_equal__25km","cov","detect","A_anydetect",0.0275415625235855,0.00401568980995055,6.95929154133387e-12,6314,3500,0.541019955654102,"***"
"PFPeA","idw__ind_all_equal__25km","cov","tobit","A_anydetect",0.0388900881832263,0.00785531426996293,7.39091111100464e-07,6314,3500,0.541019955654102,"***"
"PFBA","idw__ind_all_equal__25km","raw","detect","A_anydetect",-0.00920480429453043,0.00481096330495691,0.0557099714756357,6314,3500,0.432689261957555,"*"
"PFBA","idw__ind_all_equal__25km","raw","tobit","A_anydetect",-0.0070993534804126,0.00852420800867816,0.404931525809165,6314,3500,0.432689261957555,""
"PFBA","idw__ind_all_equal__25km","cov","detect","A_anydetect",-0.00373323778941271,0.00372689971749076,0.316488203048638,6314,3500,0.432689261957555,""
"PFBA","idw__ind_all_equal__25km","cov","tobit","A_anydetect",-0.00421698094030408,0.00724695202226437,0.560635940576591,6314,3500,0.432689261957555,""
"PFHpA","idw__ind_all_equal__25km","raw","detect","A_anydetect",0.00331821872076559,0.00331777633966688,0.31724598504545,6314,3500,0.13588850174216,""
"PFHpA","idw__ind_all_equal__25km","raw","tobit","A_anydetect",0.00849111101217781,0.0129997603193255,0.513643834003448,6314,3500,0.13588850174216,""
"PFHpA","idw__ind_all_equal__25km","cov","detect","A_anydetect",0.000208726948142766,0.00292032312116677,0.943020578376882,6314,3500,0.13588850174216,""
"PFHpA","idw__ind_all_equal__25km","cov","tobit","A_anydetect",-0.00543445395770019,0.0105347096313296,0.605950956677983,6314,3500,0.13588850174216,""
"PFOS","idw__ind_pre2002__5km","raw","detect","A_anydetect",0.00741077684233816,0.0056950380146927,0.193166369124424,6314,3500,0.360785555907507,""
"PFOS","idw__ind_pre2002__5km","raw","tobit","A_anydetect",0.0210603053050927,0.014864873406823,0.156546275916603,6314,3500,0.360785555907507,""
"PFOS","idw__ind_pre2002__5km","cov","detect","A_anydetect",0.00648451758773858,0.00550706977973201,0.23900013194316,6314,3500,0.360785555907507,""
"PFOS","idw__ind_pre2002__5km","cov","tobit","A_anydetect",0.0188315974053324,0.0145487907719763,0.195535771010551,6314,3500,0.360785555907507,""
"PFOA","idw__ind_pre2002__5km","raw","detect","A_anydetect",0.0263294248531538,0.00564130125518158,3.05241614511224e-06,6314,3500,0.354450427621159,"***"
"PFOA","idw__ind_pre2002__5km","raw","tobit","A_anydetect",0.0549518305516029,0.0115729306430398,2.05126244648617e-06,6314,3500,0.354450427621159,"***"
"PFOA","idw__ind_pre2002__5km","cov","detect","A_anydetect",0.0127773098326916,0.00518718830300417,0.0137686227116635,6314,3500,0.354450427621159,"**"
"PFOA","idw__ind_pre2002__5km","cov","tobit","A_anydetect",0.0252844979521884,0.0104854104544268,0.0158914955858347,6314,3500,0.354450427621159,"**"
"PFHxS","idw__ind_pre2002__5km","raw","detect","A_anydetect",0.0111807989180334,0.00545827084093285,0.0405194417236542,6314,3500,0.276369971491923,"**"
"PFHxS","idw__ind_pre2002__5km","raw","tobit","A_anydetect",0.0149825612739703,0.0150186621587429,0.318475172982067,6314,3500,0.276369971491923,""
"PFHxS","idw__ind_pre2002__5km","cov","detect","A_anydetect",0.0113663871443544,0.00536390282336733,0.0340861019356741,6314,3500,0.276369971491923,"**"
"PFHxS","idw__ind_pre2002__5km","cov","tobit","A_anydetect",0.0118021481741676,0.0139280872324879,0.396792725428258,6314,3500,0.276369971491923,""
"PFBS","idw__ind_pre2002__5km","raw","detect","A_anydetect",-0.0218424684194134,0.00577797857455617,0.000156642115619164,6314,3500,0.452011403230915,"***"
"PFBS","idw__ind_pre2002__5km","raw","tobit","A_anydetect",-0.0566313763309964,0.0120000453146305,2.36700007699305e-06,6314,3500,0.452011403230915,"***"
"PFBS","idw__ind_pre2002__5km","cov","detect","A_anydetect",-0.0175020209388377,0.00559835989836945,0.0017703501982981,6314,3500,0.452011403230915,"***"
"PFBS","idw__ind_pre2002__5km","cov","tobit","A_anydetect",-0.0509563699403723,0.0113110652193039,6.6372358722533e-06,6314,3500,0.452011403230915,"***"
"PFHxA","idw__ind_pre2002__5km","raw","detect","A_anydetect",0.0252236726583581,0.00508360572780746,6.98543713283911e-07,6314,3500,0.465473550839405,"***"
"PFHxA","idw__ind_pre2002__5km","raw","tobit","A_anydetect",0.0335425356038416,0.00899204041211757,0.000191291822604996,6314,3500,0.465473550839405,"***"
"PFHxA","idw__ind_pre2002__5km","cov","detect","A_anydetect",0.0219453320892269,0.00521304534266529,2.55715401502815e-05,6314,3500,0.465473550839405,"***"
"PFHxA","idw__ind_pre2002__5km","cov","tobit","A_anydetect",0.0194978197569409,0.0092629034078417,0.0352968709175468,6314,3500,0.465473550839405,"**"
"PFPeA","idw__ind_pre2002__5km","raw","detect","A_anydetect",0.0292338141674898,0.00525939095645993,2.72254281728561e-08,6314,3500,0.541019955654102,"***"
"PFPeA","idw__ind_pre2002__5km","raw","tobit","A_anydetect",0.0449218507697379,0.0104388725446321,1.68254514465611e-05,6314,3500,0.541019955654102,"***"
"PFPeA","idw__ind_pre2002__5km","cov","detect","A_anydetect",0.0209422166370866,0.00514553057661032,4.70167777000963e-05,6314,3500,0.541019955654102,"***"
"PFPeA","idw__ind_pre2002__5km","cov","tobit","A_anydetect",0.0195828818308977,0.0099405993526553,0.0488395107425759,6314,3500,0.541019955654102,"**"
"PFBA","idw__ind_pre2002__5km","raw","detect","A_anydetect",0.00144290468952916,0.00659479269578418,0.826810093758094,6314,3500,0.432689261957555,""
"PFBA","idw__ind_pre2002__5km","raw","tobit","A_anydetect",0.00949986928245914,0.0126889367512336,0.454054086489092,6314,3500,0.432689261957555,""
"PFBA","idw__ind_pre2002__5km","cov","detect","A_anydetect",0.00460291095907622,0.00532846093493367,0.387678547519443,6314,3500,0.432689261957555,""
"PFBA","idw__ind_pre2002__5km","cov","tobit","A_anydetect",0.00550684371545054,0.0107620891561697,0.608868615816783,6314,3500,0.432689261957555,""
"PFHpA","idw__ind_pre2002__5km","raw","detect","A_anydetect",0.00312689507420317,0.00363153126992384,0.389215802216669,6314,3500,0.13588850174216,""
"PFHpA","idw__ind_pre2002__5km","raw","tobit","A_anydetect",0.00903190854018385,0.0138127229572651,0.513187009243929,6314,3500,0.13588850174216,""
"PFHpA","idw__ind_pre2002__5km","cov","detect","A_anydetect",-0.00165780375535266,0.00376788332510885,0.659949584050233,6314,3500,0.13588850174216,""
"PFHpA","idw__ind_pre2002__5km","cov","tobit","A_anydetect",-0.0138043309875904,0.0141530440242558,0.329381088292488,6314,3500,0.13588850174216,""
"PFOS","idw__ind_pre2002__10km","raw","detect","A_anydetect",0.00695321715978906,0.00402469014701691,0.0840527210358356,6314,3500,0.360785555907507,"*"
"PFOS","idw__ind_pre2002__10km","raw","tobit","A_anydetect",0.0163483622334273,0.0105938345589629,0.122783247753588,6314,3500,0.360785555907507,""
"PFOS","idw__ind_pre2002__10km","cov","detect","A_anydetect",0.00597759509281702,0.00401036988220878,0.136083724253546,6314,3500,0.360785555907507,""
"PFOS","idw__ind_pre2002__10km","cov","tobit","A_anydetect",0.0136013109544487,0.0104839194213277,0.194510850459887,6314,3500,0.360785555907507,""
"PFOA","idw__ind_pre2002__10km","raw","detect","A_anydetect",0.0276326226571481,0.00399861308406136,4.82772270913731e-12,6314,3500,0.354450427621159,"***"
"PFOA","idw__ind_pre2002__10km","raw","tobit","A_anydetect",0.056021609756962,0.00865645651977792,9.69345359210809e-11,6314,3500,0.354450427621159,"***"
"PFOA","idw__ind_pre2002__10km","cov","detect","A_anydetect",0.016309119892221,0.00379132732890419,1.69499325487272e-05,6314,3500,0.354450427621159,"***"
"PFOA","idw__ind_pre2002__10km","cov","tobit","A_anydetect",0.0309178112232565,0.00790445821382013,9.17475857996598e-05,6314,3500,0.354450427621159,"***"
"PFHxS","idw__ind_pre2002__10km","raw","detect","A_anydetect",0.00661465745981268,0.00425868920329005,0.120371918643765,6314,3500,0.276369971491923,""
"PFHxS","idw__ind_pre2002__10km","raw","tobit","A_anydetect",0.00551596882279054,0.0123046382768533,0.653948459975272,6314,3500,0.276369971491923,""
"PFHxS","idw__ind_pre2002__10km","cov","detect","A_anydetect",0.00583400461184183,0.0040105132852276,0.145758483426356,6314,3500,0.276369971491923,""
"PFHxS","idw__ind_pre2002__10km","cov","tobit","A_anydetect",0.000701153558824806,0.0104630857187102,0.94657205429192,6314,3500,0.276369971491923,""
"PFBS","idw__ind_pre2002__10km","raw","detect","A_anydetect",-0.0094177899410442,0.00428731555847456,0.028044481797553,6314,3500,0.452011403230915,"**"
"PFBS","idw__ind_pre2002__10km","raw","tobit","A_anydetect",-0.0314934766711161,0.00857207629030161,0.000238818906614745,6314,3500,0.452011403230915,"***"
"PFBS","idw__ind_pre2002__10km","cov","detect","A_anydetect",-0.00605436041759259,0.0041917813315918,0.148643160135323,6314,3500,0.452011403230915,""
"PFBS","idw__ind_pre2002__10km","cov","tobit","A_anydetect",-0.0268047696421938,0.00802828425770823,0.000841436042466116,6314,3500,0.452011403230915,"***"
"PFHxA","idw__ind_pre2002__10km","raw","detect","A_anydetect",0.0268791139380435,0.00372429421915302,5.30544784710931e-13,6314,3500,0.465473550839405,"***"
"PFHxA","idw__ind_pre2002__10km","raw","tobit","A_anydetect",0.0361338283960266,0.00673989877164504,8.26788652134899e-08,6314,3500,0.465473550839405,"***"
"PFHxA","idw__ind_pre2002__10km","cov","detect","A_anydetect",0.0255500304737978,0.0038463046503563,3.07889111219267e-11,6314,3500,0.465473550839405,"***"
"PFHxA","idw__ind_pre2002__10km","cov","tobit","A_anydetect",0.0271237952850222,0.00686156336612979,7.71757772024532e-05,6314,3500,0.465473550839405,"***"
"PFPeA","idw__ind_pre2002__10km","raw","detect","A_anydetect",0.0289685619414603,0.00380815941650903,2.80592133742066e-14,6314,3500,0.541019955654102,"***"
"PFPeA","idw__ind_pre2002__10km","raw","tobit","A_anydetect",0.0438346829628368,0.00766492114301128,1.07235175800427e-08,6314,3500,0.541019955654102,"***"
"PFPeA","idw__ind_pre2002__10km","cov","detect","A_anydetect",0.0241636508293579,0.00382628038241932,2.69846530096355e-10,6314,3500,0.541019955654102,"***"
"PFPeA","idw__ind_pre2002__10km","cov","tobit","A_anydetect",0.0276114384848593,0.00736831486463606,0.000178733543116259,6314,3500,0.541019955654102,"***"
"PFBA","idw__ind_pre2002__10km","raw","detect","A_anydetect",-0.00109298123413903,0.00464721168929975,0.81406067982974,6314,3500,0.432689261957555,""
"PFBA","idw__ind_pre2002__10km","raw","tobit","A_anydetect",0.00624753648755186,0.00917951804488509,0.496127625832533,6314,3500,0.432689261957555,""
"PFBA","idw__ind_pre2002__10km","cov","detect","A_anydetect",0.00303862228025078,0.00387453477607407,0.432890648447839,6314,3500,0.432689261957555,""
"PFBA","idw__ind_pre2002__10km","cov","tobit","A_anydetect",0.00587658315766826,0.0077372574587275,0.447542994305835,6314,3500,0.432689261957555,""
"PFHpA","idw__ind_pre2002__10km","raw","detect","A_anydetect",0.00401525835894522,0.00283445903499898,0.15660365601533,6314,3500,0.13588850174216,""
"PFHpA","idw__ind_pre2002__10km","raw","tobit","A_anydetect",0.0126989356194403,0.0107044807307039,0.235496097363404,6314,3500,0.13588850174216,""
"PFHpA","idw__ind_pre2002__10km","cov","detect","A_anydetect",0.000216054026681434,0.00288103928149493,0.940221317617881,6314,3500,0.13588850174216,""
"PFHpA","idw__ind_pre2002__10km","cov","tobit","A_anydetect",-0.00471635527957039,0.0106775996535782,0.658702275934582,6314,3500,0.13588850174216,""
"PFOS","idw__ind_pre2002__25km","raw","detect","A_anydetect",0.00741746001242964,0.00351020623791901,0.0345911562924073,6314,3500,0.360785555907507,"**"
"PFOS","idw__ind_pre2002__25km","raw","tobit","A_anydetect",0.0144491053168909,0.00968847067713467,0.135864087370739,6314,3500,0.360785555907507,""
"PFOS","idw__ind_pre2002__25km","cov","detect","A_anydetect",0.00645476596673533,0.00349718859618595,0.0649355705659068,6314,3500,0.360785555907507,"*"
"PFOS","idw__ind_pre2002__25km","cov","tobit","A_anydetect",0.0117779569309437,0.00916437079242983,0.198725926505948,6314,3500,0.360785555907507,""
"PFOA","idw__ind_pre2002__25km","raw","detect","A_anydetect",0.0310938865202995,0.00337648039075281,3.29287460577345e-20,6314,3500,0.354450427621159,"***"
"PFOA","idw__ind_pre2002__25km","raw","tobit","A_anydetect",0.0626938721389544,0.00824768959108706,2.92975808736042e-14,6314,3500,0.354450427621159,"***"
"PFOA","idw__ind_pre2002__25km","cov","detect","A_anydetect",0.0201493614029849,0.00323913276162515,4.95245457101574e-10,6314,3500,0.354450427621159,"***"
"PFOA","idw__ind_pre2002__25km","cov","tobit","A_anydetect",0.0379409678578009,0.0072965909524237,1.99480394408165e-07,6314,3500,0.354450427621159,"***"
"PFHxS","idw__ind_pre2002__25km","raw","detect","A_anydetect",0.0018228512875322,0.00463302369653904,0.693989040948051,6314,3500,0.276369971491923,""
"PFHxS","idw__ind_pre2002__25km","raw","tobit","A_anydetect",-0.0079341017912169,0.013962537108044,0.569870569625542,6314,3500,0.276369971491923,""
"PFHxS","idw__ind_pre2002__25km","cov","detect","A_anydetect",0.000727608247943406,0.00379693462046946,0.848031697546479,6314,3500,0.276369971491923,""
"PFHxS","idw__ind_pre2002__25km","cov","tobit","A_anydetect",-0.0121591683695096,0.00988830867919737,0.21882783406743,6314,3500,0.276369971491923,""
"PFBS","idw__ind_pre2002__25km","raw","detect","A_anydetect",-0.00114975810513038,0.00379231952979596,0.761752153318701,6314,3500,0.452011403230915,""
"PFBS","idw__ind_pre2002__25km","raw","tobit","A_anydetect",-0.0160770829800362,0.00793560392721802,0.0427706034586712,6314,3500,0.452011403230915,"**"
"PFBS","idw__ind_pre2002__25km","cov","detect","A_anydetect",0.00272343143513628,0.00371667157505319,0.463704301252237,6314,3500,0.452011403230915,""
"PFBS","idw__ind_pre2002__25km","cov","tobit","A_anydetect",-0.00963330253806372,0.00714235848427245,0.177415186277033,6314,3500,0.452011403230915,""
"PFHxA","idw__ind_pre2002__25km","raw","detect","A_anydetect",0.0290469702574046,0.00360485341974189,7.77181374977028e-16,6314,3500,0.465473550839405,"***"
"PFHxA","idw__ind_pre2002__25km","raw","tobit","A_anydetect",0.039028686842072,0.00700978369686395,2.58057368341554e-08,6314,3500,0.465473550839405,"***"
"PFHxA","idw__ind_pre2002__25km","cov","detect","A_anydetect",0.0292422509140418,0.00347790783098031,4.17059238429233e-17,6314,3500,0.465473550839405,"***"
"PFHxA","idw__ind_pre2002__25km","cov","tobit","A_anydetect",0.0336149720544841,0.00644972079078618,1.86967519842631e-07,6314,3500,0.465473550839405,"***"
"PFPeA","idw__ind_pre2002__25km","raw","detect","A_anydetect",0.0303489287377717,0.00373120851040854,4.16015760534062e-16,6314,3500,0.541019955654102,"***"
"PFPeA","idw__ind_pre2002__25km","raw","tobit","A_anydetect",0.0463955254483841,0.0077468259857159,2.11171254393987e-09,6314,3500,0.541019955654102,"***"
"PFPeA","idw__ind_pre2002__25km","cov","detect","A_anydetect",0.0279352310614111,0.00352301119660662,2.20274606258632e-15,6314,3500,0.541019955654102,"***"
"PFPeA","idw__ind_pre2002__25km","cov","tobit","A_anydetect",0.0368658253975408,0.00693350353806819,1.05459718649596e-07,6314,3500,0.541019955654102,"***"
"PFBA","idw__ind_pre2002__25km","raw","detect","A_anydetect",-0.00425914900239473,0.00417318505965842,0.307444406243682,6314,3500,0.432689261957555,""
"PFBA","idw__ind_pre2002__25km","raw","tobit","A_anydetect",0.0025881806635534,0.00814353427596652,0.750621236696754,6314,3500,0.432689261957555,""
"PFBA","idw__ind_pre2002__25km","cov","detect","A_anydetect",0.00106664400485116,0.00348950261078509,0.759854227823087,6314,3500,0.432689261957555,""
"PFBA","idw__ind_pre2002__25km","cov","tobit","A_anydetect",0.00526431468257708,0.00682669078217596,0.44062565920348,6314,3500,0.432689261957555,""
"PFHpA","idw__ind_pre2002__25km","raw","detect","A_anydetect",0.00369238539477245,0.00280912835120372,0.188703597709904,6314,3500,0.13588850174216,""
"PFHpA","idw__ind_pre2002__25km","raw","tobit","A_anydetect",0.0115026127554589,0.0108704397847742,0.289984676381792,6314,3500,0.13588850174216,""
"PFHpA","idw__ind_pre2002__25km","cov","detect","A_anydetect",0.0006678487202118,0.00265003969894541,0.801029771342546,6314,3500,0.13588850174216,""
"PFHpA","idw__ind_pre2002__25km","cov","tobit","A_anydetect",-0.00239252785418806,0.00975391936283565,0.806232769366953,6314,3500,0.13588850174216,""
"PFOS","idw__ind_post2002__5km","raw","detect","A_anydetect",0.0147709583436264,0.00585665387466256,0.0116662677994678,6314,3500,0.360785555907507,"**"
"PFOS","idw__ind_post2002__5km","raw","tobit","A_anydetect",0.0388474261761943,0.0159209935858849,0.0146867465232417,6314,3500,0.360785555907507,"**"
"PFOS","idw__ind_post2002__5km","cov","detect","A_anydetect",0.0143310303770368,0.00576144913377299,0.0128680511539596,6314,3500,0.360785555907507,"**"
"PFOS","idw__ind_post2002__5km","cov","tobit","A_anydetect",0.0368668415368902,0.0151760741416317,0.0151290960447424,6314,3500,0.360785555907507,"**"
"PFOA","idw__ind_post2002__5km","raw","detect","A_anydetect",0.0312835633397929,0.00593301368627732,1.34361811508899e-07,6314,3500,0.354450427621159,"***"
"PFOA","idw__ind_post2002__5km","raw","tobit","A_anydetect",0.0626004157940586,0.0124016013944224,4.46999764496802e-07,6314,3500,0.354450427621159,"***"
"PFOA","idw__ind_post2002__5km","cov","detect","A_anydetect",0.0169774979220655,0.00541212691781834,0.0017072315727662,6314,3500,0.354450427621159,"***"
"PFOA","idw__ind_post2002__5km","cov","tobit","A_anydetect",0.0314472488431496,0.010959083302761,0.00411102435582837,6314,3500,0.354450427621159,"***"
"PFHxS","idw__ind_post2002__5km","raw","detect","A_anydetect",0.0134702590553358,0.00593515635447187,0.0232336216317024,6314,3500,0.276369971491923,"**"
"PFHxS","idw__ind_post2002__5km","raw","tobit","A_anydetect",0.0161193340300671,0.0167207920394835,0.335031218822092,6314,3500,0.276369971491923,""
"PFHxS","idw__ind_post2002__5km","cov","detect","A_anydetect",0.0125433726406966,0.00570686366277379,0.0279530232394507,6314,3500,0.276369971491923,"**"
"PFHxS","idw__ind_post2002__5km","cov","tobit","A_anydetect",0.0110666117576042,0.0148486289151207,0.456093286276138,6314,3500,0.276369971491923,""
"PFBS","idw__ind_post2002__5km","raw","detect","A_anydetect",-0.020444308956355,0.00609923368265147,0.000802453360904051,6314,3500,0.452011403230915,"***"
"PFBS","idw__ind_post2002__5km","raw","tobit","A_anydetect",-0.056601732561113,0.0130507929643801,1.44418304652367e-05,6314,3500,0.452011403230915,"***"
"PFBS","idw__ind_post2002__5km","cov","detect","A_anydetect",-0.0160213601874729,0.00573000552166069,0.00517320040815014,6314,3500,0.452011403230915,"***"
"PFBS","idw__ind_post2002__5km","cov","tobit","A_anydetect",-0.0512412336336857,0.0120802955997647,2.21813135127431e-05,6314,3500,0.452011403230915,"***"
"PFHxA","idw__ind_post2002__5km","raw","detect","A_anydetect",0.0274509254836466,0.00536387165520295,3.09210833864731e-07,6314,3500,0.465473550839405,"***"
"PFHxA","idw__ind_post2002__5km","raw","tobit","A_anydetect",0.0349023205912076,0.00971977708611817,0.000329593612753167,6314,3500,0.465473550839405,"***"
"PFHxA","idw__ind_post2002__5km","cov","detect","A_anydetect",0.0242441055748043,0.00543259831625342,8.09299151120311e-06,6314,3500,0.465473550839405,"***"
"PFHxA","idw__ind_post2002__5km","cov","tobit","A_anydetect",0.0210102406383073,0.00976460099533712,0.0314230186706756,6314,3500,0.465473550839405,"**"
"PFPeA","idw__ind_post2002__5km","raw","detect","A_anydetect",0.0295401747176244,0.00547771017779875,6.93696103912446e-08,6314,3500,0.541019955654102,"***"
"PFPeA","idw__ind_post2002__5km","raw","tobit","A_anydetect",0.0432428806230254,0.01075025674591,5.75842715803247e-05,6314,3500,0.541019955654102,"***"
"PFPeA","idw__ind_post2002__5km","cov","detect","A_anydetect",0.0214210112835593,0.0053189687993051,5.64242610086235e-05,6314,3500,0.541019955654102,"***"
"PFPeA","idw__ind_post2002__5km","cov","tobit","A_anydetect",0.0198129558287519,0.0103834767187044,0.0563752574150241,6314,3500,0.541019955654102,"*"
"PFBA","idw__ind_post2002__5km","raw","detect","A_anydetect",-0.0033650235087784,0.00644402205656126,0.601535927036756,6314,3500,0.432689261957555,""
"PFBA","idw__ind_post2002__5km","raw","tobit","A_anydetect",-0.00893535145545361,0.0124346576916032,0.472397007317861,6314,3500,0.432689261957555,""
"PFBA","idw__ind_post2002__5km","cov","detect","A_anydetect",-0.00013670120571357,0.00549784603799938,0.980163041498288,6314,3500,0.432689261957555,""
"PFBA","idw__ind_post2002__5km","cov","tobit","A_anydetect",-0.0125353963652581,0.0110852194093534,0.258130535439404,6314,3500,0.432689261957555,""
"PFHpA","idw__ind_post2002__5km","raw","detect","A_anydetect",0.00462919089082724,0.00400127259987338,0.247301105539863,6314,3500,0.13588850174216,""
"PFHpA","idw__ind_post2002__5km","raw","tobit","A_anydetect",0.0101591395632974,0.0146490396796962,0.487994517728687,6314,3500,0.13588850174216,""
"PFHpA","idw__ind_post2002__5km","cov","detect","A_anydetect",-0.000219144271577926,0.00412893118418148,0.957671909464305,6314,3500,0.13588850174216,""
"PFHpA","idw__ind_post2002__5km","cov","tobit","A_anydetect",-0.0112005745468387,0.0145455878073952,0.441280646747367,6314,3500,0.13588850174216,""
"PFOS","idw__ind_post2002__10km","raw","detect","A_anydetect",0.0118356612060666,0.00423177923208923,0.00516031278009379,6314,3500,0.360785555907507,"***"
"PFOS","idw__ind_post2002__10km","raw","tobit","A_anydetect",0.0270451677698558,0.0115551562513478,0.0192564898743288,6314,3500,0.360785555907507,"**"
"PFOS","idw__ind_post2002__10km","cov","detect","A_anydetect",0.0108684389127904,0.00421955559893951,0.0100028518147455,6314,3500,0.360785555907507,"**"
"PFOS","idw__ind_post2002__10km","cov","tobit","A_anydetect",0.0236516334512115,0.0111393401118855,0.0337326858794674,6314,3500,0.360785555907507,"**"
"PFOA","idw__ind_post2002__10km","raw","detect","A_anydetect",0.0301532104127753,0.00416631101199976,4.57407312421384e-13,6314,3500,0.354450427621159,"***"
"PFOA","idw__ind_post2002__10km","raw","tobit","A_anydetect",0.0595523530948543,0.0092207396371255,1.05730245181047e-10,6314,3500,0.354450427621159,"***"
"PFOA","idw__ind_post2002__10km","cov","detect","A_anydetect",0.0176179300663109,0.00389829100653924,6.20156046532262e-06,6314,3500,0.354450427621159,"***"
"PFOA","idw__ind_post2002__10km","cov","tobit","A_anydetect",0.0324284717481751,0.00828305532508376,9.03901789039758e-05,6314,3500,0.354450427621159,"***"
"PFHxS","idw__ind_post2002__10km","raw","detect","A_anydetect",0.00850168232229719,0.00473743013147558,0.0727211483186228,6314,3500,0.276369971491923,"*"
"PFHxS","idw__ind_post2002__10km","raw","tobit","A_anydetect",0.00696848221917613,0.0139663183213951,0.6178152294261,6314,3500,0.276369971491923,""
"PFHxS","idw__ind_post2002__10km","cov","detect","A_anydetect",0.00712556954965581,0.00431339217192693,0.098541844317158,6314,3500,0.276369971491923,"*"
"PFHxS","idw__ind_post2002__10km","cov","tobit","A_anydetect",0.0010226377705745,0.0113156474303675,0.927990196217163,6314,3500,0.276369971491923,""
"PFBS","idw__ind_post2002__10km","raw","detect","A_anydetect",-0.00841598887303173,0.0044832443032737,0.0604893836681184,6314,3500,0.452011403230915,"*"
"PFBS","idw__ind_post2002__10km","raw","tobit","A_anydetect",-0.0324253402312948,0.0094051801478183,0.000565581827087307,6314,3500,0.452011403230915,"***"
"PFBS","idw__ind_post2002__10km","cov","detect","A_anydetect",-0.00497472047624229,0.0042922154042589,0.246452118361861,6314,3500,0.452011403230915,""
"PFBS","idw__ind_post2002__10km","cov","tobit","A_anydetect",-0.0279362672685979,0.00870564186436092,0.00133204807831505,6314,3500,0.452011403230915,"***"
"PFHxA","idw__ind_post2002__10km","raw","detect","A_anydetect",0.028287072774911,0.00396001830081376,9.12045830183939e-13,6314,3500,0.465473550839405,"***"
"PFHxA","idw__ind_post2002__10km","raw","tobit","A_anydetect",0.037033142270806,0.00739261016020237,5.45769324404831e-07,6314,3500,0.465473550839405,"***"
"PFHxA","idw__ind_post2002__10km","cov","detect","A_anydetect",0.0266204547106749,0.00402633463320588,3.80226023711598e-11,6314,3500,0.465473550839405,"***"
"PFHxA","idw__ind_post2002__10km","cov","tobit","A_anydetect",0.0275805634075962,0.00731218046672756,0.000162031401266872,6314,3500,0.465473550839405,"***"
"PFPeA","idw__ind_post2002__10km","raw","detect","A_anydetect",0.0295813533311598,0.00403551615028131,2.29719086171773e-13,6314,3500,0.541019955654102,"***"
"PFPeA","idw__ind_post2002__10km","raw","tobit","A_anydetect",0.044485231505075,0.00812423339929362,4.3597735203715e-08,6314,3500,0.541019955654102,"***"
"PFPeA","idw__ind_post2002__10km","cov","detect","A_anydetect",0.0244993379653473,0.0039935074229649,8.52706089663972e-10,6314,3500,0.541019955654102,"***"
"PFPeA","idw__ind_post2002__10km","cov","tobit","A_anydetect",0.0291325100943953,0.00776547182924721,0.000175748825009284,6314,3500,0.541019955654102,"***"
"PFBA","idw__ind_post2002__10km","raw","detect","A_anydetect",-0.00606467669788175,0.00467833691806015,0.194861213501272,6314,3500,0.432689261957555,""
"PFBA","idw__ind_post2002__10km","raw","tobit","A_anydetect",-0.00774772247276759,0.00859108440237185,0.367145645455295,6314,3500,0.432689261957555,""
"PFBA","idw__ind_post2002__10km","cov","detect","A_anydetect",-0.00139887701004076,0.00394489593782008,0.722886064300733,6314,3500,0.432689261957555,""
"PFBA","idw__ind_post2002__10km","cov","tobit","A_anydetect",-0.00712015956179306,0.00765156828870099,0.352086883065691,6314,3500,0.432689261957555,""
"PFHpA","idw__ind_post2002__10km","raw","detect","A_anydetect",0.00478979206090887,0.00307732480762129,0.119594184485942,6314,3500,0.13588850174216,""
"PFHpA","idw__ind_post2002__10km","raw","tobit","A_anydetect",0.0128951862728789,0.0115240828053905,0.263149852566162,6314,3500,0.13588850174216,""
"PFHpA","idw__ind_post2002__10km","cov","detect","A_anydetect",0.000903505797919394,0.00313195043561111,0.772979157856682,6314,3500,0.13588850174216,""
"PFHpA","idw__ind_post2002__10km","cov","tobit","A_anydetect",-0.00428872326329045,0.0111489737834372,0.700478766435628,6314,3500,0.13588850174216,""
"PFOS","idw__ind_post2002__25km","raw","detect","A_anydetect",0.0111973936275565,0.00390195726157094,0.00410879097223308,6314,3500,0.360785555907507,"***"
"PFOS","idw__ind_post2002__25km","raw","tobit","A_anydetect",0.0215636025720134,0.0112231566968344,0.0546877047255059,6314,3500,0.360785555907507,"*"
"PFOS","idw__ind_post2002__25km","cov","detect","A_anydetect",0.0100028191030573,0.00378402730072105,0.00820702330370938,6314,3500,0.360785555907507,"***"
"PFOS","idw__ind_post2002__25km","cov","tobit","A_anydetect",0.0174662568901326,0.0101221003848197,0.0844272170821349,6314,3500,0.360785555907507,"*"
"PFOA","idw__ind_post2002__25km","raw","detect","A_anydetect",0.0329647951259247,0.00362723826644017,1.00761561941208e-19,6314,3500,0.354450427621159,"***"
"PFOA","idw__ind_post2002__25km","raw","tobit","A_anydetect",0.0656266547628393,0.00921904866091666,1.09034398264792e-12,6314,3500,0.354450427621159,"***"
"PFOA","idw__ind_post2002__25km","cov","detect","A_anydetect",0.020339949921036,0.00343209484844231,3.0965713141596e-09,6314,3500,0.354450427621159,"***"
"PFOA","idw__ind_post2002__25km","cov","tobit","A_anydetect",0.0380245739696098,0.0079276786967705,1.61516530545599e-06,6314,3500,0.354450427621159,"***"
"PFHxS","idw__ind_post2002__25km","raw","detect","A_anydetect",0.00301210093925534,0.00553960272470258,0.586620731320095,6314,3500,0.276369971491923,""
"PFHxS","idw__ind_post2002__25km","raw","tobit","A_anydetect",-0.0083181678498355,0.0166334625145841,0.61701426467752,6314,3500,0.276369971491923,""
"PFHxS","idw__ind_post2002__25km","cov","detect","A_anydetect",0.00154624143289571,0.0042868302124491,0.718326903147705,6314,3500,0.276369971491923,""
"PFHxS","idw__ind_post2002__25km","cov","tobit","A_anydetect",-0.0131242904314787,0.0110372025385966,0.234401997704014,6314,3500,0.276369971491923,""
"PFBS","idw__ind_post2002__25km","raw","detect","A_anydetect",-0.000283974871599079,0.00407434042189792,0.944433742038639,6314,3500,0.452011403230915,""
"PFBS","idw__ind_post2002__25km","raw","tobit","A_anydetect",-0.0182624924810011,0.00907970920721052,0.0442882755254831,6314,3500,0.452011403230915,"**"
"PFBS","idw__ind_post2002__25km","cov","detect","A_anydetect",0.00371888092770543,0.00392643331721781,0.343567590319176,6314,3500,0.452011403230915,""
"PFBS","idw__ind_post2002__25km","cov","tobit","A_anydetect",-0.0116555111017876,0.00799479055660623,0.144871351730705,6314,3500,0.452011403230915,""
"PFHxA","idw__ind_post2002__25km","raw","detect","A_anydetect",0.0306678132559359,0.00414933524236685,1.45708417079815e-13,6314,3500,0.465473550839405,"***"
"PFHxA","idw__ind_post2002__25km","raw","tobit","A_anydetect",0.0400584788629806,0.00824692415440295,1.18946674604743e-06,6314,3500,0.465473550839405,"***"
"PFHxA","idw__ind_post2002__25km","cov","detect","A_anydetect",0.030268560058015,0.00380381729011225,1.75668000920092e-15,6314,3500,0.465473550839405,"***"
"PFHxA","idw__ind_post2002__25km","cov","tobit","A_anydetect",0.0337253437625197,0.00716959445750743,2.55187989787869e-06,6314,3500,0.465473550839405,"***"
"PFPeA","idw__ind_post2002__25km","raw","detect","A_anydetect",0.0319557933338259,0.00431383163949384,1.28458597434621e-13,6314,3500,0.541019955654102,"***"
"PFPeA","idw__ind_post2002__25km","raw","tobit","A_anydetect",0.0493144347029931,0.00896605133368265,3.79514509021572e-08,6314,3500,0.541019955654102,"***"
"PFPeA","idw__ind_post2002__25km","cov","detect","A_anydetect",0.0289806839146559,0.00386883463302114,6.84527116370479e-14,6314,3500,0.541019955654102,"***"
"PFPeA","idw__ind_post2002__25km","cov","tobit","A_anydetect",0.0398847801652735,0.00760021339528114,1.53884475468254e-07,6314,3500,0.541019955654102,"***"
"PFBA","idw__ind_post2002__25km","raw","detect","A_anydetect",-0.00935426593625045,0.00457180600925489,0.040748821049577,6314,3500,0.432689261957555,"**"
"PFBA","idw__ind_post2002__25km","raw","tobit","A_anydetect",-0.00911154038491251,0.00811213571162407,0.261353109390779,6314,3500,0.432689261957555,""
"PFBA","idw__ind_post2002__25km","cov","detect","A_anydetect",-0.00358619253251527,0.0036359417659383,0.323977396948318,6314,3500,0.432689261957555,""
"PFBA","idw__ind_post2002__25km","cov","tobit","A_anydetect",-0.00543168224112099,0.00697895480201353,0.436395408463472,6314,3500,0.432689261957555,""
"PFHpA","idw__ind_post2002__25km","raw","detect","A_anydetect",0.00408361765561867,0.00316508348749864,0.196978271657605,6314,3500,0.13588850174216,""
"PFHpA","idw__ind_post2002__25km","raw","tobit","A_anydetect",0.0107429664100816,0.0123152889620344,0.383029687294105,6314,3500,0.13588850174216,""
"PFHpA","idw__ind_post2002__25km","cov","detect","A_anydetect",0.00087579990873257,0.00291935256982787,0.764178687316739,6314,3500,0.13588850174216,""
"PFHpA","idw__ind_post2002__25km","cov","tobit","A_anydetect",-0.00379366315664188,0.0105569869423908,0.719332572825057,6314,3500,0.13588850174216,""
"PFOS","idw__ind_tierweighted__5km","raw","detect","A_anydetect",0.0115617470435797,0.00689427010111667,0.0935408911098205,6314,3500,0.360785555907507,"*"
"PFOS","idw__ind_tierweighted__5km","raw","tobit","A_anydetect",0.0303620831896392,0.0193973461966155,0.117519625051547,6314,3500,0.360785555907507,""
"PFOS","idw__ind_tierweighted__5km","cov","detect","A_anydetect",0.0100851075451688,0.00663545757927211,0.128540824241045,6314,3500,0.360785555907507,""
"PFOS","idw__ind_tierweighted__5km","cov","tobit","A_anydetect",0.0271561534292611,0.0182167020772354,0.136032841314079,6314,3500,0.360785555907507,""
"PFOA","idw__ind_tierweighted__5km","raw","detect","A_anydetect",0.034964668691064,0.00670579096551792,1.84711213472512e-07,6314,3500,0.354450427621159,"***"
"PFOA","idw__ind_tierweighted__5km","raw","tobit","A_anydetect",0.0673922105557206,0.013963040228945,1.38973528665682e-06,6314,3500,0.354450427621159,"***"
"PFOA","idw__ind_tierweighted__5km","cov","detect","A_anydetect",0.017041433829917,0.00614716445444708,0.0055671454819452,6314,3500,0.354450427621159,"***"
"PFOA","idw__ind_tierweighted__5km","cov","tobit","A_anydetect",0.0289403955341188,0.0128369630043703,0.024167362240691,6314,3500,0.354450427621159,"**"
"PFHxS","idw__ind_tierweighted__5km","raw","detect","A_anydetect",0.0165461230129823,0.00741684193194393,0.0256887332933944,6314,3500,0.276369971491923,"**"
"PFHxS","idw__ind_tierweighted__5km","raw","tobit","A_anydetect",0.0233571092071537,0.0213513575715626,0.273981189095645,6314,3500,0.276369971491923,""
"PFHxS","idw__ind_tierweighted__5km","cov","detect","A_anydetect",0.0154676606874484,0.00684393875021472,0.023817994444023,6314,3500,0.276369971491923,"**"
"PFHxS","idw__ind_tierweighted__5km","cov","tobit","A_anydetect",0.0186456272326129,0.0179740487905713,0.29956635078783,6314,3500,0.276369971491923,""
"PFBS","idw__ind_tierweighted__5km","raw","detect","A_anydetect",-0.0171632875737765,0.00750154305081666,0.0221394070542611,6314,3500,0.452011403230915,"**"
"PFBS","idw__ind_tierweighted__5km","raw","tobit","A_anydetect",-0.0506484621071056,0.0156840615195038,0.00124095796167698,6314,3500,0.452011403230915,"***"
"PFBS","idw__ind_tierweighted__5km","cov","detect","A_anydetect",-0.0125874516166745,0.00677070452089006,0.0630122360166492,6314,3500,0.452011403230915,"*"
"PFBS","idw__ind_tierweighted__5km","cov","tobit","A_anydetect",-0.0433147656807399,0.0141341737807882,0.00218003742803731,6314,3500,0.452011403230915,"***"
"PFHxA","idw__ind_tierweighted__5km","raw","detect","A_anydetect",0.0409510410634512,0.0061971705779386,3.89488162472563e-11,6314,3500,0.465473550839405,"***"
"PFHxA","idw__ind_tierweighted__5km","raw","tobit","A_anydetect",0.0529958979042528,0.0112261261369828,2.34959834599509e-06,6314,3500,0.465473550839405,"***"
"PFHxA","idw__ind_tierweighted__5km","cov","detect","A_anydetect",0.0359737333245909,0.00625906849664716,9.05950911638107e-09,6314,3500,0.465473550839405,"***"
"PFHxA","idw__ind_tierweighted__5km","cov","tobit","A_anydetect",0.0351732708459894,0.0112247524592986,0.00172708229517143,6314,3500,0.465473550839405,"***"
"PFPeA","idw__ind_tierweighted__5km","raw","detect","A_anydetect",0.0424842160136338,0.00630380490344517,1.58980687768496e-11,6314,3500,0.541019955654102,"***"
"PFPeA","idw__ind_tierweighted__5km","raw","tobit","A_anydetect",0.0670413545034754,0.0128147262199852,1.68060946730425e-07,6314,3500,0.541019955654102,"***"
"PFPeA","idw__ind_tierweighted__5km","cov","detect","A_anydetect",0.031953595993236,0.00616516244995992,2.18428823930755e-07,6314,3500,0.541019955654102,"***"
"PFPeA","idw__ind_tierweighted__5km","cov","tobit","A_anydetect",0.0375058349012532,0.0121028935450981,0.00194230922590724,6314,3500,0.541019955654102,"***"
"PFBA","idw__ind_tierweighted__5km","raw","detect","A_anydetect",-0.00199905138141476,0.0077380626420276,0.796144490387363,6314,3500,0.432689261957555,""
"PFBA","idw__ind_tierweighted__5km","raw","tobit","A_anydetect",-0.00216016877273085,0.0149457270682846,0.885078648704512,6314,3500,0.432689261957555,""
"PFBA","idw__ind_tierweighted__5km","cov","detect","A_anydetect",-0.000823354426763851,0.00648134046493204,0.898913021684398,6314,3500,0.432689261957555,""
"PFBA","idw__ind_tierweighted__5km","cov","tobit","A_anydetect",-0.00977640741444516,0.0128951327649754,0.448362930234548,6314,3500,0.432689261957555,""
"PFHpA","idw__ind_tierweighted__5km","raw","detect","A_anydetect",0.00350587865867341,0.00462966982056517,0.448892183572012,6314,3500,0.13588850174216,""
"PFHpA","idw__ind_tierweighted__5km","raw","tobit","A_anydetect",0.0100065148875508,0.0177255698273763,0.572397367759763,6314,3500,0.13588850174216,""
"PFHpA","idw__ind_tierweighted__5km","cov","detect","A_anydetect",-0.00261064746303549,0.00482238819368208,0.588259559169111,6314,3500,0.13588850174216,""
"PFHpA","idw__ind_tierweighted__5km","cov","tobit","A_anydetect",-0.0150353701919283,0.0176975487927836,0.395562196196504,6314,3500,0.13588850174216,""
"PFOS","idw__ind_tierweighted__10km","raw","detect","A_anydetect",0.01168011916903,0.00541250916689554,0.0309289179694582,6314,3500,0.360785555907507,"**"
"PFOS","idw__ind_tierweighted__10km","raw","tobit","A_anydetect",0.0255157499279599,0.0152907599620927,0.0951760869480024,6314,3500,0.360785555907507,"*"
"PFOS","idw__ind_tierweighted__10km","cov","detect","A_anydetect",0.0102482786052776,0.00524776176459768,0.050833147344535,6314,3500,0.360785555907507,"*"
"PFOS","idw__ind_tierweighted__10km","cov","tobit","A_anydetect",0.0222922569526392,0.0143869143378478,0.121266026305977,6314,3500,0.360785555907507,""
"PFOA","idw__ind_tierweighted__10km","raw","detect","A_anydetect",0.0349715992010867,0.00517347791708482,1.38196517595228e-11,6314,3500,0.354450427621159,"***"
"PFOA","idw__ind_tierweighted__10km","raw","tobit","A_anydetect",0.0665746498773437,0.0113289434674679,4.19006039433819e-09,6314,3500,0.354450427621159,"***"
"PFOA","idw__ind_tierweighted__10km","cov","detect","A_anydetect",0.0187385277406906,0.00481542120570311,9.9684730777379e-05,6314,3500,0.354450427621159,"***"
"PFOA","idw__ind_tierweighted__10km","cov","tobit","A_anydetect",0.03193692288755,0.0105313322055371,0.00242486894788239,6314,3500,0.354450427621159,"***"
"PFHxS","idw__ind_tierweighted__10km","raw","detect","A_anydetect",0.0118716093323946,0.00657555940884607,0.0710098668922788,6314,3500,0.276369971491923,"*"
"PFHxS","idw__ind_tierweighted__10km","raw","tobit","A_anydetect",0.0133932759159375,0.0195879850235816,0.494133329653897,6314,3500,0.276369971491923,""
"PFHxS","idw__ind_tierweighted__10km","cov","detect","A_anydetect",0.010714363081352,0.0056506056987212,0.0579409826099899,6314,3500,0.276369971491923,"*"
"PFHxS","idw__ind_tierweighted__10km","cov","tobit","A_anydetect",0.00976851391242624,0.0149288308834308,0.51289352669294,6314,3500,0.276369971491923,""
"PFBS","idw__ind_tierweighted__10km","raw","detect","A_anydetect",-0.00433768293223648,0.00591802772663234,0.463582277048201,6314,3500,0.452011403230915,""
"PFBS","idw__ind_tierweighted__10km","raw","tobit","A_anydetect",-0.0254104023812858,0.0124295907517935,0.0409192329916254,6314,3500,0.452011403230915,"**"
"PFBS","idw__ind_tierweighted__10km","cov","detect","A_anydetect",-0.000456438825074024,0.00544135398374831,0.933149203335331,6314,3500,0.452011403230915,""
"PFBS","idw__ind_tierweighted__10km","cov","tobit","A_anydetect",-0.0180127221757925,0.0111039451870064,0.104762415181705,6314,3500,0.452011403230915,""
"PFHxA","idw__ind_tierweighted__10km","raw","detect","A_anydetect",0.0413671456143111,0.00511595499106153,6.17023338668539e-16,6314,3500,0.465473550839405,"***"
"PFHxA","idw__ind_tierweighted__10km","raw","tobit","A_anydetect",0.05395405161822,0.00958462775776238,1.81018349906702e-08,6314,3500,0.465473550839405,"***"
"PFHxA","idw__ind_tierweighted__10km","cov","detect","A_anydetect",0.0376884879413918,0.00505815798379362,9.26141505294117e-14,6314,3500,0.465473550839405,"***"
"PFHxA","idw__ind_tierweighted__10km","cov","tobit","A_anydetect",0.040392713574944,0.00919659940430093,1.12242546425607e-05,6314,3500,0.465473550839405,"***"
"PFPeA","idw__ind_tierweighted__10km","raw","detect","A_anydetect",0.0414706668701731,0.00520874489280877,1.69638140288051e-15,6314,3500,0.541019955654102,"***"
"PFPeA","idw__ind_tierweighted__10km","raw","tobit","A_anydetect",0.0666222264855541,0.010842124880736,8.00858502812355e-10,6314,3500,0.541019955654102,"***"
"PFPeA","idw__ind_tierweighted__10km","cov","detect","A_anydetect",0.0336029364787858,0.00499354339663143,1.70508243596641e-11,6314,3500,0.541019955654102,"***"
"PFPeA","idw__ind_tierweighted__10km","cov","tobit","A_anydetect",0.0450392851608379,0.00989032710489828,5.26673717418511e-06,6314,3500,0.541019955654102,"***"
"PFBA","idw__ind_tierweighted__10km","raw","detect","A_anydetect",-0.00539312486716585,0.00618466273832832,0.38319964859045,6314,3500,0.432689261957555,""
"PFBA","idw__ind_tierweighted__10km","raw","tobit","A_anydetect",-0.00583523551852969,0.0118037151535217,0.621054895525203,6314,3500,0.432689261957555,""
"PFBA","idw__ind_tierweighted__10km","cov","detect","A_anydetect",-0.0026619661704183,0.0051379824879198,0.604391563150139,6314,3500,0.432689261957555,""
"PFBA","idw__ind_tierweighted__10km","cov","tobit","A_anydetect",-0.00891597197182436,0.0100236732239179,0.373738997928979,6314,3500,0.432689261957555,""
"PFHpA","idw__ind_tierweighted__10km","raw","detect","A_anydetect",0.00321352454056608,0.0038831301729571,0.407919534514698,6314,3500,0.13588850174216,""
"PFHpA","idw__ind_tierweighted__10km","raw","tobit","A_anydetect",0.00999764755755792,0.0151512509515732,0.509346085372706,6314,3500,0.13588850174216,""
"PFHpA","idw__ind_tierweighted__10km","cov","detect","A_anydetect",-0.0018763996128343,0.00394800245276816,0.634588674745768,6314,3500,0.13588850174216,""
"PFHpA","idw__ind_tierweighted__10km","cov","tobit","A_anydetect",-0.0105110980643637,0.0146512393115093,0.473114731800023,6314,3500,0.13588850174216,""
"PFOS","idw__ind_tierweighted__25km","raw","detect","A_anydetect",0.0124009838741205,0.00519016374412974,0.016879399634598,6314,3500,0.360785555907507,"**"
"PFOS","idw__ind_tierweighted__25km","raw","tobit","A_anydetect",0.0221211631881053,0.0153691969021233,0.150060418665621,6314,3500,0.360785555907507,""
"PFOS","idw__ind_tierweighted__25km","cov","detect","A_anydetect",0.0112440818633011,0.00490721483382969,0.0219439426121315,6314,3500,0.360785555907507,"**"
"PFOS","idw__ind_tierweighted__25km","cov","tobit","A_anydetect",0.0199556697548073,0.0136497690554376,0.143747084253406,6314,3500,0.360785555907507,""
"PFOA","idw__ind_tierweighted__25km","raw","detect","A_anydetect",0.0347869583165591,0.00483054202974166,5.95709222232524e-13,6314,3500,0.354450427621159,"***"
"PFOA","idw__ind_tierweighted__25km","raw","tobit","A_anydetect",0.0647941126859169,0.0116284135101191,2.51757747342127e-08,6314,3500,0.354450427621159,"***"
"PFOA","idw__ind_tierweighted__25km","cov","detect","A_anydetect",0.0195281522514658,0.00445579309649743,1.17247935814805e-05,6314,3500,0.354450427621159,"***"
"PFOA","idw__ind_tierweighted__25km","cov","tobit","A_anydetect",0.0326842255734499,0.0104280450663043,0.00172286940526609,6314,3500,0.354450427621159,"***"
"PFHxS","idw__ind_tierweighted__25km","raw","detect","A_anydetect",0.00483269474776343,0.00791845570091094,0.541657975320217,6314,3500,0.276369971491923,""
"PFHxS","idw__ind_tierweighted__25km","raw","tobit","A_anydetect",-0.00668306160550072,0.0238045098598989,0.778903913282324,6314,3500,0.276369971491923,""
"PFHxS","idw__ind_tierweighted__25km","cov","detect","A_anydetect",0.00433793207497587,0.005788183642406,0.453588330565047,6314,3500,0.276369971491923,""
"PFHxS","idw__ind_tierweighted__25km","cov","tobit","A_anydetect",-0.00549623348453348,0.0152261497138008,0.71811940797125,6314,3500,0.276369971491923,""
"PFBS","idw__ind_tierweighted__25km","raw","detect","A_anydetect",0.00454931025409485,0.005567617255309,0.413870236624462,6314,3500,0.452011403230915,""
"PFBS","idw__ind_tierweighted__25km","raw","tobit","A_anydetect",-0.00806155672079962,0.0127070292390491,0.525808648608435,6314,3500,0.452011403230915,""
"PFBS","idw__ind_tierweighted__25km","cov","detect","A_anydetect",0.00794393971112621,0.00512641725551961,0.121235513560308,6314,3500,0.452011403230915,""
"PFBS","idw__ind_tierweighted__25km","cov","tobit","A_anydetect",0.000671325920297765,0.0107752436667646,0.950321841429615,6314,3500,0.452011403230915,""
"PFHxA","idw__ind_tierweighted__25km","raw","detect","A_anydetect",0.0415633817030875,0.00567514491880858,2.41123341433475e-13,6314,3500,0.465473550839405,"***"
"PFHxA","idw__ind_tierweighted__25km","raw","tobit","A_anydetect",0.0527142342036037,0.0109698362544888,1.54457684256542e-06,6314,3500,0.465473550839405,"***"
"PFHxA","idw__ind_tierweighted__25km","cov","detect","A_anydetect",0.0381103547463517,0.00491236533576178,8.62480784420724e-15,6314,3500,0.465473550839405,"***"
"PFHxA","idw__ind_tierweighted__25km","cov","tobit","A_anydetect",0.0418900618265683,0.0091212442329705,4.37795458757983e-06,6314,3500,0.465473550839405,"***"
"PFPeA","idw__ind_tierweighted__25km","raw","detect","A_anydetect",0.0409428878174794,0.00585850072380335,2.7758545607142e-12,6314,3500,0.541019955654102,"***"
"PFPeA","idw__ind_tierweighted__25km","raw","tobit","A_anydetect",0.0681692048772952,0.012527890885766,5.28649004707118e-08,6314,3500,0.541019955654102,"***"
"PFPeA","idw__ind_tierweighted__25km","cov","detect","A_anydetect",0.0344540484111059,0.00490406321212372,2.13129014984468e-12,6314,3500,0.541019955654102,"***"
"PFPeA","idw__ind_tierweighted__25km","cov","tobit","A_anydetect",0.0523564284914288,0.010052070192344,1.90350810588055e-07,6314,3500,0.541019955654102,"***"
"PFBA","idw__ind_tierweighted__25km","raw","detect","A_anydetect",-0.00726399098446985,0.00634048527410768,0.25193908402601,6314,3500,0.432689261957555,""
"PFBA","idw__ind_tierweighted__25km","raw","tobit","A_anydetect",-0.010169282682434,0.0117806290021492,0.388016140752905,6314,3500,0.432689261957555,""
"PFBA","idw__ind_tierweighted__25km","cov","detect","A_anydetect",-0.00459177179929603,0.00495879020851215,0.354453099829463,6314,3500,0.432689261957555,""
"PFBA","idw__ind_tierweighted__25km","cov","tobit","A_anydetect",-0.0103775064092887,0.00960880599118148,0.280142368387763,6314,3500,0.432689261957555,""
"PFHpA","idw__ind_tierweighted__25km","raw","detect","A_anydetect",0.000748404248023309,0.00411131151209621,0.855554942454201,6314,3500,0.13588850174216,""
"PFHpA","idw__ind_tierweighted__25km","raw","tobit","A_anydetect",0.00136952974367739,0.016319658128163,0.933120815821551,6314,3500,0.13588850174216,""
"PFHpA","idw__ind_tierweighted__25km","cov","detect","A_anydetect",-0.00307558395130399,0.00379128788224919,0.417237010592592,6314,3500,0.13588850174216,""
"PFHpA","idw__ind_tierweighted__25km","cov","tobit","A_anydetect",-0.0139153859109431,0.0141674101260072,0.325995914960153,6314,3500,0.13588850174216,""
"PFOS","nearest_km","raw","detect","A_anydetect",2.10325607615541e-05,1.0178707774894e-05,0.0387974091429413,6314,3500,0.360785555907507,"**"
"PFOS","nearest_km","raw","tobit","A_anydetect",8.98826926867807e-05,1.99257939839704e-05,6.45618777722082e-06,6314,3500,0.360785555907507,"***"
"PFOS","nearest_km","cov","detect","A_anydetect",1.43590318675013e-05,1.66252601817427e-05,0.387759500749773,6314,3500,0.360785555907507,""
"PFOS","nearest_km","cov","tobit","A_anydetect",7.62838972558823e-05,3.56495350704345e-05,0.0323686152446013,6314,3500,0.360785555907507,"**"
"PFOA","nearest_km","raw","detect","A_anydetect",-4.45851872401559e-05,5.46824458406867e-06,3.53617809968929e-16,6314,3500,0.354450427621159,"***"
"PFOA","nearest_km","raw","tobit","A_anydetect",-0.000108552747299498,2.18134876130772e-05,6.47760681182936e-07,6314,3500,0.354450427621159,"***"
"PFOA","nearest_km","cov","detect","A_anydetect",-5.23234496605737e-05,1.02288469765524e-05,3.13270486644926e-07,6314,3500,0.354450427621159,"***"
"PFOA","nearest_km","cov","tobit","A_anydetect",-0.000128409791367526,2.42297014167122e-05,1.16002479706986e-07,6314,3500,0.354450427621159,"***"
"PFHxS","nearest_km","raw","detect","A_anydetect",9.6489604407642e-05,8.70263187519423e-06,1.44416431186612e-28,6314,3500,0.276369971491923,"***"
"PFHxS","nearest_km","raw","tobit","A_anydetect",0.000218983587382788,1.25397116474712e-05,2.73146137073386e-68,6314,3500,0.276369971491923,"***"
"PFHxS","nearest_km","cov","detect","A_anydetect",8.50071858070702e-05,1.71569045262279e-05,7.24447725500943e-07,6314,3500,0.276369971491923,"***"
"PFHxS","nearest_km","cov","tobit","A_anydetect",0.00018458698791396,3.74561815135761e-05,8.30424232577058e-07,6314,3500,0.276369971491923,"***"
"PFBS","nearest_km","raw","detect","A_anydetect",1.00238035870691e-05,5.13245642502332e-06,0.0508169127809744,6314,3500,0.452011403230915,"*"
"PFBS","nearest_km","raw","tobit","A_anydetect",1.8345663787474e-05,7.28271779051438e-06,0.0117665817775243,6314,3500,0.452011403230915,"**"
"PFBS","nearest_km","cov","detect","A_anydetect",8.22608219440635e-06,1.26745599649381e-05,0.51632344555908,6314,3500,0.452011403230915,""
"PFBS","nearest_km","cov","tobit","A_anydetect",-1.98525904876827e-05,2.72596833238336e-05,0.466444261128568,6314,3500,0.452011403230915,""
"PFHxA","nearest_km","raw","detect","A_anydetect",2.33514373503161e-05,6.17827059779749e-06,0.000157075822593301,6314,3500,0.465473550839405,"***"
"PFHxA","nearest_km","raw","tobit","A_anydetect",5.894661693626e-05,1.55047924689804e-05,0.000143630080715264,6314,3500,0.465473550839405,"***"
"PFHxA","nearest_km","cov","detect","A_anydetect",1.35169675141251e-05,1.18559057406696e-05,0.254242906963493,6314,3500,0.465473550839405,""
"PFHxA","nearest_km","cov","tobit","A_anydetect",3.2066376952003e-05,2.53832658996712e-05,0.206485672564136,6314,3500,0.465473550839405,""
"PFPeA","nearest_km","raw","detect","A_anydetect",2.53531750945014e-05,9.85484150011028e-06,0.0100919746970376,6314,3500,0.541019955654102,"**"
"PFPeA","nearest_km","raw","tobit","A_anydetect",6.00067982860499e-05,1.75360217385834e-05,0.000621814568437019,6314,3500,0.541019955654102,"***"
"PFPeA","nearest_km","cov","detect","A_anydetect",1.70553599983581e-05,1.37399717615619e-05,0.214496744049005,6314,3500,0.541019955654102,""
"PFPeA","nearest_km","cov","tobit","A_anydetect",2.36454579422842e-05,2.76336328178287e-05,0.392176587508691,6314,3500,0.541019955654102,""
"PFBA","nearest_km","raw","detect","A_anydetect",-5.23026600377649e-05,2.27012758892837e-06,1.87336322560748e-117,6314,3500,0.432689261957555,"***"
"PFBA","nearest_km","raw","tobit","A_anydetect",-0.000122819016149302,1.7198522543599e-05,9.24833406341694e-13,6314,3500,0.432689261957555,"***"
"PFBA","nearest_km","cov","detect","A_anydetect",-3.07659493387724e-05,9.50407191911575e-06,0.0012073692663708,6314,3500,0.432689261957555,"***"
"PFBA","nearest_km","cov","tobit","A_anydetect",-0.000108834224528365,2.97445997814985e-05,0.000253243393115243,6314,3500,0.432689261957555,"***"
"PFHpA","nearest_km","raw","detect","A_anydetect",3.35117747104433e-05,6.78326302763338e-06,7.79776760448262e-07,6314,3500,0.13588850174216,"***"
"PFHpA","nearest_km","raw","tobit","A_anydetect",9.84694953335699e-05,2.0120610241012e-05,9.88260937354367e-07,6314,3500,0.13588850174216,"***"
"PFHpA","nearest_km","cov","detect","A_anydetect",2.20174509292061e-05,1.16458817338655e-05,0.0586806633773906,6314,3500,0.13588850174216,"*"
"PFHpA","nearest_km","cov","tobit","A_anydetect",7.11948919399901e-05,3.31116852464993e-05,0.0315438247545209,6314,3500,0.13588850174216,"**"
"PFOS","nearest_pre2002_km","raw","detect","A_anydetect",1.96183686738435e-05,9.84478571148284e-06,0.046286915854815,6314,3500,0.360785555907507,"**"
"PFOS","nearest_pre2002_km","raw","tobit","A_anydetect",8.58993950084927e-05,1.93986103592002e-05,9.50575475799584e-06,6314,3500,0.360785555907507,"***"
"PFOS","nearest_pre2002_km","cov","detect","A_anydetect",1.28941955864925e-05,1.6171009336121e-05,0.425239125825278,6314,3500,0.360785555907507,""
"PFOS","nearest_pre2002_km","cov","tobit","A_anydetect",7.21488643175895e-05,3.47331505395768e-05,0.0377800121478593,6314,3500,0.360785555907507,"**"
"PFOA","nearest_pre2002_km","raw","detect","A_anydetect",-4.49674685099893e-05,6.46951116925016e-06,3.63542928709169e-12,6314,3500,0.354450427621159,"***"
"PFOA","nearest_pre2002_km","raw","tobit","A_anydetect",-0.00011105003540425,2.59035289835275e-05,1.81051753538196e-05,6314,3500,0.354450427621159,"***"
"PFOA","nearest_pre2002_km","cov","detect","A_anydetect",-5.25810515693354e-05,1.0079593196595e-05,1.82252264612224e-07,6314,3500,0.354450427621159,"***"
"PFOA","nearest_pre2002_km","cov","tobit","A_anydetect",-0.000129381407002999,2.5146331470311e-05,2.67320747083325e-07,6314,3500,0.354450427621159,"***"
"PFHxS","nearest_pre2002_km","raw","detect","A_anydetect",9.38030568289015e-05,8.5021296560815e-06,2.65204850390532e-28,6314,3500,0.276369971491923,"***"
"PFHxS","nearest_pre2002_km","raw","tobit","A_anydetect",0.000213276696871119,1.20651988261045e-05,6.30473403706933e-70,6314,3500,0.276369971491923,"***"
"PFHxS","nearest_pre2002_km","cov","detect","A_anydetect",8.27804134760651e-05,1.66709895425253e-05,6.85112697187194e-07,6314,3500,0.276369971491923,"***"
"PFHxS","nearest_pre2002_km","cov","tobit","A_anydetect",0.000180303753401338,3.63482802347445e-05,7.03307930000411e-07,6314,3500,0.276369971491923,"***"
"PFBS","nearest_pre2002_km","raw","detect","A_anydetect",9.12251308063166e-06,5.05195382276488e-06,0.0709590237960087,6314,3500,0.452011403230915,"*"
"PFBS","nearest_pre2002_km","raw","tobit","A_anydetect",1.70788277358903e-05,7.35832862941964e-06,0.0202857657761908,6314,3500,0.452011403230915,"**"
"PFBS","nearest_pre2002_km","cov","detect","A_anydetect",6.9667714956748e-06,1.2386777521122e-05,0.573818892927464,6314,3500,0.452011403230915,""
"PFBS","nearest_pre2002_km","cov","tobit","A_anydetect",-2.07761500789434e-05,2.65970447258914e-05,0.434717182808389,6314,3500,0.452011403230915,""
"PFHxA","nearest_pre2002_km","raw","detect","A_anydetect",2.16421800275668e-05,6.75625076341035e-06,0.0013587061457439,6314,3500,0.465473550839405,"***"
"PFHxA","nearest_pre2002_km","raw","tobit","A_anydetect",5.60633526360685e-05,1.49255600736123e-05,0.00017251451348338,6314,3500,0.465473550839405,"***"
"PFHxA","nearest_pre2002_km","cov","detect","A_anydetect",1.1903022783785e-05,1.1713588385669e-05,0.309547396148288,6314,3500,0.465473550839405,""
"PFHxA","nearest_pre2002_km","cov","tobit","A_anydetect",2.9887721527156e-05,2.46540741536075e-05,0.225403967394307,6314,3500,0.465473550839405,""
"PFPeA","nearest_pre2002_km","raw","detect","A_anydetect",2.32430039922436e-05,1.05288807839596e-05,0.0272758353774845,6314,3500,0.541019955654102,"**"
"PFPeA","nearest_pre2002_km","raw","tobit","A_anydetect",5.65016681528468e-05,1.73092351483459e-05,0.00109754334707453,6314,3500,0.541019955654102,"***"
"PFPeA","nearest_pre2002_km","cov","detect","A_anydetect",1.49763687106146e-05,1.36959611474437e-05,0.274179609392073,6314,3500,0.541019955654102,""
"PFPeA","nearest_pre2002_km","cov","tobit","A_anydetect",2.0997271358925e-05,2.69852717983427e-05,0.436509377402915,6314,3500,0.541019955654102,""
"PFBA","nearest_pre2002_km","raw","detect","A_anydetect",-5.05609408036284e-05,2.2589334493859e-06,5.80739752272479e-111,6314,3500,0.432689261957555,"***"
"PFBA","nearest_pre2002_km","raw","tobit","A_anydetect",-0.000119181674488263,1.6996551081752e-05,2.34751633977833e-12,6314,3500,0.432689261957555,"***"
"PFBA","nearest_pre2002_km","cov","detect","A_anydetect",-2.98277226444814e-05,9.25184612107586e-06,0.00126424338497524,6314,3500,0.432689261957555,"***"
"PFBA","nearest_pre2002_km","cov","tobit","A_anydetect",-0.00010600467996216,2.89427440200182e-05,0.000249702407882854,6314,3500,0.432689261957555,"***"
"PFHpA","nearest_pre2002_km","raw","detect","A_anydetect",3.23069741245729e-05,6.56483451998478e-06,8.60077769504252e-07,6314,3500,0.13588850174216,"***"
"PFHpA","nearest_pre2002_km","raw","tobit","A_anydetect",9.5075138953119e-05,1.94400022587333e-05,1.00480109536169e-06,6314,3500,0.13588850174216,"***"
"PFHpA","nearest_pre2002_km","cov","detect","A_anydetect",2.1183878470108e-05,1.13212094771469e-05,0.061321877317681,6314,3500,0.13588850174216,"*"
"PFHpA","nearest_pre2002_km","cov","tobit","A_anydetect",6.85708304771709e-05,3.21886788103978e-05,0.033148678589981,6314,3500,0.13588850174216,"**"
"PFOS","within_5km","raw","detect","A_anydetect",0.00972932507699199,0.0186674370130152,0.602232793534514,6314,3500,0.360785555907507,""
"PFOS","within_5km","raw","tobit","A_anydetect",-0.00295952881929797,0.0489642606975854,0.951803104809989,6314,3500,0.360785555907507,""
"PFOS","within_5km","cov","detect","A_anydetect",-0.00301375037419852,0.0178261531469262,0.865746759176867,6314,3500,0.360785555907507,""
"PFOS","within_5km","cov","tobit","A_anydetect",-0.0411763311460952,0.0447924302335909,0.35795443764335,6314,3500,0.360785555907507,""
"PFOA","within_5km","raw","detect","A_anydetect",0.0646112017295806,0.0189454539994991,0.000648723702792415,6314,3500,0.354450427621159,"***"
"PFOA","within_5km","raw","tobit","A_anydetect",0.135238869848041,0.0431059042859845,0.00170474913597789,6314,3500,0.354450427621159,"***"
"PFOA","within_5km","cov","detect","A_anydetect",0.017379683476868,0.016791931444744,0.300667953601724,6314,3500,0.354450427621159,""
"PFOA","within_5km","cov","tobit","A_anydetect",0.0346320844884433,0.0373942564056612,0.354376454586293,6314,3500,0.354450427621159,""
"PFHxS","within_5km","raw","detect","A_anydetect",0.0293838655234047,0.0208440159786386,0.158627488303389,6314,3500,0.276369971491923,""
"PFHxS","within_5km","raw","tobit","A_anydetect",0.0373069060914894,0.0653022699604377,0.567799215381896,6314,3500,0.276369971491923,""
"PFHxS","within_5km","cov","detect","A_anydetect",0.0203751004195188,0.0179337400080563,0.255901218899049,6314,3500,0.276369971491923,""
"PFHxS","within_5km","cov","tobit","A_anydetect",0.0064121300206616,0.0484727273657602,0.894760253737417,6314,3500,0.276369971491923,""
"PFBS","within_5km","raw","detect","A_anydetect",-0.0254608059121764,0.0187956825796567,0.17554207752268,6314,3500,0.452011403230915,""
"PFBS","within_5km","raw","tobit","A_anydetect",-0.0783666216831486,0.0398494944264654,0.0492333798597623,6314,3500,0.452011403230915,"**"
"PFBS","within_5km","cov","detect","A_anydetect",-0.00740232167998555,0.0180981875012679,0.682533051995778,6314,3500,0.452011403230915,""
"PFBS","within_5km","cov","tobit","A_anydetect",-0.0481625662010242,0.035478034499498,0.174612241149089,6314,3500,0.452011403230915,""
"PFHxA","within_5km","raw","detect","A_anydetect",0.061687643654221,0.0177962441706785,0.000527616526664405,6314,3500,0.465473550839405,"***"
"PFHxA","within_5km","raw","tobit","A_anydetect",0.0819987807936095,0.0339568927244136,0.0157442639633061,6314,3500,0.465473550839405,"**"
"PFHxA","within_5km","cov","detect","A_anydetect",0.0554201163255402,0.0170220069202918,0.00113076500975845,6314,3500,0.465473550839405,"***"
"PFHxA","within_5km","cov","tobit","A_anydetect",0.0559627080715314,0.0310508175791047,0.0714991323900873,6314,3500,0.465473550839405,"*"
"PFPeA","within_5km","raw","detect","A_anydetect",0.0657921189057284,0.0180303979463208,0.000263308753456554,6314,3500,0.541019955654102,"***"
"PFPeA","within_5km","raw","tobit","A_anydetect",0.118403282115768,0.0379146236640538,0.0017908333351517,6314,3500,0.541019955654102,"***"
"PFPeA","within_5km","cov","detect","A_anydetect",0.0499193056306866,0.0172218877208076,0.00374836790444856,6314,3500,0.541019955654102,"***"
"PFPeA","within_5km","cov","tobit","A_anydetect",0.0730998728155292,0.0347751097520052,0.0355467467862171,6314,3500,0.541019955654102,"**"
"PFBA","within_5km","raw","detect","A_anydetect",-0.0325977743989288,0.0207043936519081,0.115386333143086,6314,3500,0.432689261957555,""
"PFBA","within_5km","raw","tobit","A_anydetect",-0.0148273134772521,0.0432820018400356,0.731918530488923,6314,3500,0.432689261957555,""
"PFBA","within_5km","cov","detect","A_anydetect",-0.00550485725236927,0.0180324180921065,0.760156257905403,6314,3500,0.432689261957555,""
"PFBA","within_5km","cov","tobit","A_anydetect",0.0127910570682637,0.0374703007355032,0.732828662443715,6314,3500,0.432689261957555,""
"PFHpA","within_5km","raw","detect","A_anydetect",0.00493467696704362,0.0140297165368502,0.725040504708025,6314,3500,0.13588850174216,""
"PFHpA","within_5km","raw","tobit","A_anydetect",0.0132470172017054,0.0541975393910098,0.80690477317068,6314,3500,0.13588850174216,""
"PFHpA","within_5km","cov","detect","A_anydetect",-0.00631705765476238,0.0128893124201489,0.624062828602159,6314,3500,0.13588850174216,""
"PFHpA","within_5km","cov","tobit","A_anydetect",-0.0395709287443804,0.0473972260057456,0.403786076207001,6314,3500,0.13588850174216,""
"PFOS","within_10km","raw","detect","A_anydetect",0.0434879275936245,0.0231137563366291,0.0599074923436227,6314,3500,0.360785555907507,"*"
"PFOS","within_10km","raw","tobit","A_anydetect",0.0514632126498095,0.0662191764025838,0.437061549789633,6314,3500,0.360785555907507,""
"PFOS","within_10km","cov","detect","A_anydetect",0.0384333179275832,0.021052658386804,0.0679135089260018,6314,3500,0.360785555907507,"*"
"PFOS","within_10km","cov","tobit","A_anydetect",0.0326934747679921,0.0565540847136661,0.563201878635233,6314,3500,0.360785555907507,""
"PFOA","within_10km","raw","detect","A_anydetect",0.132164086627162,0.0199596047258568,3.55383556644335e-11,6314,3500,0.354450427621159,"***"
"PFOA","within_10km","raw","tobit","A_anydetect",0.260137251733211,0.0528229736030448,8.44902544968041e-07,6314,3500,0.354450427621159,"***"
"PFOA","within_10km","cov","detect","A_anydetect",0.0712930924097837,0.0184659250051648,0.000113020163776782,6314,3500,0.354450427621159,"***"
"PFOA","within_10km","cov","tobit","A_anydetect",0.12689244332752,0.0431555459905258,0.00327840867754339,6314,3500,0.354450427621159,"***"
"PFHxS","within_10km","raw","detect","A_anydetect",0.018482668108826,0.0318326436942995,0.561496621052216,6314,3500,0.276369971491923,""
"PFHxS","within_10km","raw","tobit","A_anydetect",-0.0193972883201067,0.102121004399055,0.849352888258253,6314,3500,0.276369971491923,""
"PFHxS","within_10km","cov","detect","A_anydetect",0.0108351331395301,0.0221240773489074,0.624315094041495,6314,3500,0.276369971491923,""
"PFHxS","within_10km","cov","tobit","A_anydetect",-0.0330773955896567,0.0610334410678166,0.587849314032409,6314,3500,0.276369971491923,""
"PFBS","within_10km","raw","detect","A_anydetect",0.034917665609014,0.0231349461270525,0.13122112535588,6314,3500,0.452011403230915,""
"PFBS","within_10km","raw","tobit","A_anydetect",-0.0170039085655999,0.0539005488705592,0.752406199982922,6314,3500,0.452011403230915,""
"PFBS","within_10km","cov","detect","A_anydetect",0.0498674012840842,0.0220749422883417,0.0238830843389918,6314,3500,0.452011403230915,"**"
"PFBS","within_10km","cov","tobit","A_anydetect",0.0189048577146781,0.0447310216847785,0.67256220036284,6314,3500,0.452011403230915,""
"PFHxA","within_10km","raw","detect","A_anydetect",0.123785274870557,0.0233529431905306,1.15404742359521e-07,6314,3500,0.465473550839405,"***"
"PFHxA","within_10km","raw","tobit","A_anydetect",0.159801017939102,0.0481805557646768,0.000910835192463563,6314,3500,0.465473550839405,"***"
"PFHxA","within_10km","cov","detect","A_anydetect",0.109455240235001,0.0211689843756978,2.3340907458585e-07,6314,3500,0.465473550839405,"***"
"PFHxA","within_10km","cov","tobit","A_anydetect",0.125113114314789,0.0400511897956866,0.00178513470155137,6314,3500,0.465473550839405,"***"
"PFPeA","within_10km","raw","detect","A_anydetect",0.128466257852076,0.0240677924978037,9.41416291125153e-08,6314,3500,0.541019955654102,"***"
"PFPeA","within_10km","raw","tobit","A_anydetect",0.217696888645027,0.0524107856494053,3.27190920897915e-05,6314,3500,0.541019955654102,"***"
"PFPeA","within_10km","cov","detect","A_anydetect",0.102322162194062,0.021568007583544,2.09369320497662e-06,6314,3500,0.541019955654102,"***"
"PFPeA","within_10km","cov","tobit","A_anydetect",0.167411173096229,0.0434444441863698,0.000116463087661527,6314,3500,0.541019955654102,"***"
"PFBA","within_10km","raw","detect","A_anydetect",-0.0517084981817217,0.0265274568556678,0.0512662383672578,6314,3500,0.432689261957555,"*"
"PFBA","within_10km","raw","tobit","A_anydetect",-0.0243938616966775,0.0462653347317463,0.598013027991112,6314,3500,0.432689261957555,""
"PFBA","within_10km","cov","detect","A_anydetect",-0.0307426804029781,0.0207280866207498,0.138036885084085,6314,3500,0.432689261957555,""
"PFBA","within_10km","cov","tobit","A_anydetect",-0.0115393513142085,0.0387572851149654,0.765906392475948,6314,3500,0.432689261957555,""
"PFHpA","within_10km","raw","detect","A_anydetect",0.0085187879423885,0.0176941759979648,0.63019964303412,6314,3500,0.13588850174216,""
"PFHpA","within_10km","raw","tobit","A_anydetect",0.0162376238976077,0.07056377927471,0.818004173091362,6314,3500,0.13588850174216,""
"PFHpA","within_10km","cov","detect","A_anydetect",-0.00255472314941396,0.0146631269115612,0.86168650237602,6314,3500,0.13588850174216,""
"PFHpA","within_10km","cov","tobit","A_anydetect",-0.035487263579445,0.05542328992898,0.52198073512217,6314,3500,0.13588850174216,""
"PFOS","idw__ind_all_equal__5km","raw","detect","B_all",0.0112897244347496,0.00177199053191844,1.87542197898031e-10,26223,10143,0.0868703046943523,"***"
"PFOS","idw__ind_all_equal__5km","raw","tobit","B_all",0.0909218077366296,0.0136254408605301,2.50721594963776e-11,26223,10143,0.0868703046943523,"***"
"PFOS","idw__ind_all_equal__5km","cov","detect","B_all",0.00811022901681072,0.00169484363076987,1.70785402753483e-06,26223,10143,0.0868703046943523,"***"
"PFOS","idw__ind_all_equal__5km","cov","tobit","B_all",0.0647400834437522,0.0133612848541039,1.26389534495033e-06,26223,10143,0.0868703046943523,"***"
"PFOA","idw__ind_all_equal__5km","raw","detect","B_all",0.01521965721419,0.0018722598936481,4.3273850976862e-16,26223,10143,0.0853449262098158,"***"
"PFOA","idw__ind_all_equal__5km","raw","tobit","B_all",0.100054835977021,0.0111001184839058,1.9894135108139e-19,26223,10143,0.0853449262098158,"***"
"PFOA","idw__ind_all_equal__5km","cov","detect","B_all",0.00916581219205902,0.00165502857406148,3.0566685671057e-08,26223,10143,0.0853449262098158,"***"
"PFOA","idw__ind_all_equal__5km","cov","tobit","B_all",0.0570256969368841,0.00971827228412034,4.4139118949697e-09,26223,10143,0.0853449262098158,"***"
"PFHxS","idw__ind_all_equal__5km","raw","detect","B_all",0.00935269534225412,0.00154430152866991,1.39320639089654e-09,26222,10143,0.0665471741285943,"***"
"PFHxS","idw__ind_all_equal__5km","raw","tobit","B_all",0.0799379768698006,0.0135941624159642,4.09482863594416e-09,26222,10143,0.0665471741285943,"***"
"PFHxS","idw__ind_all_equal__5km","cov","detect","B_all",0.00652638900318557,0.00171298031994094,0.000138988455644104,26222,10143,0.0665471741285943,"***"
"PFHxS","idw__ind_all_equal__5km","cov","tobit","B_all",0.0528184421545499,0.0140838644125125,0.000176636864039068,26222,10143,0.0665471741285943,"***"
"PFBS","idw__ind_all_equal__5km","raw","detect","B_all",0.00779484506650136,0.00205060314662263,0.000143970826353255,26223,10143,0.108835754871678,"***"
"PFBS","idw__ind_all_equal__5km","raw","tobit","B_all",0.0381305509603255,0.0114590034984508,0.000876093171937964,26223,10143,0.108835754871678,"***"
"PFBS","idw__ind_all_equal__5km","cov","detect","B_all",0.00484445617086753,0.00186924914074958,0.00955144211490291,26223,10143,0.108835754871678,"***"
"PFBS","idw__ind_all_equal__5km","cov","tobit","B_all",0.0168578380198697,0.010651204137459,0.113486063981492,26223,10143,0.108835754871678,""
"PFHxA","idw__ind_all_equal__5km","raw","detect","B_all",0.0174053923369582,0.00188639248795369,2.78801556547177e-20,26223,10143,0.112077184151318,"***"
"PFHxA","idw__ind_all_equal__5km","raw","tobit","B_all",0.0908529720850242,0.00936042804577896,2.84079113730469e-22,26223,10143,0.112077184151318,"***"
"PFHxA","idw__ind_all_equal__5km","cov","detect","B_all",0.0119749598718226,0.00184688105793653,8.93918168472855e-11,26223,10143,0.112077184151318,"***"
"PFHxA","idw__ind_all_equal__5km","cov","tobit","B_all",0.0567221829313798,0.00957442186493138,3.13543663821787e-09,26223,10143,0.112077184151318,"***"
"PFPeA","idw__ind_all_equal__5km","raw","detect","B_all",0.0195854944845959,0.00207702446616527,4.11684942838753e-21,26222,10143,0.130272290443139,"***"
"PFPeA","idw__ind_all_equal__5km","raw","tobit","B_all",0.107785856164646,0.0109515403627733,7.4166870295898e-23,26222,10143,0.130272290443139,"***"
"PFPeA","idw__ind_all_equal__5km","cov","detect","B_all",0.0121591635016184,0.00202144328877577,1.79786681379504e-09,26222,10143,0.130272290443139,"***"
"PFPeA","idw__ind_all_equal__5km","cov","tobit","B_all",0.0614169695201184,0.0108283785609413,1.41261312375824e-08,26222,10143,0.130272290443139,"***"
"PFBA","idw__ind_all_equal__5km","raw","detect","B_all",0.0101944802116311,0.00209364748599023,1.12026077628792e-06,26221,10143,0.104191297051981,"***"
"PFBA","idw__ind_all_equal__5km","raw","tobit","B_all",0.0602938945546072,0.0115717699932411,1.88403716830549e-07,26221,10143,0.104191297051981,"***"
"PFBA","idw__ind_all_equal__5km","cov","detect","B_all",0.00612526112544348,0.00178568448109781,0.000603128768908429,26221,10143,0.104191297051981,"***"
"PFBA","idw__ind_all_equal__5km","cov","tobit","B_all",0.0359518041568467,0.00967114493670717,0.00020125973980322,26221,10143,0.104191297051981,"***"
"PFHpA","idw__ind_all_equal__5km","raw","detect","B_all",0.00430890888147788,0.000992316891589877,1.41017425738777e-05,26223,10143,0.0327193684933074,"***"
"PFHpA","idw__ind_all_equal__5km","raw","tobit","B_all",0.0550316729519064,0.0118675257288226,3.53220725688192e-06,26223,10143,0.0327193684933074,"***"
"PFHpA","idw__ind_all_equal__5km","cov","detect","B_all",0.00172534422861443,0.00107268604918386,0.107740259015732,26223,10143,0.0327193684933074,""
"PFHpA","idw__ind_all_equal__5km","cov","tobit","B_all",0.0202773900163993,0.0127717312846909,0.112359290139324,26223,10143,0.0327193684933074,""
"PFOS","idw__ind_all_equal__10km","raw","detect","B_all",0.011074972802219,0.0013601528700269,3.87367740861537e-16,26223,10143,0.0868703046943523,"***"
"PFOS","idw__ind_all_equal__10km","raw","tobit","B_all",0.0913737425632627,0.0112438032129738,4.41547414895746e-16,26223,10143,0.0868703046943523,"***"
"PFOS","idw__ind_all_equal__10km","cov","detect","B_all",0.00862861585423853,0.00132527150082633,7.4737285159769e-11,26223,10143,0.0868703046943523,"***"
"PFOS","idw__ind_all_equal__10km","cov","tobit","B_all",0.0700246903921124,0.0111395467725463,3.25467787309085e-10,26223,10143,0.0868703046943523,"***"
"PFOA","idw__ind_all_equal__10km","raw","detect","B_all",0.0151083481010801,0.00142157510261723,2.21050000919025e-26,26223,10143,0.0853449262098158,"***"
"PFOA","idw__ind_all_equal__10km","raw","tobit","B_all",0.104182450700359,0.00924481524009424,1.86076363136567e-29,26223,10143,0.0853449262098158,"***"
"PFOA","idw__ind_all_equal__10km","cov","detect","B_all",0.0101826229353975,0.00126141346324129,6.89345934845645e-16,26223,10143,0.0853449262098158,"***"
"PFOA","idw__ind_all_equal__10km","cov","tobit","B_all",0.0674821484428007,0.0081328415771662,1.06336601618829e-16,26223,10143,0.0853449262098158,"***"
"PFHxS","idw__ind_all_equal__10km","raw","detect","B_all",0.00849510022678271,0.00128199996661179,3.43871219790974e-11,26222,10143,0.0665471741285943,"***"
"PFHxS","idw__ind_all_equal__10km","raw","tobit","B_all",0.0759337825882189,0.0129295499057692,4.28271005734725e-09,26222,10143,0.0665471741285943,"***"
"PFHxS","idw__ind_all_equal__10km","cov","detect","B_all",0.00616380269942735,0.00140583198204348,1.16278172710679e-05,26222,10143,0.0665471741285943,"***"
"PFHxS","idw__ind_all_equal__10km","cov","tobit","B_all",0.0527943578676708,0.0122609794514648,1.66320039805564e-05,26222,10143,0.0665471741285943,"***"
"PFBS","idw__ind_all_equal__10km","raw","detect","B_all",0.00991878956450986,0.00162926882654594,1.14417125594737e-09,26223,10143,0.108835754871678,"***"
"PFBS","idw__ind_all_equal__10km","raw","tobit","B_all",0.0526821884340922,0.0093099853241837,1.52545426897883e-08,26223,10143,0.108835754871678,"***"
"PFBS","idw__ind_all_equal__10km","cov","detect","B_all",0.0079823014631891,0.00150830368224119,1.20828764909463e-07,26223,10143,0.108835754871678,"***"
"PFBS","idw__ind_all_equal__10km","cov","tobit","B_all",0.0380452651838288,0.00869841837595855,1.22094345583048e-05,26223,10143,0.108835754871678,"***"
"PFHxA","idw__ind_all_equal__10km","raw","detect","B_all",0.0173993187316964,0.00150356242475883,5.70932910793823e-31,26223,10143,0.112077184151318,"***"
"PFHxA","idw__ind_all_equal__10km","raw","tobit","B_all",0.0948942905379014,0.00824373960890719,1.16025369694626e-30,26223,10143,0.112077184151318,"***"
"PFHxA","idw__ind_all_equal__10km","cov","detect","B_all",0.0133561195443997,0.00147413989608454,1.30116659551154e-19,26223,10143,0.112077184151318,"***"
"PFHxA","idw__ind_all_equal__10km","cov","tobit","B_all",0.0681076109973292,0.00830695558493561,2.42666383317158e-16,26223,10143,0.112077184151318,"***"
"PFPeA","idw__ind_all_equal__10km","raw","detect","B_all",0.0193669083730578,0.00165143610861073,9.23435570042346e-32,26222,10143,0.130272290443139,"***"
"PFPeA","idw__ind_all_equal__10km","raw","tobit","B_all",0.111124886225207,0.00958797582064857,4.62993586557218e-31,26222,10143,0.130272290443139,"***"
"PFPeA","idw__ind_all_equal__10km","cov","detect","B_all",0.0137782203357618,0.00162340777445006,2.11637306079483e-17,26222,10143,0.130272290443139,"***"
"PFPeA","idw__ind_all_equal__10km","cov","tobit","B_all",0.0749699890111739,0.00938730294280913,1.39028465973346e-15,26222,10143,0.130272290443139,"***"
"PFBA","idw__ind_all_equal__10km","raw","detect","B_all",0.00938339562484993,0.00155304483070965,1.52276994563846e-09,26221,10143,0.104191297051981,"***"
"PFBA","idw__ind_all_equal__10km","raw","tobit","B_all",0.0584945736071418,0.00950465838712316,7.5407092337997e-10,26221,10143,0.104191297051981,"***"
"PFBA","idw__ind_all_equal__10km","cov","detect","B_all",0.0062472536613377,0.00135443970269343,3.9799517974898e-06,26221,10143,0.104191297051981,"***"
"PFBA","idw__ind_all_equal__10km","cov","tobit","B_all",0.039293965261076,0.00777955699023614,4.39673806808925e-07,26221,10143,0.104191297051981,"***"
"PFHpA","idw__ind_all_equal__10km","raw","detect","B_all",0.00424489741126282,0.000814682779088918,1.88341364222687e-07,26223,10143,0.0327193684933074,"***"
"PFHpA","idw__ind_all_equal__10km","raw","tobit","B_all",0.056787993312327,0.0107186242130023,1.17034781328457e-07,26223,10143,0.0327193684933074,"***"
"PFHpA","idw__ind_all_equal__10km","cov","detect","B_all",0.00212884103095935,0.000867192863756486,0.01409376763437,26223,10143,0.0327193684933074,"**"
"PFHpA","idw__ind_all_equal__10km","cov","tobit","B_all",0.0275671940330677,0.011015799120627,0.0123314668798205,26223,10143,0.0327193684933074,"**"
"PFOS","idw__ind_all_equal__25km","raw","detect","B_all",0.0119552533045617,0.00131171840707377,7.92589139854145e-20,26223,10143,0.0868703046943523,"***"
"PFOS","idw__ind_all_equal__25km","raw","tobit","B_all",0.104909567618857,0.0134434781793353,6.00933044686518e-15,26223,10143,0.0868703046943523,"***"
"PFOS","idw__ind_all_equal__25km","cov","detect","B_all",0.00949757839600817,0.0012605516813417,4.90353304335218e-14,26223,10143,0.0868703046943523,"***"
"PFOS","idw__ind_all_equal__25km","cov","tobit","B_all",0.0825493223798196,0.0126725956863697,7.31741860894781e-11,26223,10143,0.0868703046943523,"***"
"PFOA","idw__ind_all_equal__25km","raw","detect","B_all",0.0163421861031026,0.00125003064109279,4.67118383745983e-39,26223,10143,0.0853449262098158,"***"
"PFOA","idw__ind_all_equal__25km","raw","tobit","B_all",0.125828376192233,0.010457295027076,2.39517806725538e-33,26223,10143,0.0853449262098158,"***"
"PFOA","idw__ind_all_equal__25km","cov","detect","B_all",0.0113556598374288,0.00111860472443224,3.25878789889173e-24,26223,10143,0.0853449262098158,"***"
"PFOA","idw__ind_all_equal__25km","cov","tobit","B_all",0.0861174575128931,0.00907537833640854,2.32967348814441e-21,26223,10143,0.0853449262098158,"***"
"PFHxS","idw__ind_all_equal__25km","raw","detect","B_all",0.00804737753080021,0.00156096938715365,2.53128197965584e-07,26222,10143,0.0665471741285943,"***"
"PFHxS","idw__ind_all_equal__25km","raw","tobit","B_all",0.0745568519526435,0.0194813736722816,0.00012967031494737,26222,10143,0.0665471741285943,"***"
"PFHxS","idw__ind_all_equal__25km","cov","detect","B_all",0.00564285213268115,0.00153345447210328,0.00023338927290428,26222,10143,0.0665471741285943,"***"
"PFHxS","idw__ind_all_equal__25km","cov","tobit","B_all",0.0512302606762932,0.0147886045281653,0.000531867527787755,26222,10143,0.0665471741285943,"***"
"PFBS","idw__ind_all_equal__25km","raw","detect","B_all",0.012285248816108,0.00156388276274245,3.9783979850697e-15,26223,10143,0.108835754871678,"***"
"PFBS","idw__ind_all_equal__25km","raw","tobit","B_all",0.0703662111625037,0.0106359129996521,3.69280507352892e-11,26223,10143,0.108835754871678,"***"
"PFBS","idw__ind_all_equal__25km","cov","detect","B_all",0.0105425960224962,0.0014889317172262,1.43485664607915e-12,26223,10143,0.108835754871678,"***"
"PFBS","idw__ind_all_equal__25km","cov","tobit","B_all",0.0578301591555609,0.00977988606652943,3.35579192225413e-09,26223,10143,0.108835754871678,"***"
"PFHxA","idw__ind_all_equal__25km","raw","detect","B_all",0.0185643630618006,0.00153467804867071,1.10096977180028e-33,26223,10143,0.112077184151318,"***"
"PFHxA","idw__ind_all_equal__25km","raw","tobit","B_all",0.109867208137022,0.0111847940082815,8.97169596930837e-23,26223,10143,0.112077184151318,"***"
"PFHxA","idw__ind_all_equal__25km","cov","detect","B_all",0.0145926287237309,0.00146955820261355,3.08432779553792e-23,26223,10143,0.112077184151318,"***"
"PFHxA","idw__ind_all_equal__25km","cov","tobit","B_all",0.0827300626874746,0.0102572641476274,7.2930991191457e-16,26223,10143,0.112077184151318,"***"
"PFPeA","idw__ind_all_equal__25km","raw","detect","B_all",0.0206065125244104,0.00170546703550416,1.30492053348412e-33,26222,10143,0.130272290443139,"***"
"PFPeA","idw__ind_all_equal__25km","raw","tobit","B_all",0.12822563242853,0.0128964770733889,2.71406177782794e-23,26222,10143,0.130272290443139,"***"
"PFPeA","idw__ind_all_equal__25km","cov","detect","B_all",0.0152339799571802,0.00164880960774975,2.4792761417456e-20,26222,10143,0.130272290443139,"***"
"PFPeA","idw__ind_all_equal__25km","cov","tobit","B_all",0.0927432003297217,0.0115893062284372,1.21937211538348e-15,26222,10143,0.130272290443139,"***"
"PFBA","idw__ind_all_equal__25km","raw","detect","B_all",0.00968165092205755,0.00134311845701408,5.66391762291019e-13,26221,10143,0.104191297051981,"***"
"PFBA","idw__ind_all_equal__25km","raw","tobit","B_all",0.0643971539931187,0.00964981434841822,2.49929276349038e-11,26221,10143,0.104191297051981,"***"
"PFBA","idw__ind_all_equal__25km","cov","detect","B_all",0.00645549385348503,0.00125222816135379,2.53352552019439e-07,26221,10143,0.104191297051981,"***"
"PFBA","idw__ind_all_equal__25km","cov","tobit","B_all",0.0448737345911292,0.0081651014671807,3.8895123116849e-08,26221,10143,0.104191297051981,"***"
"PFHpA","idw__ind_all_equal__25km","raw","detect","B_all",0.00429676351719134,0.000864871076632358,6.76130946754927e-07,26223,10143,0.0327193684933074,"***"
"PFHpA","idw__ind_all_equal__25km","raw","tobit","B_all",0.0615293061169598,0.0142179711901234,1.5076148738643e-05,26223,10143,0.0327193684933074,"***"
"PFHpA","idw__ind_all_equal__25km","cov","detect","B_all",0.00225246423621965,0.000852722309888532,0.00825403058932848,26223,10143,0.0327193684933074,"***"
"PFHpA","idw__ind_all_equal__25km","cov","tobit","B_all",0.03214127133288,0.0123798115088241,0.00942433483772257,26223,10143,0.0327193684933074,"***"
"PFOS","idw__ind_pre2002__5km","raw","detect","B_all",0.0122538528127856,0.00225302472026782,5.36270061400794e-08,26223,10143,0.0868703046943523,"***"
"PFOS","idw__ind_pre2002__5km","raw","tobit","B_all",0.0975228723188113,0.0165136329234662,3.51370512332437e-09,26223,10143,0.0868703046943523,"***"
"PFOS","idw__ind_pre2002__5km","cov","detect","B_all",0.00801326785862286,0.00216276504211052,0.000211304613164721,26223,10143,0.0868703046943523,"***"
"PFOS","idw__ind_pre2002__5km","cov","tobit","B_all",0.0655570140646393,0.0165190257181167,7.23033056527661e-05,26223,10143,0.0868703046943523,"***"
"PFOA","idw__ind_pre2002__5km","raw","detect","B_all",0.0169473301753619,0.00242250322449779,2.63763448817549e-12,26223,10143,0.0853449262098158,"***"
"PFOA","idw__ind_pre2002__5km","raw","tobit","B_all",0.109469312948933,0.0138154276769509,2.30544301119921e-15,26223,10143,0.0853449262098158,"***"
"PFOA","idw__ind_pre2002__5km","cov","detect","B_all",0.00946588023257621,0.00207252614153201,4.94010780929783e-06,26223,10143,0.0853449262098158,"***"
"PFOA","idw__ind_pre2002__5km","cov","tobit","B_all",0.0593274468953096,0.0117614110121044,4.55313933935451e-07,26223,10143,0.0853449262098158,"***"
"PFHxS","idw__ind_pre2002__5km","raw","detect","B_all",0.01080962956343,0.00192610881313419,1.998173126335e-08,26222,10143,0.0665471741285943,"***"
"PFHxS","idw__ind_pre2002__5km","raw","tobit","B_all",0.0898606265866776,0.0153036658311036,4.30993197146971e-09,26222,10143,0.0665471741285943,"***"
"PFHxS","idw__ind_pre2002__5km","cov","detect","B_all",0.00731396841824383,0.00218756866528596,0.000827515152492443,26222,10143,0.0665471741285943,"***"
"PFHxS","idw__ind_pre2002__5km","cov","tobit","B_all",0.0573110525291877,0.0172800988640597,0.000911222997146616,26222,10143,0.0665471741285943,"***"
"PFBS","idw__ind_pre2002__5km","raw","detect","B_all",0.00733119633075076,0.0025870989337478,0.00460050442033778,26223,10143,0.108835754871678,"***"
"PFBS","idw__ind_pre2002__5km","raw","tobit","B_all",0.0340739000627169,0.0143413273971459,0.0175050807668383,26223,10143,0.108835754871678,"**"
"PFBS","idw__ind_pre2002__5km","cov","detect","B_all",0.00317419219039575,0.00231713636849529,0.170725250181431,26223,10143,0.108835754871678,""
"PFBS","idw__ind_pre2002__5km","cov","tobit","B_all",0.00658938126487027,0.0131460597502421,0.61619953508065,26223,10143,0.108835754871678,""
"PFHxA","idw__ind_pre2002__5km","raw","detect","B_all",0.0198455655226078,0.00244752404357451,5.12800355591488e-16,26223,10143,0.112077184151318,"***"
"PFHxA","idw__ind_pre2002__5km","raw","tobit","B_all",0.101767105755748,0.0113668135822586,3.45943313629418e-19,26223,10143,0.112077184151318,"***"
"PFHxA","idw__ind_pre2002__5km","cov","detect","B_all",0.0128351325686822,0.00230758710879989,2.66479741534254e-08,26223,10143,0.112077184151318,"***"
"PFHxA","idw__ind_pre2002__5km","cov","tobit","B_all",0.059124412392677,0.0115352081182698,2.96653161425212e-07,26223,10143,0.112077184151318,"***"
"PFPeA","idw__ind_pre2002__5km","raw","detect","B_all",0.0230542043456288,0.0027138588145177,1.97949419386314e-17,26222,10143,0.130272290443139,"***"
"PFPeA","idw__ind_pre2002__5km","raw","tobit","B_all",0.123580801901505,0.0133812235206077,2.57349658129074e-20,26222,10143,0.130272290443139,"***"
"PFPeA","idw__ind_pre2002__5km","cov","detect","B_all",0.0135014560092802,0.00250885722525454,7.38610209850254e-08,26222,10143,0.130272290443139,"***"
"PFPeA","idw__ind_pre2002__5km","cov","tobit","B_all",0.0647165298932339,0.0130020605246221,6.444216670373e-07,26222,10143,0.130272290443139,"***"
"PFBA","idw__ind_pre2002__5km","raw","detect","B_all",0.0127848480138083,0.00289658298404129,1.01586380018383e-05,26221,10143,0.104191297051981,"***"
"PFBA","idw__ind_pre2002__5km","raw","tobit","B_all",0.0756326366727297,0.0155005035115488,1.06427164341265e-06,26221,10143,0.104191297051981,"***"
"PFBA","idw__ind_pre2002__5km","cov","detect","B_all",0.00781090766681503,0.00229207299817556,0.000654908332864594,26221,10143,0.104191297051981,"***"
"PFBA","idw__ind_pre2002__5km","cov","tobit","B_all",0.0463448056061351,0.0121763313856901,0.000141153267420545,26221,10143,0.104191297051981,"***"
"PFHpA","idw__ind_pre2002__5km","raw","detect","B_all",0.00470186103160598,0.00123071785096528,0.000133223762308132,26223,10143,0.0327193684933074,"***"
"PFHpA","idw__ind_pre2002__5km","raw","tobit","B_all",0.0599853423823558,0.0140154992912665,1.86952913780927e-05,26223,10143,0.0327193684933074,"***"
"PFHpA","idw__ind_pre2002__5km","cov","detect","B_all",0.00132464541875307,0.00131595673699108,0.314125804322391,26223,10143,0.0327193684933074,""
"PFHpA","idw__ind_pre2002__5km","cov","tobit","B_all",0.0162129781906991,0.0154374135817707,0.293608112223618,26223,10143,0.0327193684933074,""
"PFOS","idw__ind_pre2002__10km","raw","detect","B_all",0.0113518608701653,0.00157818968007618,6.33998649053439e-13,26223,10143,0.0868703046943523,"***"
"PFOS","idw__ind_pre2002__10km","raw","tobit","B_all",0.0907616878898354,0.01192762619892,2.75441106210991e-14,26223,10143,0.0868703046943523,"***"
"PFOS","idw__ind_pre2002__10km","cov","detect","B_all",0.00854891660400516,0.00153094566011043,2.34946231436447e-08,26223,10143,0.0868703046943523,"***"
"PFOS","idw__ind_pre2002__10km","cov","tobit","B_all",0.0681892233079073,0.0119456862028801,1.14129085098528e-08,26223,10143,0.0868703046943523,"***"
"PFOA","idw__ind_pre2002__10km","raw","detect","B_all",0.0162450106735153,0.00174502992345045,1.28675081915864e-20,26223,10143,0.0853449262098158,"***"
"PFOA","idw__ind_pre2002__10km","raw","tobit","B_all",0.106911722947638,0.0103585796120606,5.6583400805699e-25,26223,10143,0.0853449262098158,"***"
"PFOA","idw__ind_pre2002__10km","cov","detect","B_all",0.010979046767842,0.00147660991047971,1.0432604511942e-13,26223,10143,0.0853449262098158,"***"
"PFOA","idw__ind_pre2002__10km","cov","tobit","B_all",0.0699536282279617,0.00874436184467996,1.24565650047979e-15,26223,10143,0.0853449262098158,"***"
"PFHxS","idw__ind_pre2002__10km","raw","detect","B_all",0.0090144819252828,0.00138522557732014,7.63653364468144e-11,26222,10143,0.0665471741285943,"***"
"PFHxS","idw__ind_pre2002__10km","raw","tobit","B_all",0.0775955500010533,0.0121082876643064,1.46991034824531e-10,26222,10143,0.0665471741285943,"***"
"PFHxS","idw__ind_pre2002__10km","cov","detect","B_all",0.00645661229620504,0.0015694221095258,3.88850975647003e-05,26222,10143,0.0665471741285943,"***"
"PFHxS","idw__ind_pre2002__10km","cov","tobit","B_all",0.052296106549406,0.0129176016837739,5.15606391463948e-05,26222,10143,0.0665471741285943,"***"
"PFBS","idw__ind_pre2002__10km","raw","detect","B_all",0.00978396286900162,0.00192164900910826,3.55352142130284e-07,26223,10143,0.108835754871678,"***"
"PFBS","idw__ind_pre2002__10km","raw","tobit","B_all",0.0501467577063786,0.0103206146504166,1.18044167890343e-06,26223,10143,0.108835754871678,"***"
"PFBS","idw__ind_pre2002__10km","cov","detect","B_all",0.00747056016927005,0.00170787882860995,1.21892800468554e-05,26223,10143,0.108835754871678,"***"
"PFBS","idw__ind_pre2002__10km","cov","tobit","B_all",0.0337898104316549,0.00934384770893969,0.000298886751456934,26223,10143,0.108835754871678,"***"
"PFHxA","idw__ind_pre2002__10km","raw","detect","B_all",0.0190299821491197,0.0018086590992072,6.86991486557808e-26,26223,10143,0.112077184151318,"***"
"PFHxA","idw__ind_pre2002__10km","raw","tobit","B_all",0.0995296805185676,0.00871209283562002,3.1614371025461e-30,26223,10143,0.112077184151318,"***"
"PFHxA","idw__ind_pre2002__10km","cov","detect","B_all",0.0146667435539113,0.00168802266753881,3.66570209949688e-18,26223,10143,0.112077184151318,"***"
"PFHxA","idw__ind_pre2002__10km","cov","tobit","B_all",0.0710477847086257,0.00864735113412407,2.1017082846687e-16,26223,10143,0.112077184151318,"***"
"PFPeA","idw__ind_pre2002__10km","raw","detect","B_all",0.021569069593938,0.0019816266859651,1.3660562197139e-27,26222,10143,0.130272290443139,"***"
"PFPeA","idw__ind_pre2002__10km","raw","tobit","B_all",0.117786264639689,0.0101602790741989,4.48142304099652e-31,26222,10143,0.130272290443139,"***"
"PFPeA","idw__ind_pre2002__10km","cov","detect","B_all",0.0154591512315257,0.00183947269750823,4.31077852890189e-17,26222,10143,0.130272290443139,"***"
"PFPeA","idw__ind_pre2002__10km","cov","tobit","B_all",0.0784031089712949,0.00974777368109555,8.75358178947382e-16,26222,10143,0.130272290443139,"***"
"PFBA","idw__ind_pre2002__10km","raw","detect","B_all",0.011311702658024,0.00197176752476172,9.64628095347345e-09,26221,10143,0.104191297051981,"***"
"PFBA","idw__ind_pre2002__10km","raw","tobit","B_all",0.0689661273091482,0.011453011530601,1.72638561280486e-09,26221,10143,0.104191297051981,"***"
"PFBA","idw__ind_pre2002__10km","cov","detect","B_all",0.00813754446186807,0.00158896937029884,3.03481403142235e-07,26221,10143,0.104191297051981,"***"
"PFBA","idw__ind_pre2002__10km","cov","tobit","B_all",0.0496104328915336,0.00874164832524287,1.38542422403467e-08,26221,10143,0.104191297051981,"***"
"PFHpA","idw__ind_pre2002__10km","raw","detect","B_all",0.0046174812490554,0.000930202456281368,6.9072674823915e-07,26223,10143,0.0327193684933074,"***"
"PFHpA","idw__ind_pre2002__10km","raw","tobit","B_all",0.0600387604812675,0.0109005084512105,3.63167963979893e-08,26223,10143,0.0327193684933074,"***"
"PFHpA","idw__ind_pre2002__10km","cov","detect","B_all",0.00222612931097925,0.000970666064771641,0.0218247639490135,26223,10143,0.0327193684933074,"**"
"PFHpA","idw__ind_pre2002__10km","cov","tobit","B_all",0.0284101680320702,0.0116356694160251,0.0146205366408074,26223,10143,0.0327193684933074,"**"
"PFOS","idw__ind_pre2002__25km","raw","detect","B_all",0.0113994455776365,0.00125100544842457,8.07079954813204e-20,26223,10143,0.0868703046943523,"***"
"PFOS","idw__ind_pre2002__25km","raw","tobit","B_all",0.0957552262453598,0.0109101595735746,1.68337331546421e-18,26223,10143,0.0868703046943523,"***"
"PFOS","idw__ind_pre2002__25km","cov","detect","B_all",0.00909390226938629,0.00122410921501987,1.09425185298422e-13,26223,10143,0.0868703046943523,"***"
"PFOS","idw__ind_pre2002__25km","cov","tobit","B_all",0.0764578541446312,0.0107226415064855,1.00000985773391e-12,26223,10143,0.0868703046943523,"***"
"PFOA","idw__ind_pre2002__25km","raw","detect","B_all",0.0163707490770777,0.00132287000431064,3.56112993422835e-35,26223,10143,0.0853449262098158,"***"
"PFOA","idw__ind_pre2002__25km","raw","tobit","B_all",0.117202179585166,0.00929707193879489,1.94798326157955e-36,26223,10143,0.0853449262098158,"***"
"PFOA","idw__ind_pre2002__25km","cov","detect","B_all",0.0118006871255218,0.00114682533951496,7.82795310256124e-25,26223,10143,0.0853449262098158,"***"
"PFOA","idw__ind_pre2002__25km","cov","tobit","B_all",0.0833733745928774,0.00800213649136039,2.03313516015616e-25,26223,10143,0.0853449262098158,"***"
"PFHxS","idw__ind_pre2002__25km","raw","detect","B_all",0.0078961363869371,0.00127468710280262,5.84449739810261e-10,26222,10143,0.0665471741285943,"***"
"PFHxS","idw__ind_pre2002__25km","raw","tobit","B_all",0.0714057622260463,0.0138545429958104,2.55042189678024e-07,26222,10143,0.0665471741285943,"***"
"PFHxS","idw__ind_pre2002__25km","cov","detect","B_all",0.00565263923026733,0.00134712787551887,2.71589573469744e-05,26222,10143,0.0665471741285943,"***"
"PFHxS","idw__ind_pre2002__25km","cov","tobit","B_all",0.0491577070445212,0.0123060738246474,6.48065764684558e-05,26222,10143,0.0665471741285943,"***"
"PFBS","idw__ind_pre2002__25km","raw","detect","B_all",0.0120133794388572,0.00154585561802485,7.76562285176814e-15,26223,10143,0.108835754871678,"***"
"PFBS","idw__ind_pre2002__25km","raw","tobit","B_all",0.0668695638375375,0.00917987424695106,3.23186526927955e-13,26223,10143,0.108835754871678,"***"
"PFBS","idw__ind_pre2002__25km","cov","detect","B_all",0.0105498505001107,0.0014223268229384,1.19515654941424e-13,26223,10143,0.108835754871678,"***"
"PFBS","idw__ind_pre2002__25km","cov","tobit","B_all",0.0564414999466784,0.00843245614132446,2.18097446659231e-11,26223,10143,0.108835754871678,"***"
"PFHxA","idw__ind_pre2002__25km","raw","detect","B_all",0.0189381764770025,0.0014590913184154,1.60063278111545e-38,26223,10143,0.112077184151318,"***"
"PFHxA","idw__ind_pre2002__25km","raw","tobit","B_all",0.106313391905903,0.00865430306605996,1.09783087180553e-34,26223,10143,0.112077184151318,"***"
"PFHxA","idw__ind_pre2002__25km","cov","detect","B_all",0.0155121022034779,0.00138913286714673,5.93101801302675e-29,26223,10143,0.112077184151318,"***"
"PFHxA","idw__ind_pre2002__25km","cov","tobit","B_all",0.0831773166896143,0.0083586825278692,2.49641632342387e-23,26223,10143,0.112077184151318,"***"
"PFPeA","idw__ind_pre2002__25km","raw","detect","B_all",0.0212754457816061,0.00160349888310116,3.54270644067414e-40,26222,10143,0.130272290443139,"***"
"PFPeA","idw__ind_pre2002__25km","raw","tobit","B_all",0.124686466717909,0.0100508359158331,2.43736004440226e-35,26222,10143,0.130272290443139,"***"
"PFPeA","idw__ind_pre2002__25km","cov","detect","B_all",0.0165474913557154,0.00153351485780405,3.81438315562132e-27,26222,10143,0.130272290443139,"***"
"PFPeA","idw__ind_pre2002__25km","cov","tobit","B_all",0.0935995343856349,0.00943431692961821,3.36759044529496e-23,26222,10143,0.130272290443139,"***"
"PFBA","idw__ind_pre2002__25km","raw","detect","B_all",0.0108190675695509,0.00144831254004913,8.01221005614598e-14,26221,10143,0.104191297051981,"***"
"PFBA","idw__ind_pre2002__25km","raw","tobit","B_all",0.069836465181163,0.00985232888255274,1.35749263989901e-12,26221,10143,0.104191297051981,"***"
"PFBA","idw__ind_pre2002__25km","cov","detect","B_all",0.0082061024441387,0.00124817411315019,4.88217303436088e-11,26221,10143,0.104191297051981,"***"
"PFBA","idw__ind_pre2002__25km","cov","tobit","B_all",0.0546334944055458,0.00769696000540886,1.26519014659756e-12,26221,10143,0.104191297051981,"***"
"PFHpA","idw__ind_pre2002__25km","raw","detect","B_all",0.00448876443748091,0.000803251458858332,2.29378367761144e-08,26223,10143,0.0327193684933074,"***"
"PFHpA","idw__ind_pre2002__25km","raw","tobit","B_all",0.0622157072319847,0.0112521295450002,3.21623944222518e-08,26223,10143,0.0327193684933074,"***"
"PFHpA","idw__ind_pre2002__25km","cov","detect","B_all",0.00253532258534959,0.000811578977065657,0.00178447920005764,26223,10143,0.0327193684933074,"***"
"PFHpA","idw__ind_pre2002__25km","cov","tobit","B_all",0.035605331001754,0.0109181879998665,0.00110979885315405,26223,10143,0.0327193684933074,"***"
"PFOS","idw__ind_post2002__5km","raw","detect","B_all",0.0140598645806019,0.00238257540997683,3.61041095424929e-09,26223,10143,0.0868703046943523,"***"
"PFOS","idw__ind_post2002__5km","raw","tobit","B_all",0.111467936525757,0.0174985329552861,1.88867566883691e-10,26223,10143,0.0868703046943523,"***"
"PFOS","idw__ind_post2002__5km","cov","detect","B_all",0.0106083285487998,0.00219403342482372,1.33091667032616e-06,26223,10143,0.0868703046943523,"***"
"PFOS","idw__ind_post2002__5km","cov","tobit","B_all",0.0831527618021886,0.0165039041086783,4.69515161630267e-07,26223,10143,0.0868703046943523,"***"
"PFOA","idw__ind_post2002__5km","raw","detect","B_all",0.0179729189614673,0.00255182271094974,1.87915889028883e-12,26223,10143,0.0853449262098158,"***"
"PFOA","idw__ind_post2002__5km","raw","tobit","B_all",0.115303398828451,0.0144787195462738,1.67042535313849e-15,26223,10143,0.0853449262098158,"***"
"PFOA","idw__ind_post2002__5km","cov","detect","B_all",0.0107162706902992,0.00219733106484876,1.07739487718488e-06,26223,10143,0.0853449262098158,"***"
"PFOA","idw__ind_post2002__5km","cov","tobit","B_all",0.0651687130230833,0.012216023725099,9.57073462003488e-08,26223,10143,0.0853449262098158,"***"
"PFHxS","idw__ind_post2002__5km","raw","detect","B_all",0.0113085416230408,0.00201091750884134,1.87047550082454e-08,26222,10143,0.0665471741285943,"***"
"PFHxS","idw__ind_post2002__5km","raw","tobit","B_all",0.0929725745009781,0.0164776652587267,1.67755311668249e-08,26222,10143,0.0665471741285943,"***"
"PFHxS","idw__ind_post2002__5km","cov","detect","B_all",0.00814806429902258,0.00214260868327717,0.000143028876317761,26222,10143,0.0665471741285943,"***"
"PFHxS","idw__ind_post2002__5km","cov","tobit","B_all",0.0625343026381786,0.0170068229124426,0.000235981361220688,26222,10143,0.0665471741285943,"***"
"PFBS","idw__ind_post2002__5km","raw","detect","B_all",0.00795418166829217,0.00266984205451737,0.00288935584945944,26223,10143,0.108835754871678,"***"
"PFBS","idw__ind_post2002__5km","raw","tobit","B_all",0.0364071918941336,0.0148888888238125,0.0144748084829276,26223,10143,0.108835754871678,"**"
"PFBS","idw__ind_post2002__5km","cov","detect","B_all",0.00437361389406522,0.00235090504195983,0.0628295468029402,26223,10143,0.108835754871678,"*"
"PFBS","idw__ind_post2002__5km","cov","tobit","B_all",0.00953191315670224,0.013616724100967,0.483917843538985,26223,10143,0.108835754871678,""
"PFHxA","idw__ind_post2002__5km","raw","detect","B_all",0.0202215074375589,0.00250101982680386,6.20089552666256e-16,26223,10143,0.112077184151318,"***"
"PFHxA","idw__ind_post2002__5km","raw","tobit","B_all",0.103713797098926,0.0119994391278713,5.46503524658866e-18,26223,10143,0.112077184151318,"***"
"PFHxA","idw__ind_post2002__5km","cov","detect","B_all",0.0133242011681318,0.00236557293881454,1.77567253669196e-08,26223,10143,0.112077184151318,"***"
"PFHxA","idw__ind_post2002__5km","cov","tobit","B_all",0.0619983804178904,0.0118489307330951,1.67320484154915e-07,26223,10143,0.112077184151318,"***"
"PFPeA","idw__ind_post2002__5km","raw","detect","B_all",0.0229240770566798,0.00272042718503506,3.5571368643855e-17,26222,10143,0.130272290443139,"***"
"PFPeA","idw__ind_post2002__5km","raw","tobit","B_all",0.123333062252486,0.013787918217167,3.71917074221014e-19,26222,10143,0.130272290443139,"***"
"PFPeA","idw__ind_post2002__5km","cov","detect","B_all",0.0134720598783527,0.00253078275996599,1.01913879477612e-07,26222,10143,0.130272290443139,"***"
"PFPeA","idw__ind_post2002__5km","cov","tobit","B_all",0.0665712158558456,0.0131851481623438,4.44234038434865e-07,26222,10143,0.130272290443139,"***"
"PFBA","idw__ind_post2002__5km","raw","detect","B_all",0.0116486392168314,0.0026951998865273,1.54625010287857e-05,26221,10143,0.104191297051981,"***"
"PFBA","idw__ind_post2002__5km","raw","tobit","B_all",0.0653208303980225,0.0141328006485326,3.8018435320758e-06,26221,10143,0.104191297051981,"***"
"PFBA","idw__ind_post2002__5km","cov","detect","B_all",0.0063302985935461,0.00223165723166162,0.00455979965383943,26221,10143,0.104191297051981,"***"
"PFBA","idw__ind_post2002__5km","cov","tobit","B_all",0.0335356396773172,0.0119451230090402,0.00499314845316362,26221,10143,0.104191297051981,"***"
"PFHpA","idw__ind_post2002__5km","raw","detect","B_all",0.00506387714745554,0.00130835294765302,0.000108647417536476,26223,10143,0.0327193684933074,"***"
"PFHpA","idw__ind_post2002__5km","raw","tobit","B_all",0.0621748338870964,0.0148864374253084,2.95886520623932e-05,26223,10143,0.0327193684933074,"***"
"PFHpA","idw__ind_post2002__5km","cov","detect","B_all",0.00206242819605245,0.00134756924637644,0.125897883941776,26223,10143,0.0327193684933074,""
"PFHpA","idw__ind_post2002__5km","cov","tobit","B_all",0.0214405255821327,0.0154086015404954,0.164084547734863,26223,10143,0.0327193684933074,""
"PFOS","idw__ind_post2002__10km","raw","detect","B_all",0.0125159282742439,0.00165201015677204,3.55874711846185e-14,26223,10143,0.0868703046943523,"***"
"PFOS","idw__ind_post2002__10km","raw","tobit","B_all",0.100629082961997,0.0128517338296993,4.87867830866954e-15,26223,10143,0.0868703046943523,"***"
"PFOS","idw__ind_post2002__10km","cov","detect","B_all",0.00988225435767438,0.00156200922635533,2.50573284817575e-10,26223,10143,0.0868703046943523,"***"
"PFOS","idw__ind_post2002__10km","cov","tobit","B_all",0.0777541287809405,0.0124333872372929,4.00953234081134e-10,26223,10143,0.0868703046943523,"***"
"PFOA","idw__ind_post2002__10km","raw","detect","B_all",0.0166861990569333,0.00176098638852907,2.65525839265163e-21,26223,10143,0.0853449262098158,"***"
"PFOA","idw__ind_post2002__10km","raw","tobit","B_all",0.110938355864281,0.0107177043740675,4.14380414376718e-25,26223,10143,0.0853449262098158,"***"
"PFOA","idw__ind_post2002__10km","cov","detect","B_all",0.0111594204921548,0.00151016703334372,1.47351733259225e-13,26223,10143,0.0853449262098158,"***"
"PFOA","idw__ind_post2002__10km","cov","tobit","B_all",0.0712627519542299,0.00909539312738492,4.68700453858067e-15,26223,10143,0.0853449262098158,"***"
"PFHxS","idw__ind_post2002__10km","raw","detect","B_all",0.00945654095811709,0.00146360773887734,1.03932865719252e-10,26222,10143,0.0665471741285943,"***"
"PFHxS","idw__ind_post2002__10km","raw","tobit","B_all",0.0813735408029128,0.0135025391699286,1.67510829415557e-09,26222,10143,0.0665471741285943,"***"
"PFHxS","idw__ind_post2002__10km","cov","detect","B_all",0.00689949697438026,0.00159953583783361,1.60735999505926e-05,26222,10143,0.0665471741285943,"***"
"PFHxS","idw__ind_post2002__10km","cov","tobit","B_all",0.0558305812651019,0.0133099476469795,2.7329240126874e-05,26222,10143,0.0665471741285943,"***"
"PFBS","idw__ind_post2002__10km","raw","detect","B_all",0.0101723080906386,0.00194744865425925,1.75665016415104e-07,26223,10143,0.108835754871678,"***"
"PFBS","idw__ind_post2002__10km","raw","tobit","B_all",0.0515929252720874,0.0107112786381283,1.4595804924139e-06,26223,10143,0.108835754871678,"***"
"PFBS","idw__ind_post2002__10km","cov","detect","B_all",0.00788830753496487,0.00173634696740774,5.54466322552261e-06,26223,10143,0.108835754871678,"***"
"PFBS","idw__ind_post2002__10km","cov","tobit","B_all",0.033995532685258,0.00982483921227593,0.000539851033348473,26223,10143,0.108835754871678,"***"
"PFHxA","idw__ind_post2002__10km","raw","detect","B_all",0.0192323548789946,0.0017908040339686,6.63970240942658e-27,26223,10143,0.112077184151318,"***"
"PFHxA","idw__ind_post2002__10km","raw","tobit","B_all",0.101959727552829,0.00917962429982002,1.15759262396009e-28,26223,10143,0.112077184151318,"***"
"PFHxA","idw__ind_post2002__10km","cov","detect","B_all",0.014515552787913,0.00169950004121197,1.32981931225544e-17,26223,10143,0.112077184151318,"***"
"PFHxA","idw__ind_post2002__10km","cov","tobit","B_all",0.071971067977866,0.00901153953267963,1.38772875392471e-15,26223,10143,0.112077184151318,"***"
"PFPeA","idw__ind_post2002__10km","raw","detect","B_all",0.0215784806093476,0.00194474475600986,1.31492163098238e-28,26222,10143,0.130272290443139,"***"
"PFPeA","idw__ind_post2002__10km","raw","tobit","B_all",0.12000856797041,0.0105781419542745,7.85646532632427e-30,26222,10143,0.130272290443139,"***"
"PFPeA","idw__ind_post2002__10km","cov","detect","B_all",0.0150570908195775,0.00184279314995205,3.06355892392725e-16,26222,10143,0.130272290443139,"***"
"PFPeA","idw__ind_post2002__10km","cov","tobit","B_all",0.0793978148875308,0.0100925371138528,3.63296855373332e-15,26222,10143,0.130272290443139,"***"
"PFBA","idw__ind_post2002__10km","raw","detect","B_all",0.0102191947103776,0.00184103078432421,2.84364352745337e-08,26221,10143,0.104191297051981,"***"
"PFBA","idw__ind_post2002__10km","raw","tobit","B_all",0.0610334308022607,0.0104244570246455,4.77496239087759e-09,26221,10143,0.104191297051981,"***"
"PFBA","idw__ind_post2002__10km","cov","detect","B_all",0.00658919218525878,0.00155348345287618,2.21972224270603e-05,26221,10143,0.104191297051981,"***"
"PFBA","idw__ind_post2002__10km","cov","tobit","B_all",0.0390013219873276,0.00848280501699254,4.27197561518691e-06,26221,10143,0.104191297051981,"***"
"PFHpA","idw__ind_post2002__10km","raw","detect","B_all",0.00479273682366565,0.000963181963246689,6.49313537370698e-07,26223,10143,0.0327193684933074,"***"
"PFHpA","idw__ind_post2002__10km","raw","tobit","B_all",0.0617272171101661,0.0117700882706589,1.56779710023738e-07,26223,10143,0.0327193684933074,"***"
"PFHpA","idw__ind_post2002__10km","cov","detect","B_all",0.00246242546488231,0.000998968413664638,0.0137025376597322,26223,10143,0.0327193684933074,"**"
"PFHpA","idw__ind_post2002__10km","cov","tobit","B_all",0.0297024874916839,0.0120068439141986,0.0133685851442637,26223,10143,0.0327193684933074,"**"
"PFOS","idw__ind_post2002__25km","raw","detect","B_all",0.0121937786300978,0.0013726879763808,6.49994351140804e-19,26223,10143,0.0868703046943523,"***"
"PFOS","idw__ind_post2002__25km","raw","tobit","B_all",0.103515333081991,0.0128312681116113,7.17944518802553e-16,26223,10143,0.0868703046943523,"***"
"PFOS","idw__ind_post2002__25km","cov","detect","B_all",0.00967651577427343,0.00132070797177235,2.35776283126957e-13,26223,10143,0.0868703046943523,"***"
"PFOS","idw__ind_post2002__25km","cov","tobit","B_all",0.0807141009743806,0.0122695912311283,4.75583908949699e-11,26223,10143,0.0868703046943523,"***"
"PFOA","idw__ind_post2002__25km","raw","detect","B_all",0.016687544005874,0.00135876716414962,1.14027876101987e-34,26223,10143,0.0853449262098158,"***"
"PFOA","idw__ind_post2002__25km","raw","tobit","B_all",0.122354886749332,0.0101866383255082,3.09890840425932e-33,26223,10143,0.0853449262098158,"***"
"PFOA","idw__ind_post2002__25km","cov","detect","B_all",0.0115642400223509,0.00119392001276634,3.46003897342104e-22,26223,10143,0.0853449262098158,"***"
"PFOA","idw__ind_post2002__25km","cov","tobit","B_all",0.0833989744352716,0.00879508978289916,2.48388250264841e-21,26223,10143,0.0853449262098158,"***"
"PFHxS","idw__ind_post2002__25km","raw","detect","B_all",0.0081498547213716,0.00149381318914568,4.87696129205827e-08,26222,10143,0.0665471741285943,"***"
"PFHxS","idw__ind_post2002__25km","raw","tobit","B_all",0.0730704858345298,0.0171930886844721,2.13778346551233e-05,26222,10143,0.0665471741285943,"***"
"PFHxS","idw__ind_post2002__25km","cov","detect","B_all",0.00564812081031638,0.00152865918311078,0.000220042450647764,26222,10143,0.0665471741285943,"***"
"PFHxS","idw__ind_post2002__25km","cov","tobit","B_all",0.0483652493886148,0.0140146288030488,0.000558400562079371,26222,10143,0.0665471741285943,"***"
"PFBS","idw__ind_post2002__25km","raw","detect","B_all",0.0122091671949366,0.00163846874260041,9.22347928522704e-14,26223,10143,0.108835754871678,"***"
"PFBS","idw__ind_post2002__25km","raw","tobit","B_all",0.0672601414755642,0.0102495689928993,5.30050692777594e-11,26223,10143,0.108835754871678,"***"
"PFBS","idw__ind_post2002__25km","cov","detect","B_all",0.0104411713153573,0.00152680877475513,7.99939279291915e-12,26223,10143,0.108835754871678,"***"
"PFBS","idw__ind_post2002__25km","cov","tobit","B_all",0.0540883680510545,0.00943057133257342,9.72660911459256e-09,26223,10143,0.108835754871678,"***"
"PFHxA","idw__ind_post2002__25km","raw","detect","B_all",0.0192089657128689,0.00155293209382082,3.82278338854788e-35,26223,10143,0.112077184151318,"***"
"PFHxA","idw__ind_post2002__25km","raw","tobit","B_all",0.109920584134372,0.0101719457062847,3.21548744090673e-27,26223,10143,0.112077184151318,"***"
"PFHxA","idw__ind_post2002__25km","cov","detect","B_all",0.0151448262989005,0.00148703208061203,2.32314322809768e-24,26223,10143,0.112077184151318,"***"
"PFHxA","idw__ind_post2002__25km","cov","tobit","B_all",0.083055432825695,0.00954298355436008,3.22375008825185e-18,26223,10143,0.112077184151318,"***"
"PFPeA","idw__ind_post2002__25km","raw","detect","B_all",0.0215402186005262,0.00171099847759323,2.41905818708853e-36,26222,10143,0.130272290443139,"***"
"PFPeA","idw__ind_post2002__25km","raw","tobit","B_all",0.129436286230476,0.011752117644547,3.27624704247943e-28,26222,10143,0.130272290443139,"***"
"PFPeA","idw__ind_post2002__25km","cov","detect","B_all",0.0160543061562882,0.00165424670531116,2.87345506129102e-22,26222,10143,0.130272290443139,"***"
"PFPeA","idw__ind_post2002__25km","cov","tobit","B_all",0.094256688305052,0.0107771935777041,2.21166635789778e-18,26222,10143,0.130272290443139,"***"
"PFBA","idw__ind_post2002__25km","raw","detect","B_all",0.0097470665270516,0.00143302813080543,1.03372153351272e-11,26221,10143,0.104191297051981,"***"
"PFBA","idw__ind_post2002__25km","raw","tobit","B_all",0.0627369340110488,0.00954894205241666,5.03016493909083e-11,26221,10143,0.104191297051981,"***"
"PFBA","idw__ind_post2002__25km","cov","detect","B_all",0.00653979087295586,0.00129546738496911,4.45969747949047e-07,26221,10143,0.104191297051981,"***"
"PFBA","idw__ind_post2002__25km","cov","tobit","B_all",0.0437734635508004,0.0079481565424357,3.64227782362956e-08,26221,10143,0.104191297051981,"***"
"PFHpA","idw__ind_post2002__25km","raw","detect","B_all",0.0045640526603756,0.000875741734121029,1.87176192962096e-07,26223,10143,0.0327193684933074,"***"
"PFHpA","idw__ind_post2002__25km","raw","tobit","B_all",0.0632794095028027,0.0132316820940483,1.73200684443702e-06,26223,10143,0.0327193684933074,"***"
"PFHpA","idw__ind_post2002__25km","cov","detect","B_all",0.00248063253031264,0.000874303703924541,0.00455016280535119,26223,10143,0.0327193684933074,"***"
"PFHpA","idw__ind_post2002__25km","cov","tobit","B_all",0.0336508198705513,0.0120581945106625,0.0052593973794018,26223,10143,0.0327193684933074,"***"
"PFOS","idw__ind_tierweighted__5km","raw","detect","B_all",0.0158582755564058,0.00275868248964285,9.00407180157605e-09,26223,10143,0.0868703046943523,"***"
"PFOS","idw__ind_tierweighted__5km","raw","tobit","B_all",0.127634536157057,0.0212784021472175,1.99376790842877e-09,26223,10143,0.0868703046943523,"***"
"PFOS","idw__ind_tierweighted__5km","cov","detect","B_all",0.0110815679265048,0.00246892434281986,7.17535604274771e-06,26223,10143,0.0868703046943523,"***"
"PFOS","idw__ind_tierweighted__5km","cov","tobit","B_all",0.0880391023771719,0.0195205425208927,6.48048421141645e-06,26223,10143,0.0868703046943523,"***"
"PFOA","idw__ind_tierweighted__5km","raw","detect","B_all",0.0213605270632563,0.00287194563339171,1.02492007078197e-13,26223,10143,0.0853449262098158,"***"
"PFOA","idw__ind_tierweighted__5km","raw","tobit","B_all",0.138165522846312,0.016709718384473,1.35572117359376e-16,26223,10143,0.0853449262098158,"***"
"PFOA","idw__ind_tierweighted__5km","cov","detect","B_all",0.0123354965421984,0.00235087298774044,1.54429724063721e-07,26223,10143,0.0853449262098158,"***"
"PFOA","idw__ind_tierweighted__5km","cov","tobit","B_all",0.0745585697511654,0.0138488746585742,7.29588607078806e-08,26223,10143,0.0853449262098158,"***"
"PFHxS","idw__ind_tierweighted__5km","raw","detect","B_all",0.0140356182830789,0.00242832417106556,7.47180758336961e-09,26222,10143,0.0665471741285943,"***"
"PFHxS","idw__ind_tierweighted__5km","raw","tobit","B_all",0.118217727725619,0.0208211581864623,1.36462778260706e-08,26222,10143,0.0665471741285943,"***"
"PFHxS","idw__ind_tierweighted__5km","cov","detect","B_all",0.00978471112879208,0.00256059305526886,0.000132767523495024,26222,10143,0.0665471741285943,"***"
"PFHxS","idw__ind_tierweighted__5km","cov","tobit","B_all",0.0771007479378684,0.0206880734039855,0.000193910011140769,26222,10143,0.0665471741285943,"***"
"PFBS","idw__ind_tierweighted__5km","raw","detect","B_all",0.0121178993337662,0.00327781858709527,0.000218213710538925,26223,10143,0.108835754871678,"***"
"PFBS","idw__ind_tierweighted__5km","raw","tobit","B_all",0.0601472061578536,0.0179559653844042,0.000808973569033176,26223,10143,0.108835754871678,"***"
"PFBS","idw__ind_tierweighted__5km","cov","detect","B_all",0.00776297832916193,0.00273155314104823,0.00448364183608084,26223,10143,0.108835754871678,"***"
"PFBS","idw__ind_tierweighted__5km","cov","tobit","B_all",0.0281750266579144,0.0156976991334485,0.0726774866158392,26223,10143,0.108835754871678,"*"
"PFHxA","idw__ind_tierweighted__5km","raw","detect","B_all",0.0268352374421007,0.00299236737457982,3.0223402240965e-19,26223,10143,0.112077184151318,"***"
"PFHxA","idw__ind_tierweighted__5km","raw","tobit","B_all",0.137514008487267,0.0143791872716134,1.13943522274741e-21,26223,10143,0.112077184151318,"***"
"PFHxA","idw__ind_tierweighted__5km","cov","detect","B_all",0.0188164355736334,0.00272317155992014,4.85507433320917e-12,26223,10143,0.112077184151318,"***"
"PFHxA","idw__ind_tierweighted__5km","cov","tobit","B_all",0.085698812881342,0.013642235811785,3.34514905966644e-10,26223,10143,0.112077184151318,"***"
"PFPeA","idw__ind_tierweighted__5km","raw","detect","B_all",0.029948069983007,0.0032982709734926,1.08644574420316e-19,26222,10143,0.130272290443139,"***"
"PFPeA","idw__ind_tierweighted__5km","raw","tobit","B_all",0.163236090478055,0.0170889585048424,1.27046833291797e-21,26222,10143,0.130272290443139,"***"
"PFPeA","idw__ind_tierweighted__5km","cov","detect","B_all",0.0188378042590315,0.00299385806821995,3.13098559140275e-10,26222,10143,0.130272290443139,"***"
"PFPeA","idw__ind_tierweighted__5km","cov","tobit","B_all",0.092809910891099,0.0156402215003166,2.95545483708937e-09,26222,10143,0.130272290443139,"***"
"PFBA","idw__ind_tierweighted__5km","raw","detect","B_all",0.0151532943037215,0.00321626262623687,2.45947779116529e-06,26221,10143,0.104191297051981,"***"
"PFBA","idw__ind_tierweighted__5km","raw","tobit","B_all",0.0882796689570017,0.017727892228609,6.3681352372617e-07,26221,10143,0.104191297051981,"***"
"PFBA","idw__ind_tierweighted__5km","cov","detect","B_all",0.00830795504408644,0.00253278326281677,0.00103745225789646,26221,10143,0.104191297051981,"***"
"PFBA","idw__ind_tierweighted__5km","cov","tobit","B_all",0.0462098699496751,0.013790558243764,0.000805686151737952,26221,10143,0.104191297051981,"***"
"PFHpA","idw__ind_tierweighted__5km","raw","detect","B_all",0.00576509931747526,0.00148696194523859,0.000105709163903797,26223,10143,0.0327193684933074,"***"
"PFHpA","idw__ind_tierweighted__5km","raw","tobit","B_all",0.0744644950535922,0.017964428149069,3.39653568963984e-05,26223,10143,0.0327193684933074,"***"
"PFHpA","idw__ind_tierweighted__5km","cov","detect","B_all",0.0018916241365877,0.00156332748314158,0.226279412756959,26223,10143,0.0327193684933074,""
"PFHpA","idw__ind_tierweighted__5km","cov","tobit","B_all",0.0243584226610866,0.0186617014423116,0.191803413261196,26223,10143,0.0327193684933074,""
"PFOS","idw__ind_tierweighted__10km","raw","detect","B_all",0.0151902523426081,0.00204985456685548,1.2591437978243e-13,26223,10143,0.0868703046943523,"***"
"PFOS","idw__ind_tierweighted__10km","raw","tobit","B_all",0.123702300808956,0.0166601921585507,1.12760787103681e-13,26223,10143,0.0868703046943523,"***"
"PFOS","idw__ind_tierweighted__10km","cov","detect","B_all",0.0114380079333272,0.0018707381819297,9.70618801820403e-10,26223,10143,0.0868703046943523,"***"
"PFOS","idw__ind_tierweighted__10km","cov","tobit","B_all",0.0915516856607969,0.0155080684591532,3.55896969176503e-09,26223,10143,0.0868703046943523,"***"
"PFOA","idw__ind_tierweighted__10km","raw","detect","B_all",0.0203983234881544,0.00209805766292203,2.41818990902274e-22,26223,10143,0.0853449262098158,"***"
"PFOA","idw__ind_tierweighted__10km","raw","tobit","B_all",0.136744372619326,0.0129972951039209,6.91454265678663e-26,26223,10143,0.0853449262098158,"***"
"PFOA","idw__ind_tierweighted__10km","cov","detect","B_all",0.013004277964107,0.00173627057814584,6.8991179919431e-14,26223,10143,0.0853449262098158,"***"
"PFOA","idw__ind_tierweighted__10km","cov","tobit","B_all",0.0832759714053672,0.0110525120782182,4.89931179179721e-14,26223,10143,0.0853449262098158,"***"
"PFHxS","idw__ind_tierweighted__10km","raw","detect","B_all",0.0123211222131763,0.00194598772659099,2.42707561157213e-10,26222,10143,0.0665471741285943,"***"
"PFHxS","idw__ind_tierweighted__10km","raw","tobit","B_all",0.107294150948153,0.0186029823965969,8.0418895444728e-09,26222,10143,0.0665471741285943,"***"
"PFHxS","idw__ind_tierweighted__10km","cov","detect","B_all",0.00886125459980828,0.00201397886006397,1.08313409379563e-05,26222,10143,0.0665471741285943,"***"
"PFHxS","idw__ind_tierweighted__10km","cov","tobit","B_all",0.0735697808420787,0.0169965549957225,1.50120612427369e-05,26222,10143,0.0665471741285943,"***"
"PFBS","idw__ind_tierweighted__10km","raw","detect","B_all",0.0146107988794493,0.00250481293608569,5.441025345369e-09,26223,10143,0.108835754871678,"***"
"PFBS","idw__ind_tierweighted__10km","raw","tobit","B_all",0.0773291658807501,0.0138964846303547,2.62669047587698e-08,26223,10143,0.108835754871678,"***"
"PFBS","idw__ind_tierweighted__10km","cov","detect","B_all",0.0115368467404068,0.00212153878987058,5.38935474678796e-08,26223,10143,0.108835754871678,"***"
"PFBS","idw__ind_tierweighted__10km","cov","tobit","B_all",0.0547723169474304,0.0121942984336208,7.06790407086432e-06,26223,10143,0.108835754871678,"***"
"PFHxA","idw__ind_tierweighted__10km","raw","detect","B_all",0.025725467744393,0.00229311081410412,3.30501533887876e-29,26223,10143,0.112077184151318,"***"
"PFHxA","idw__ind_tierweighted__10km","raw","tobit","B_all",0.135835678701956,0.011899603540466,3.5132477448886e-30,26223,10143,0.112077184151318,"***"
"PFHxA","idw__ind_tierweighted__10km","cov","detect","B_all",0.0196241356455654,0.00209990379719184,9.16686491582181e-21,26223,10143,0.112077184151318,"***"
"PFHxA","idw__ind_tierweighted__10km","cov","tobit","B_all",0.0949154449531107,0.0111124627552707,1.32661568272396e-17,26223,10143,0.112077184151318,"***"
"PFPeA","idw__ind_tierweighted__10km","raw","detect","B_all",0.0283680438699259,0.00252453618572869,2.68550992874832e-29,26222,10143,0.130272290443139,"***"
"PFPeA","idw__ind_tierweighted__10km","raw","tobit","B_all",0.159538174926382,0.0141510410190276,1.76464880532181e-29,26222,10143,0.130272290443139,"***"
"PFPeA","idw__ind_tierweighted__10km","cov","detect","B_all",0.019899168084383,0.00230669353948596,6.31439570615546e-18,26222,10143,0.130272290443139,"***"
"PFPeA","idw__ind_tierweighted__10km","cov","tobit","B_all",0.104514773479223,0.0127439601550148,2.3815345387629e-16,26222,10143,0.130272290443139,"***"
"PFBA","idw__ind_tierweighted__10km","raw","detect","B_all",0.0137115706196877,0.0023270928503348,3.81212334581993e-09,26221,10143,0.104191297051981,"***"
"PFBA","idw__ind_tierweighted__10km","raw","tobit","B_all",0.0820586171665583,0.0137243725265638,2.2445193966449e-09,26221,10143,0.104191297051981,"***"
"PFBA","idw__ind_tierweighted__10km","cov","detect","B_all",0.00847420844703037,0.00190751034735816,8.88993228097188e-06,26221,10143,0.104191297051981,"***"
"PFBA","idw__ind_tierweighted__10km","cov","tobit","B_all",0.04846538434093,0.010655480781783,5.4055425649153e-06,26221,10143,0.104191297051981,"***"
"PFHpA","idw__ind_tierweighted__10km","raw","detect","B_all",0.00544506631458838,0.0011690950629433,3.20064369025372e-06,26223,10143,0.0327193684933074,"***"
"PFHpA","idw__ind_tierweighted__10km","raw","tobit","B_all",0.072801810076117,0.0152277574605007,1.7454497606405e-06,26223,10143,0.0327193684933074,"***"
"PFHpA","idw__ind_tierweighted__10km","cov","detect","B_all",0.00232420964585365,0.00121726229409363,0.0562137913661201,26223,10143,0.0327193684933074,"*"
"PFHpA","idw__ind_tierweighted__10km","cov","tobit","B_all",0.0319932063660328,0.0154243457320249,0.0380605690202573,26223,10143,0.0327193684933074,"**"
"PFOS","idw__ind_tierweighted__25km","raw","detect","B_all",0.0149845684110091,0.00182865361439921,2.52018915773702e-16,26223,10143,0.0868703046943523,"***"
"PFOS","idw__ind_tierweighted__25km","raw","tobit","B_all",0.125537991757223,0.0170544592424928,1.82528162855294e-13,26223,10143,0.0868703046943523,"***"
"PFOS","idw__ind_tierweighted__25km","cov","detect","B_all",0.0113908609988163,0.00166516489574706,7.88178781348523e-12,26223,10143,0.0868703046943523,"***"
"PFOS","idw__ind_tierweighted__25km","cov","tobit","B_all",0.0944860505968079,0.0154087878080956,8.68036360829759e-10,26223,10143,0.0868703046943523,"***"
"PFOA","idw__ind_tierweighted__25km","raw","detect","B_all",0.0196922229090096,0.001713355105159,1.42445691031487e-30,26223,10143,0.0853449262098158,"***"
"PFOA","idw__ind_tierweighted__25km","raw","tobit","B_all",0.140159808581223,0.0121728763678928,1.12013086427468e-30,26223,10143,0.0853449262098158,"***"
"PFOA","idw__ind_tierweighted__25km","cov","detect","B_all",0.0126615003353012,0.00146799737451921,6.4083888208741e-18,26223,10143,0.0853449262098158,"***"
"PFOA","idw__ind_tierweighted__25km","cov","tobit","B_all",0.0882005810216979,0.010693574686119,1.61070266695034e-16,26223,10143,0.0853449262098158,"***"
"PFHxS","idw__ind_tierweighted__25km","raw","detect","B_all",0.0104548772033671,0.00215733577561544,1.2584966113936e-06,26222,10143,0.0665471741285943,"***"
"PFHxS","idw__ind_tierweighted__25km","raw","tobit","B_all",0.0920942137136978,0.0240791621626564,0.00013096139103023,26222,10143,0.0665471741285943,"***"
"PFHxS","idw__ind_tierweighted__25km","cov","detect","B_all",0.00715636689788013,0.00197697654364473,0.000294769031037129,26222,10143,0.0665471741285943,"***"
"PFHxS","idw__ind_tierweighted__25km","cov","tobit","B_all",0.0617209347316117,0.01786169518507,0.000549290642533515,26222,10143,0.0665471741285943,"***"
"PFBS","idw__ind_tierweighted__25km","raw","detect","B_all",0.0163572554328909,0.0022182176999933,1.65517030709254e-13,26223,10143,0.108835754871678,"***"
"PFBS","idw__ind_tierweighted__25km","raw","tobit","B_all",0.09143985333886,0.0138711746437575,4.33715110131374e-11,26223,10143,0.108835754871678,"***"
"PFBS","idw__ind_tierweighted__25km","cov","detect","B_all",0.0134256390607378,0.0019334851690806,3.81823984939627e-12,26223,10143,0.108835754871678,"***"
"PFBS","idw__ind_tierweighted__25km","cov","tobit","B_all",0.071869300969373,0.0120275641264195,2.29550383417041e-09,26223,10143,0.108835754871678,"***"
"PFHxA","idw__ind_tierweighted__25km","raw","detect","B_all",0.0249543670056282,0.00215759307526661,6.1390654931677e-31,26223,10143,0.112077184151318,"***"
"PFHxA","idw__ind_tierweighted__25km","raw","tobit","B_all",0.137602946827081,0.0134878101557697,1.94185332723241e-24,26223,10143,0.112077184151318,"***"
"PFHxA","idw__ind_tierweighted__25km","cov","detect","B_all",0.0191623126315835,0.00193252912480829,3.55876322307577e-23,26223,10143,0.112077184151318,"***"
"PFHxA","idw__ind_tierweighted__25km","cov","tobit","B_all",0.0987249638843683,0.0115488791134124,1.24757329610835e-17,26223,10143,0.112077184151318,"***"
"PFPeA","idw__ind_tierweighted__25km","raw","detect","B_all",0.0273901615624621,0.00240077840621419,3.77615712819783e-30,26222,10143,0.130272290443139,"***"
"PFPeA","idw__ind_tierweighted__25km","raw","tobit","B_all",0.162337552993802,0.0160580591896863,5.01840277133748e-24,26222,10143,0.130272290443139,"***"
"PFPeA","idw__ind_tierweighted__25km","cov","detect","B_all",0.0196152471376926,0.00214106638701994,5.12102533221489e-20,26222,10143,0.130272290443139,"***"
"PFPeA","idw__ind_tierweighted__25km","cov","tobit","B_all",0.111735472452151,0.0133703102824339,6.43418864306397e-17,26222,10143,0.130272290443139,"***"
"PFBA","idw__ind_tierweighted__25km","raw","detect","B_all",0.0131141981020595,0.0019307422909757,1.10352921014323e-11,26221,10143,0.104191297051981,"***"
"PFBA","idw__ind_tierweighted__25km","raw","tobit","B_all",0.0799780985860781,0.0123649909257829,9.92374658078805e-11,26221,10143,0.104191297051981,"***"
"PFBA","idw__ind_tierweighted__25km","cov","detect","B_all",0.00818797633409597,0.00170496359582135,1.56747945043538e-06,26221,10143,0.104191297051981,"***"
"PFBA","idw__ind_tierweighted__25km","cov","tobit","B_all",0.0479003353391075,0.0100728879696615,1.98080754673895e-06,26221,10143,0.104191297051981,"***"
"PFHpA","idw__ind_tierweighted__25km","raw","detect","B_all",0.00478131236843269,0.00114299203597397,2.87491770166479e-05,26223,10143,0.0327193684933074,"***"
"PFHpA","idw__ind_tierweighted__25km","raw","tobit","B_all",0.0667666644846698,0.0172120933680256,0.000104862854108623,26223,10143,0.0327193684933074,"***"
"PFHpA","idw__ind_tierweighted__25km","cov","detect","B_all",0.00203521086614053,0.00110507014756763,0.0655186236743098,26223,10143,0.0327193684933074,"*"
"PFHpA","idw__ind_tierweighted__25km","cov","tobit","B_all",0.0305121647844571,0.0153692063065509,0.0471134227908136,26223,10143,0.0327193684933074,"**"
"PFOS","nearest_km","raw","detect","B_all",2.79498474757687e-05,1.54092323563592e-05,0.0697027074875099,26223,10143,0.0868703046943523,"*"
"PFOS","nearest_km","raw","tobit","B_all",0.000183467997379566,6.41610799864377e-05,0.00424322154616833,26223,10143,0.0868703046943523,"***"
"PFOS","nearest_km","cov","detect","B_all",2.50318355107929e-05,1.44193231010404e-05,0.0825651759998265,26223,10143,0.0868703046943523,"*"
"PFOS","nearest_km","cov","tobit","B_all",0.000190610465974461,6.43389710202521e-05,0.00305055314332418,26223,10143,0.0868703046943523,"***"
"PFOA","nearest_km","raw","detect","B_all",-8.06979549968365e-06,6.68469844069613e-06,0.227353544119091,26223,10143,0.0853449262098158,""
"PFOA","nearest_km","raw","tobit","B_all",-6.11015845669322e-05,7.35368781543417e-05,0.406031717775645,26223,10143,0.0853449262098158,""
"PFOA","nearest_km","cov","detect","B_all",-1.37226039120366e-05,4.92793002513494e-06,0.00535840687206693,26223,10143,0.0853449262098158,"***"
"PFOA","nearest_km","cov","tobit","B_all",-4.85998829116524e-05,4.65680026017493e-05,0.296655431146167,26223,10143,0.0853449262098158,""
"PFHxS","nearest_km","raw","detect","B_all",6.51769067410844e-05,2.97959458394867e-05,0.0287102646643554,26222,10143,0.0665471741285943,"**"
"PFHxS","nearest_km","raw","tobit","B_all",0.000304531908736087,7.39526179741382e-05,3.82286181772546e-05,26222,10143,0.0665471741285943,"***"
"PFHxS","nearest_km","cov","detect","B_all",5.87915542658648e-05,2.69925181138177e-05,0.0294009350585426,26222,10143,0.0665471741285943,"**"
"PFHxS","nearest_km","cov","tobit","B_all",0.000278820403992946,7.2168203440446e-05,0.000111783091513427,26222,10143,0.0665471741285943,"***"
"PFBS","nearest_km","raw","detect","B_all",2.6126784162585e-05,1.60901965249463e-05,0.104424828684498,26223,10143,0.108835754871678,""
"PFBS","nearest_km","raw","tobit","B_all",0.000108567649167077,5.18782300154714e-05,0.036372366877949,26223,10143,0.108835754871678,"**"
"PFBS","nearest_km","cov","detect","B_all",2.53890315734875e-05,1.37332731516449e-05,0.0644976773972768,26223,10143,0.108835754871678,"*"
"PFBS","nearest_km","cov","tobit","B_all",0.000108211609601986,4.6904873277244e-05,0.0210523635975221,26223,10143,0.108835754871678,"**"
"PFHxA","nearest_km","raw","detect","B_all",3.39994736574621e-05,2.22349462198115e-05,0.126239461481143,26223,10143,0.112077184151318,""
"PFHxA","nearest_km","raw","tobit","B_all",0.000143736589196965,5.60629364011762e-05,0.0103520241255249,26223,10143,0.112077184151318,"**"
"PFHxA","nearest_km","cov","detect","B_all",2.8529148501886e-05,1.64470462349834e-05,0.0828105791578599,26223,10143,0.112077184151318,"*"
"PFHxA","nearest_km","cov","tobit","B_all",0.000138360240019468,4.46371625864098e-05,0.00193739787775051,26223,10143,0.112077184151318,"***"
"PFPeA","nearest_km","raw","detect","B_all",3.85427205515307e-05,2.65035532170794e-05,0.145877757152759,26222,10143,0.130272290443139,""
"PFPeA","nearest_km","raw","tobit","B_all",0.000163950661984413,7.17699876596595e-05,0.0223486044893945,26222,10143,0.130272290443139,"**"
"PFPeA","nearest_km","cov","detect","B_all",3.58409028349807e-05,2.03257501809706e-05,0.0778456961631188,26222,10143,0.130272290443139,"*"
"PFPeA","nearest_km","cov","tobit","B_all",0.000164576129764406,5.56330125147212e-05,0.00309395230999042,26222,10143,0.130272290443139,"***"
"PFBA","nearest_km","raw","detect","B_all",-8.69643201229106e-06,5.62195800489319e-06,0.121894860983651,26221,10143,0.104191297051981,""
"PFBA","nearest_km","raw","tobit","B_all",-6.24227806230701e-05,4.72586403077871e-05,0.18654287673528,26221,10143,0.104191297051981,""
"PFBA","nearest_km","cov","detect","B_all",3.32899841010832e-06,5.52448061432978e-06,0.546781277333245,26221,10143,0.104191297051981,""
"PFBA","nearest_km","cov","tobit","B_all",9.12185572661058e-06,3.37187102218916e-05,0.786754067679465,26221,10143,0.104191297051981,""
"PFHpA","nearest_km","raw","detect","B_all",2.44613549332012e-05,9.97192139560081e-06,0.0141661185986024,26223,10143,0.0327193684933074,"**"
"PFHpA","nearest_km","raw","tobit","B_all",0.000166233157719887,3.54911508062104e-05,2.81616195871885e-06,26223,10143,0.0327193684933074,"***"
"PFHpA","nearest_km","cov","detect","B_all",1.89563944872121e-05,7.99495553640664e-06,0.0177379005158233,26223,10143,0.0327193684933074,"**"
"PFHpA","nearest_km","cov","tobit","B_all",0.000144893564660014,3.6661840507991e-05,7.74479983147821e-05,26223,10143,0.0327193684933074,"***"
"PFOS","nearest_pre2002_km","raw","detect","B_all",2.4959077496113e-05,1.57917611591792e-05,0.113989523570671,26223,10143,0.0868703046943523,""
"PFOS","nearest_pre2002_km","raw","tobit","B_all",0.000168524192428509,6.79414385866457e-05,0.0131222889482138,26223,10143,0.0868703046943523,"**"
"PFOS","nearest_pre2002_km","cov","detect","B_all",2.25510889281374e-05,1.42508716094596e-05,0.113550125280865,26223,10143,0.0868703046943523,""
"PFOS","nearest_pre2002_km","cov","tobit","B_all",0.000176493040621094,6.44613256304941e-05,0.00618201089521388,26223,10143,0.0868703046943523,"***"
"PFOA","nearest_pre2002_km","raw","detect","B_all",-1.04669353980387e-05,7.73335825271316e-06,0.175902761627756,26223,10143,0.0853449262098158,""
"PFOA","nearest_pre2002_km","raw","tobit","B_all",-8.67065294265544e-05,9.79590267923731e-05,0.376086212306657,26223,10143,0.0853449262098158,""
"PFOA","nearest_pre2002_km","cov","detect","B_all",-1.52827596098735e-05,5.04784691802525e-06,0.00246520575500182,26223,10143,0.0853449262098158,"***"
"PFOA","nearest_pre2002_km","cov","tobit","B_all",-6.45213005809412e-05,5.7111091235431e-05,0.258581248125947,26223,10143,0.0853449262098158,""
"PFHxS","nearest_pre2002_km","raw","detect","B_all",6.2021727621412e-05,2.94189537359813e-05,0.035011667326428,26222,10143,0.0665471741285943,"**"
"PFHxS","nearest_pre2002_km","raw","tobit","B_all",0.000291946250654658,7.43428345090162e-05,8.60026555407579e-05,26222,10143,0.0665471741285943,"***"
"PFHxS","nearest_pre2002_km","cov","detect","B_all",5.62216794122835e-05,2.63214753093742e-05,0.0326824853807455,26222,10143,0.0665471741285943,"**"
"PFHxS","nearest_pre2002_km","cov","tobit","B_all",0.000267538540582697,7.06754074049082e-05,0.000153427891955963,26222,10143,0.0665471741285943,"***"
"PFBS","nearest_pre2002_km","raw","detect","B_all",2.28520354704068e-05,1.67222495233524e-05,0.171761796223631,26223,10143,0.108835754871678,""
"PFBS","nearest_pre2002_km","raw","tobit","B_all",9.62428600574854e-05,5.61083017663816e-05,0.0862892913312186,26223,10143,0.108835754871678,"*"
"PFBS","nearest_pre2002_km","cov","detect","B_all",2.25024264787348e-05,1.38205537145017e-05,0.103485538180006,26223,10143,0.108835754871678,""
"PFBS","nearest_pre2002_km","cov","tobit","B_all",9.61989237457689e-05,4.82122752888758e-05,0.046007974986972,26223,10143,0.108835754871678,"**"
"PFHxA","nearest_pre2002_km","raw","detect","B_all",3.02032424141068e-05,2.27381172648127e-05,0.184076097003526,26223,10143,0.112077184151318,""
"PFHxA","nearest_pre2002_km","raw","tobit","B_all",0.000130604210874081,5.97785780277574e-05,0.0289035464554461,26223,10143,0.112077184151318,"**"
"PFHxA","nearest_pre2002_km","cov","detect","B_all",2.57335666176188e-05,1.63593233798997e-05,0.115713851056394,26223,10143,0.112077184151318,""
"PFHxA","nearest_pre2002_km","cov","tobit","B_all",0.000127428005615858,4.52052979020153e-05,0.00481925421663234,26223,10143,0.112077184151318,"***"
"PFPeA","nearest_pre2002_km","raw","detect","B_all",3.40627172429028e-05,2.71376097210164e-05,0.2094116551671,26222,10143,0.130272290443139,""
"PFPeA","nearest_pre2002_km","raw","tobit","B_all",0.000147657964829231,7.67370706783637e-05,0.0543287134653741,26222,10143,0.130272290443139,"*"
"PFPeA","nearest_pre2002_km","cov","detect","B_all",3.24761015279762e-05,2.02205107976184e-05,0.108252601148874,26222,10143,0.130272290443139,""
"PFPeA","nearest_pre2002_km","cov","tobit","B_all",0.000150984140755829,5.66544923316477e-05,0.00769886513326785,26222,10143,0.130272290443139,"***"
"PFBA","nearest_pre2002_km","raw","detect","B_all",-1.04200486952647e-05,6.30207429535129e-06,0.0982430590030084,26221,10143,0.104191297051981,"*"
"PFBA","nearest_pre2002_km","raw","tobit","B_all",-7.84870507205607e-05,5.82484046195547e-05,0.177834031794066,26221,10143,0.104191297051981,""
"PFBA","nearest_pre2002_km","cov","detect","B_all",2.14791427622012e-06,5.56356712802227e-06,0.699446435891978,26221,10143,0.104191297051981,""
"PFBA","nearest_pre2002_km","cov","tobit","B_all",-1.4686862599929e-06,3.66137737097995e-05,0.968003082167587,26221,10143,0.104191297051981,""
"PFHpA","nearest_pre2002_km","raw","detect","B_all",2.2971710376723e-05,9.96102738817625e-06,0.0211017640710915,26223,10143,0.0327193684933074,"**"
"PFHpA","nearest_pre2002_km","raw","tobit","B_all",0.000157723978877337,3.65898642614115e-05,1.62818016931217e-05,26223,10143,0.0327193684933074,"***"
"PFHpA","nearest_pre2002_km","cov","detect","B_all",1.79117702157059e-05,7.81912606726104e-06,0.0219770837644754,26223,10143,0.0327193684933074,"**"
"PFHpA","nearest_pre2002_km","cov","tobit","B_all",0.000137608707425285,3.61120301885483e-05,0.000138626734038999,26223,10143,0.0327193684933074,"***"
"PFOS","within_5km","raw","detect","B_all",0.0302182083313201,0.0059728461128609,4.20876709884511e-07,26223,10143,0.0868703046943523,"***"
"PFOS","within_5km","raw","tobit","B_all",0.24722494290764,0.0553278249577844,7.88195559074229e-06,26223,10143,0.0868703046943523,"***"
"PFOS","within_5km","cov","detect","B_all",0.0184080643360086,0.0056476799695209,0.00111647000367133,26223,10143,0.0868703046943523,"***"
"PFOS","within_5km","cov","tobit","B_all",0.135758413919422,0.0512454791873501,0.00806877383701065,26223,10143,0.0868703046943523,"***"
"PFOA","within_5km","raw","detect","B_all",0.0422017292530107,0.0059408106731587,1.21461477867168e-12,26223,10143,0.0853449262098158,"***"
"PFOA","within_5km","raw","tobit","B_all",0.308502366619117,0.0466472628568606,3.75300276510602e-11,26223,10143,0.0853449262098158,"***"
"PFOA","within_5km","cov","detect","B_all",0.021373559913168,0.00535577129012798,6.5863869212394e-05,26223,10143,0.0853449262098158,"***"
"PFOA","within_5km","cov","tobit","B_all",0.149655318989586,0.0398469847907556,0.000172823044347627,26223,10143,0.0853449262098158,"***"
"PFHxS","within_5km","raw","detect","B_all",0.0281385376911931,0.00581404750174215,1.30002415418883e-06,26222,10143,0.0665471741285943,"***"
"PFHxS","within_5km","raw","tobit","B_all",0.265498298671775,0.0661195920003226,5.93386302568086e-05,26222,10143,0.0665471741285943,"***"
"PFHxS","within_5km","cov","detect","B_all",0.0180775807589315,0.00565131237477524,0.00137987086045366,26222,10143,0.0665471741285943,"***"
"PFHxS","within_5km","cov","tobit","B_all",0.165252475656103,0.056050822190922,0.00319566718430796,26222,10143,0.0665471741285943,"***"
"PFBS","within_5km","raw","detect","B_all",0.029300645482283,0.00681479777773066,1.71136004945011e-05,26223,10143,0.108835754871678,"***"
"PFBS","within_5km","raw","tobit","B_all",0.157583446871151,0.0440990006136136,0.000352373466939402,26223,10143,0.108835754871678,"***"
"PFBS","within_5km","cov","detect","B_all",0.0215220684790657,0.00657417945219112,0.00106139117664211,26223,10143,0.108835754871678,"***"
"PFBS","within_5km","cov","tobit","B_all",0.10818376262222,0.0416314055421035,0.00936022081047989,26223,10143,0.108835754871678,"***"
"PFHxA","within_5km","raw","detect","B_all",0.0501555368116695,0.00647422470338629,9.41212198528041e-15,26223,10143,0.112077184151318,"***"
"PFHxA","within_5km","raw","tobit","B_all",0.286765297452208,0.0413578918342743,4.09827606090437e-12,26223,10143,0.112077184151318,"***"
"PFHxA","within_5km","cov","detect","B_all",0.0333213340854079,0.00619846482544728,7.6268866934414e-08,26223,10143,0.112077184151318,"***"
"PFHxA","within_5km","cov","tobit","B_all",0.17961710545452,0.0387816078598171,3.63021989330505e-06,26223,10143,0.112077184151318,"***"
"PFPeA","within_5km","raw","detect","B_all",0.0569638415221168,0.00713927303055877,1.47593558601903e-15,26222,10143,0.130272290443139,"***"
"PFPeA","within_5km","raw","tobit","B_all",0.3486303810177,0.0472864394366261,1.67162726545968e-13,26222,10143,0.130272290443139,"***"
"PFPeA","within_5km","cov","detect","B_all",0.0354504978043472,0.006838578273662,2.17294852658778e-07,26222,10143,0.130272290443139,"***"
"PFPeA","within_5km","cov","tobit","B_all",0.208998275939914,0.0438281679782369,1.85525831757346e-06,26222,10143,0.130272290443139,"***"
"PFBA","within_5km","raw","detect","B_all",0.0261946015688572,0.00605980690577503,1.5414575485912e-05,26221,10143,0.104191297051981,"***"
"PFBA","within_5km","raw","tobit","B_all",0.181131980752101,0.043283859857421,2.85484516866363e-05,26221,10143,0.104191297051981,"***"
"PFBA","within_5km","cov","detect","B_all",0.0170333755249073,0.00563209790826195,0.00249176739796713,26221,10143,0.104191297051981,"***"
"PFBA","within_5km","cov","tobit","B_all",0.125368605412201,0.0379494973117174,0.000954640660348547,26221,10143,0.104191297051981,"***"
"PFHpA","within_5km","raw","detect","B_all",0.0116702959489194,0.00376526912031814,0.00193874637317617,26223,10143,0.0327193684933074,"***"
"PFHpA","within_5km","raw","tobit","B_all",0.165580705451377,0.0573032312059497,0.00385790357389658,26223,10143,0.0327193684933074,"***"
"PFHpA","within_5km","cov","detect","B_all",0.00449511468025506,0.00352973489649562,0.202840944874647,26223,10143,0.0327193684933074,""
"PFHpA","within_5km","cov","tobit","B_all",0.0528023613276481,0.0509442229337748,0.299981073930196,26223,10143,0.0327193684933074,""
"PFOS","within_10km","raw","detect","B_all",0.0476200768939879,0.00628630708879409,3.58555712773123e-14,26223,10143,0.0868703046943523,"***"
"PFOS","within_10km","raw","tobit","B_all",0.432903712045149,0.0737992594981538,4.46533867582741e-09,26223,10143,0.0868703046943523,"***"
"PFOS","within_10km","cov","detect","B_all",0.033981081719042,0.00565492891834316,1.86546196608782e-09,26223,10143,0.0868703046943523,"***"
"PFOS","within_10km","cov","tobit","B_all",0.304076645064183,0.0630158073464552,1.39720685372721e-06,26223,10143,0.0868703046943523,"***"
"PFOA","within_10km","raw","detect","B_all",0.0630264371846022,0.00520872871412898,1.05408898869528e-33,26223,10143,0.0853449262098158,"***"
"PFOA","within_10km","raw","tobit","B_all",0.5244947033321,0.0538723955745885,2.11993324053052e-22,26223,10143,0.0853449262098158,"***"
"PFOA","within_10km","cov","detect","B_all",0.0381410734763138,0.00472692187374707,7.0932665115861e-16,26223,10143,0.0853449262098158,"***"
"PFOA","within_10km","cov","tobit","B_all",0.315611823780368,0.0457463002766833,5.23046603392908e-12,26223,10143,0.0853449262098158,"***"
"PFHxS","within_10km","raw","detect","B_all",0.0337888830958429,0.00709900389219907,1.93914174080705e-06,26222,10143,0.0665471741285943,"***"
"PFHxS","within_10km","raw","tobit","B_all",0.343666360981562,0.0998496167795625,0.000577772822598164,26222,10143,0.0665471741285943,"***"
"PFHxS","within_10km","cov","detect","B_all",0.0221364295057314,0.00596441626033155,0.000206103123545649,26222,10143,0.0665471741285943,"***"
"PFHxS","within_10km","cov","tobit","B_all",0.227881907005331,0.0685894452351909,0.000892450961783092,26222,10143,0.0665471741285943,"***"
"PFBS","within_10km","raw","detect","B_all",0.0561076693094905,0.00712626690233,3.45239619431754e-15,26223,10143,0.108835754871678,"***"
"PFBS","within_10km","raw","tobit","B_all",0.33975800083299,0.0573254066522725,3.0883640486661e-09,26223,10143,0.108835754871678,"***"
"PFBS","within_10km","cov","detect","B_all",0.0445238245597203,0.00665863546273185,2.2836994629901e-11,26223,10143,0.108835754871678,"***"
"PFBS","within_10km","cov","tobit","B_all",0.26923575633062,0.0507017586635014,1.09513561936618e-07,26223,10143,0.108835754871678,"***"
"PFHxA","within_10km","raw","detect","B_all",0.0737284802490457,0.0067412475176475,7.67641608425686e-28,26223,10143,0.112077184151318,"***"
"PFHxA","within_10km","raw","tobit","B_all",0.472785999180259,0.0569925513171253,1.08060978832973e-16,26223,10143,0.112077184151318,"***"
"PFHxA","within_10km","cov","detect","B_all",0.0524525084344036,0.00607259897560849,5.74204726887839e-18,26223,10143,0.112077184151318,"***"
"PFHxA","within_10km","cov","tobit","B_all",0.332180685821922,0.0487077522014593,9.11210064950934e-12,26223,10143,0.112077184151318,"***"
"PFPeA","within_10km","raw","detect","B_all",0.0829043133478352,0.00750090275220659,2.13008424452123e-28,26222,10143,0.130272290443139,"***"
"PFPeA","within_10km","raw","tobit","B_all",0.564585297525148,0.0651595704345341,4.52876250884155e-18,26222,10143,0.130272290443139,"***"
"PFPeA","within_10km","cov","detect","B_all",0.0563051724903011,0.00678104029697401,1.01238572343123e-16,26222,10143,0.130272290443139,"***"
"PFPeA","within_10km","cov","tobit","B_all",0.389511224113425,0.0549865576196816,1.40301304703978e-12,26222,10143,0.130272290443139,"***"
"PFBA","within_10km","raw","detect","B_all",0.0382608357209899,0.00583313992584944,5.40907208794628e-11,26221,10143,0.104191297051981,"***"
"PFBA","within_10km","raw","tobit","B_all",0.278201764673839,0.0471187510727873,3.54214556107758e-09,26221,10143,0.104191297051981,"***"
"PFBA","within_10km","cov","detect","B_all",0.0233804230637355,0.00541142481295891,1.55628845786158e-05,26221,10143,0.104191297051981,"***"
"PFBA","within_10km","cov","tobit","B_all",0.188768877935016,0.039545667086465,1.81105320546047e-06,26221,10143,0.104191297051981,"***"
"PFHpA","within_10km","raw","detect","B_all",0.0165083797726638,0.00393483444660528,2.7233689704025e-05,26223,10143,0.0327193684933074,"***"
"PFHpA","within_10km","raw","tobit","B_all",0.254791462612115,0.073768613403669,0.000552485321136528,26223,10143,0.0327193684933074,"***"
"PFHpA","within_10km","cov","detect","B_all",0.00826075720354743,0.00340293460777867,0.0152016433597361,26223,10143,0.0327193684933074,"**"
"PFHpA","within_10km","cov","tobit","B_all",0.127747264525252,0.0587896554268204,0.0297837186396062,26223,10143,0.0327193684933074,"**"
